:0200000460009A
:100000004643464200000156000000000101020084
:1000100000000000000000000000000000000000E0
:1000200000000000000000000000000000000000D0
:1000300000000000000000000000000000000000C0
:1000400000000000010406010000000000000000A4
:100050000000800000000000000000000000000020
:100060000000000000000000000000000000000090
:100070000000000000000000000000000000000080
:10008000EB04180AFF1E04320126000000000000E5
:100090000000000000000000000000000000000060
:1000A0000000000000000000000000000000000050
:1000B0000000000000000000000000000000000040
:1000C0000000000000000000000000000000000030
:1000D0000000000000000000000000000000000020
:1000E0000000000000000000000000000000000010
:1000F0000000000000000000000000000000000000
:1001000000000000000000000000000000000000EF
:1001100000000000000000000000000000000000DF
:1001200000000000000000000000000000000000CF
:1001300000000000000000000000000000000000BF
:1001400000000000000000000000000000000000AF
:10015000000000000000000000000000000000009F
:10016000000000000000000000000000000000008F
:10017000000000000000000000000000000000007F
:10018000000000000000000000000000000000006F
:10019000000000000000000000000000000000005F
:1001A000000000000000000000000000000000004F
:1001B000000000000000000000000000000000003F
:1001C000000100000010000001000000000000001D
:1001D000000001000000000000000000000000001E
:1001E000000000000000000000000000000000000F
:1001F00000000000000000000000000000000000FF
:10020000FFFFFFFFFFFFFFFFFFFFFFFFFFFFFFFFFE
:10021000FFFFFFFFFFFFFFFFFFFFFFFFFFFFFFFFEE
:10022000FFFFFFFFFFFFFFFFFFFFFFFFFFFFFFFFDE
:10023000FFFFFFFFFFFFFFFFFFFFFFFFFFFFFFFFCE
:10024000FFFFFFFFFFFFFFFFFFFFFFFFFFFFFFFFBE
:10025000FFFFFFFFFFFFFFFFFFFFFFFFFFFFFFFFAE
:10026000FFFFFFFFFFFFFFFFFFFFFFFFFFFFFFFF9E
:10027000FFFFFFFFFFFFFFFFFFFFFFFFFFFFFFFF8E
:10028000FFFFFFFFFFFFFFFFFFFFFFFFFFFFFFFF7E
:10029000FFFFFFFFFFFFFFFFFFFFFFFFFFFFFFFF6E
:1002A000FFFFFFFFFFFFFFFFFFFFFFFFFFFFFFFF5E
:1002B000FFFFFFFFFFFFFFFFFFFFFFFFFFFFFFFF4E
:1002C000FFFFFFFFFFFFFFFFFFFFFFFFFFFFFFFF3E
:1002D000FFFFFFFFFFFFFFFFFFFFFFFFFFFFFFFF2E
:1002E000FFFFFFFFFFFFFFFFFFFFFFFFFFFFFFFF1E
:1002F000FFFFFFFFFFFFFFFFFFFFFFFFFFFFFFFF0E
:10030000FFFFFFFFFFFFFFFFFFFFFFFFFFFFFFFFFD
:10031000FFFFFFFFFFFFFFFFFFFFFFFFFFFFFFFFED
:10032000FFFFFFFFFFFFFFFFFFFFFFFFFFFFFFFFDD
:10033000FFFFFFFFFFFFFFFFFFFFFFFFFFFFFFFFCD
:10034000FFFFFFFFFFFFFFFFFFFFFFFFFFFFFFFFBD
:10035000FFFFFFFFFFFFFFFFFFFFFFFFFFFFFFFFAD
:10036000FFFFFFFFFFFFFFFFFFFFFFFFFFFFFFFF9D
:10037000FFFFFFFFFFFFFFFFFFFFFFFFFFFFFFFF8D
:10038000FFFFFFFFFFFFFFFFFFFFFFFFFFFFFFFF7D
:10039000FFFFFFFFFFFFFFFFFFFFFFFFFFFFFFFF6D
:1003A000FFFFFFFFFFFFFFFFFFFFFFFFFFFFFFFF5D
:1003B000FFFFFFFFFFFFFFFFFFFFFFFFFFFFFFFF4D
:1003C000FFFFFFFFFFFFFFFFFFFFFFFFFFFFFFFF3D
:1003D000FFFFFFFFFFFFFFFFFFFFFFFFFFFFFFFF2D
:1003E000FFFFFFFFFFFFFFFFFFFFFFFFFFFFFFFF1D
:1003F000FFFFFFFFFFFFFFFFFFFFFFFFFFFFFFFF0D
:10040000FFFFFFFFFFFFFFFFFFFFFFFFFFFFFFFFFC
:10041000FFFFFFFFFFFFFFFFFFFFFFFFFFFFFFFFEC
:10042000FFFFFFFFFFFFFFFFFFFFFFFFFFFFFFFFDC
:10043000FFFFFFFFFFFFFFFFFFFFFFFFFFFFFFFFCC
:10044000FFFFFFFFFFFFFFFFFFFFFFFFFFFFFFFFBC
:10045000FFFFFFFFFFFFFFFFFFFFFFFFFFFFFFFFAC
:10046000FFFFFFFFFFFFFFFFFFFFFFFFFFFFFFFF9C
:10047000FFFFFFFFFFFFFFFFFFFFFFFFFFFFFFFF8C
:10048000FFFFFFFFFFFFFFFFFFFFFFFFFFFFFFFF7C
:10049000FFFFFFFFFFFFFFFFFFFFFFFFFFFFFFFF6C
:1004A000FFFFFFFFFFFFFFFFFFFFFFFFFFFFFFFF5C
:1004B000FFFFFFFFFFFFFFFFFFFFFFFFFFFFFFFF4C
:1004C000FFFFFFFFFFFFFFFFFFFFFFFFFFFFFFFF3C
:1004D000FFFFFFFFFFFFFFFFFFFFFFFFFFFFFFFF2C
:1004E000FFFFFFFFFFFFFFFFFFFFFFFFFFFFFFFF1C
:1004F000FFFFFFFFFFFFFFFFFFFFFFFFFFFFFFFF0C
:10050000FFFFFFFFFFFFFFFFFFFFFFFFFFFFFFFFFB
:10051000FFFFFFFFFFFFFFFFFFFFFFFFFFFFFFFFEB
:10052000FFFFFFFFFFFFFFFFFFFFFFFFFFFFFFFFDB
:10053000FFFFFFFFFFFFFFFFFFFFFFFFFFFFFFFFCB
:10054000FFFFFFFFFFFFFFFFFFFFFFFFFFFFFFFFBB
:10055000FFFFFFFFFFFFFFFFFFFFFFFFFFFFFFFFAB
:10056000FFFFFFFFFFFFFFFFFFFFFFFFFFFFFFFF9B
:10057000FFFFFFFFFFFFFFFFFFFFFFFFFFFFFFFF8B
:10058000FFFFFFFFFFFFFFFFFFFFFFFFFFFFFFFF7B
:10059000FFFFFFFFFFFFFFFFFFFFFFFFFFFFFFFF6B
:1005A000FFFFFFFFFFFFFFFFFFFFFFFFFFFFFFFF5B
:1005B000FFFFFFFFFFFFFFFFFFFFFFFFFFFFFFFF4B
:1005C000FFFFFFFFFFFFFFFFFFFFFFFFFFFFFFFF3B
:1005D000FFFFFFFFFFFFFFFFFFFFFFFFFFFFFFFF2B
:1005E000FFFFFFFFFFFFFFFFFFFFFFFFFFFFFFFF1B
:1005F000FFFFFFFFFFFFFFFFFFFFFFFFFFFFFFFF0B
:10060000FFFFFFFFFFFFFFFFFFFFFFFFFFFFFFFFFA
:10061000FFFFFFFFFFFFFFFFFFFFFFFFFFFFFFFFEA
:10062000FFFFFFFFFFFFFFFFFFFFFFFFFFFFFFFFDA
:10063000FFFFFFFFFFFFFFFFFFFFFFFFFFFFFFFFCA
:10064000FFFFFFFFFFFFFFFFFFFFFFFFFFFFFFFFBA
:10065000FFFFFFFFFFFFFFFFFFFFFFFFFFFFFFFFAA
:10066000FFFFFFFFFFFFFFFFFFFFFFFFFFFFFFFF9A
:10067000FFFFFFFFFFFFFFFFFFFFFFFFFFFFFFFF8A
:10068000FFFFFFFFFFFFFFFFFFFFFFFFFFFFFFFF7A
:10069000FFFFFFFFFFFFFFFFFFFFFFFFFFFFFFFF6A
:1006A000FFFFFFFFFFFFFFFFFFFFFFFFFFFFFFFF5A
:1006B000FFFFFFFFFFFFFFFFFFFFFFFFFFFFFFFF4A
:1006C000FFFFFFFFFFFFFFFFFFFFFFFFFFFFFFFF3A
:1006D000FFFFFFFFFFFFFFFFFFFFFFFFFFFFFFFF2A
:1006E000FFFFFFFFFFFFFFFFFFFFFFFFFFFFFFFF1A
:1006F000FFFFFFFFFFFFFFFFFFFFFFFFFFFFFFFF0A
:10070000FFFFFFFFFFFFFFFFFFFFFFFFFFFFFFFFF9
:10071000FFFFFFFFFFFFFFFFFFFFFFFFFFFFFFFFE9
:10072000FFFFFFFFFFFFFFFFFFFFFFFFFFFFFFFFD9
:10073000FFFFFFFFFFFFFFFFFFFFFFFFFFFFFFFFC9
:10074000FFFFFFFFFFFFFFFFFFFFFFFFFFFFFFFFB9
:10075000FFFFFFFFFFFFFFFFFFFFFFFFFFFFFFFFA9
:10076000FFFFFFFFFFFFFFFFFFFFFFFFFFFFFFFF99
:10077000FFFFFFFFFFFFFFFFFFFFFFFFFFFFFFFF89
:10078000FFFFFFFFFFFFFFFFFFFFFFFFFFFFFFFF79
:10079000FFFFFFFFFFFFFFFFFFFFFFFFFFFFFFFF69
:1007A000FFFFFFFFFFFFFFFFFFFFFFFFFFFFFFFF59
:1007B000FFFFFFFFFFFFFFFFFFFFFFFFFFFFFFFF49
:1007C000FFFFFFFFFFFFFFFFFFFFFFFFFFFFFFFF39
:1007D000FFFFFFFFFFFFFFFFFFFFFFFFFFFFFFFF29
:1007E000FFFFFFFFFFFFFFFFFFFFFFFFFFFFFFFF19
:1007F000FFFFFFFFFFFFFFFFFFFFFFFFFFFFFFFF09
:10080000FFFFFFFFFFFFFFFFFFFFFFFFFFFFFFFFF8
:10081000FFFFFFFFFFFFFFFFFFFFFFFFFFFFFFFFE8
:10082000FFFFFFFFFFFFFFFFFFFFFFFFFFFFFFFFD8
:10083000FFFFFFFFFFFFFFFFFFFFFFFFFFFFFFFFC8
:10084000FFFFFFFFFFFFFFFFFFFFFFFFFFFFFFFFB8
:10085000FFFFFFFFFFFFFFFFFFFFFFFFFFFFFFFFA8
:10086000FFFFFFFFFFFFFFFFFFFFFFFFFFFFFFFF98
:10087000FFFFFFFFFFFFFFFFFFFFFFFFFFFFFFFF88
:10088000FFFFFFFFFFFFFFFFFFFFFFFFFFFFFFFF78
:10089000FFFFFFFFFFFFFFFFFFFFFFFFFFFFFFFF68
:1008A000FFFFFFFFFFFFFFFFFFFFFFFFFFFFFFFF58
:1008B000FFFFFFFFFFFFFFFFFFFFFFFFFFFFFFFF48
:1008C000FFFFFFFFFFFFFFFFFFFFFFFFFFFFFFFF38
:1008D000FFFFFFFFFFFFFFFFFFFFFFFFFFFFFFFF28
:1008E000FFFFFFFFFFFFFFFFFFFFFFFFFFFFFFFF18
:1008F000FFFFFFFFFFFFFFFFFFFFFFFFFFFFFFFF08
:10090000FFFFFFFFFFFFFFFFFFFFFFFFFFFFFFFFF7
:10091000FFFFFFFFFFFFFFFFFFFFFFFFFFFFFFFFE7
:10092000FFFFFFFFFFFFFFFFFFFFFFFFFFFFFFFFD7
:10093000FFFFFFFFFFFFFFFFFFFFFFFFFFFFFFFFC7
:10094000FFFFFFFFFFFFFFFFFFFFFFFFFFFFFFFFB7
:10095000FFFFFFFFFFFFFFFFFFFFFFFFFFFFFFFFA7
:10096000FFFFFFFFFFFFFFFFFFFFFFFFFFFFFFFF97
:10097000FFFFFFFFFFFFFFFFFFFFFFFFFFFFFFFF87
:10098000FFFFFFFFFFFFFFFFFFFFFFFFFFFFFFFF77
:10099000FFFFFFFFFFFFFFFFFFFFFFFFFFFFFFFF67
:1009A000FFFFFFFFFFFFFFFFFFFFFFFFFFFFFFFF57
:1009B000FFFFFFFFFFFFFFFFFFFFFFFFFFFFFFFF47
:1009C000FFFFFFFFFFFFFFFFFFFFFFFFFFFFFFFF37
:1009D000FFFFFFFFFFFFFFFFFFFFFFFFFFFFFFFF27
:1009E000FFFFFFFFFFFFFFFFFFFFFFFFFFFFFFFF17
:1009F000FFFFFFFFFFFFFFFFFFFFFFFFFFFFFFFF07
:100A0000FFFFFFFFFFFFFFFFFFFFFFFFFFFFFFFFF6
:100A1000FFFFFFFFFFFFFFFFFFFFFFFFFFFFFFFFE6
:100A2000FFFFFFFFFFFFFFFFFFFFFFFFFFFFFFFFD6
:100A3000FFFFFFFFFFFFFFFFFFFFFFFFFFFFFFFFC6
:100A4000FFFFFFFFFFFFFFFFFFFFFFFFFFFFFFFFB6
:100A5000FFFFFFFFFFFFFFFFFFFFFFFFFFFFFFFFA6
:100A6000FFFFFFFFFFFFFFFFFFFFFFFFFFFFFFFF96
:100A7000FFFFFFFFFFFFFFFFFFFFFFFFFFFFFFFF86
:100A8000FFFFFFFFFFFFFFFFFFFFFFFFFFFFFFFF76
:100A9000FFFFFFFFFFFFFFFFFFFFFFFFFFFFFFFF66
:100AA000FFFFFFFFFFFFFFFFFFFFFFFFFFFFFFFF56
:100AB000FFFFFFFFFFFFFFFFFFFFFFFFFFFFFFFF46
:100AC000FFFFFFFFFFFFFFFFFFFFFFFFFFFFFFFF36
:100AD000FFFFFFFFFFFFFFFFFFFFFFFFFFFFFFFF26
:100AE000FFFFFFFFFFFFFFFFFFFFFFFFFFFFFFFF16
:100AF000FFFFFFFFFFFFFFFFFFFFFFFFFFFFFFFF06
:100B0000FFFFFFFFFFFFFFFFFFFFFFFFFFFFFFFFF5
:100B1000FFFFFFFFFFFFFFFFFFFFFFFFFFFFFFFFE5
:100B2000FFFFFFFFFFFFFFFFFFFFFFFFFFFFFFFFD5
:100B3000FFFFFFFFFFFFFFFFFFFFFFFFFFFFFFFFC5
:100B4000FFFFFFFFFFFFFFFFFFFFFFFFFFFFFFFFB5
:100B5000FFFFFFFFFFFFFFFFFFFFFFFFFFFFFFFFA5
:100B6000FFFFFFFFFFFFFFFFFFFFFFFFFFFFFFFF95
:100B7000FFFFFFFFFFFFFFFFFFFFFFFFFFFFFFFF85
:100B8000FFFFFFFFFFFFFFFFFFFFFFFFFFFFFFFF75
:100B9000FFFFFFFFFFFFFFFFFFFFFFFFFFFFFFFF65
:100BA000FFFFFFFFFFFFFFFFFFFFFFFFFFFFFFFF55
:100BB000FFFFFFFFFFFFFFFFFFFFFFFFFFFFFFFF45
:100BC000FFFFFFFFFFFFFFFFFFFFFFFFFFFFFFFF35
:100BD000FFFFFFFFFFFFFFFFFFFFFFFFFFFFFFFF25
:100BE000FFFFFFFFFFFFFFFFFFFFFFFFFFFFFFFF15
:100BF000FFFFFFFFFFFFFFFFFFFFFFFFFFFFFFFF05
:100C0000FFFFFFFFFFFFFFFFFFFFFFFFFFFFFFFFF4
:100C1000FFFFFFFFFFFFFFFFFFFFFFFFFFFFFFFFE4
:100C2000FFFFFFFFFFFFFFFFFFFFFFFFFFFFFFFFD4
:100C3000FFFFFFFFFFFFFFFFFFFFFFFFFFFFFFFFC4
:100C4000FFFFFFFFFFFFFFFFFFFFFFFFFFFFFFFFB4
:100C5000FFFFFFFFFFFFFFFFFFFFFFFFFFFFFFFFA4
:100C6000FFFFFFFFFFFFFFFFFFFFFFFFFFFFFFFF94
:100C7000FFFFFFFFFFFFFFFFFFFFFFFFFFFFFFFF84
:100C8000FFFFFFFFFFFFFFFFFFFFFFFFFFFFFFFF74
:100C9000FFFFFFFFFFFFFFFFFFFFFFFFFFFFFFFF64
:100CA000FFFFFFFFFFFFFFFFFFFFFFFFFFFFFFFF54
:100CB000FFFFFFFFFFFFFFFFFFFFFFFFFFFFFFFF44
:100CC000FFFFFFFFFFFFFFFFFFFFFFFFFFFFFFFF34
:100CD000FFFFFFFFFFFFFFFFFFFFFFFFFFFFFFFF24
:100CE000FFFFFFFFFFFFFFFFFFFFFFFFFFFFFFFF14
:100CF000FFFFFFFFFFFFFFFFFFFFFFFFFFFFFFFF04
:100D0000FFFFFFFFFFFFFFFFFFFFFFFFFFFFFFFFF3
:100D1000FFFFFFFFFFFFFFFFFFFFFFFFFFFFFFFFE3
:100D2000FFFFFFFFFFFFFFFFFFFFFFFFFFFFFFFFD3
:100D3000FFFFFFFFFFFFFFFFFFFFFFFFFFFFFFFFC3
:100D4000FFFFFFFFFFFFFFFFFFFFFFFFFFFFFFFFB3
:100D5000FFFFFFFFFFFFFFFFFFFFFFFFFFFFFFFFA3
:100D6000FFFFFFFFFFFFFFFFFFFFFFFFFFFFFFFF93
:100D7000FFFFFFFFFFFFFFFFFFFFFFFFFFFFFFFF83
:100D8000FFFFFFFFFFFFFFFFFFFFFFFFFFFFFFFF73
:100D9000FFFFFFFFFFFFFFFFFFFFFFFFFFFFFFFF63
:100DA000FFFFFFFFFFFFFFFFFFFFFFFFFFFFFFFF53
:100DB000FFFFFFFFFFFFFFFFFFFFFFFFFFFFFFFF43
:100DC000FFFFFFFFFFFFFFFFFFFFFFFFFFFFFFFF33
:100DD000FFFFFFFFFFFFFFFFFFFFFFFFFFFFFFFF23
:100DE000FFFFFFFFFFFFFFFFFFFFFFFFFFFFFFFF13
:100DF000FFFFFFFFFFFFFFFFFFFFFFFFFFFFFFFF03
:100E0000FFFFFFFFFFFFFFFFFFFFFFFFFFFFFFFFF2
:100E1000FFFFFFFFFFFFFFFFFFFFFFFFFFFFFFFFE2
:100E2000FFFFFFFFFFFFFFFFFFFFFFFFFFFFFFFFD2
:100E3000FFFFFFFFFFFFFFFFFFFFFFFFFFFFFFFFC2
:100E4000FFFFFFFFFFFFFFFFFFFFFFFFFFFFFFFFB2
:100E5000FFFFFFFFFFFFFFFFFFFFFFFFFFFFFFFFA2
:100E6000FFFFFFFFFFFFFFFFFFFFFFFFFFFFFFFF92
:100E7000FFFFFFFFFFFFFFFFFFFFFFFFFFFFFFFF82
:100E8000FFFFFFFFFFFFFFFFFFFFFFFFFFFFFFFF72
:100E9000FFFFFFFFFFFFFFFFFFFFFFFFFFFFFFFF62
:100EA000FFFFFFFFFFFFFFFFFFFFFFFFFFFFFFFF52
:100EB000FFFFFFFFFFFFFFFFFFFFFFFFFFFFFFFF42
:100EC000FFFFFFFFFFFFFFFFFFFFFFFFFFFFFFFF32
:100ED000FFFFFFFFFFFFFFFFFFFFFFFFFFFFFFFF22
:100EE000FFFFFFFFFFFFFFFFFFFFFFFFFFFFFFFF12
:100EF000FFFFFFFFFFFFFFFFFFFFFFFFFFFFFFFF02
:100F0000FFFFFFFFFFFFFFFFFFFFFFFFFFFFFFFFF1
:100F1000FFFFFFFFFFFFFFFFFFFFFFFFFFFFFFFFE1
:100F2000FFFFFFFFFFFFFFFFFFFFFFFFFFFFFFFFD1
:100F3000FFFFFFFFFFFFFFFFFFFFFFFFFFFFFFFFC1
:100F4000FFFFFFFFFFFFFFFFFFFFFFFFFFFFFFFFB1
:100F5000FFFFFFFFFFFFFFFFFFFFFFFFFFFFFFFFA1
:100F6000FFFFFFFFFFFFFFFFFFFFFFFFFFFFFFFF91
:100F7000FFFFFFFFFFFFFFFFFFFFFFFFFFFFFFFF81
:100F8000FFFFFFFFFFFFFFFFFFFFFFFFFFFFFFFF71
:100F9000FFFFFFFFFFFFFFFFFFFFFFFFFFFFFFFF61
:100FA000FFFFFFFFFFFFFFFFFFFFFFFFFFFFFFFF51
:100FB000FFFFFFFFFFFFFFFFFFFFFFFFFFFFFFFF41
:100FC000FFFFFFFFFFFFFFFFFFFFFFFFFFFFFFFF31
:100FD000FFFFFFFFFFFFFFFFFFFFFFFFFFFFFFFF21
:100FE000FFFFFFFFFFFFFFFFFFFFFFFFFFFFFFFF11
:100FF000FFFFFFFFFFFFFFFFFFFFFFFFFFFFFFFF01
:10100000D1002043E915006000000000000000004E
:10101000201000600010006000B8046000000000B4
:101020000000006000C4040000000000FFFFFFFF9C
:10103000FFFFFFFFFFFFFFFFFFFFFFFFFFFFFFFFC0
:10104000FFFFFFFFFFFFFFFFFFFFFFFFFFFFFFFFB0
:10105000FFFFFFFFFFFFFFFFFFFFFFFFFFFFFFFFA0
:10106000FFFFFFFFFFFFFFFFFFFFFFFFFFFFFFFF90
:10107000FFFFFFFFFFFFFFFFFFFFFFFFFFFFFFFF80
:10108000FFFFFFFFFFFFFFFFFFFFFFFFFFFFFFFF70
:10109000FFFFFFFFFFFFFFFFFFFFFFFFFFFFFFFF60
:1010A000FFFFFFFFFFFFFFFFFFFFFFFFFFFFFFFF50
:1010B000FFFFFFFFFFFFFFFFFFFFFFFFFFFFFFFF40
:1010C000FFFFFFFFFFFFFFFFFFFFFFFFFFFFFFFF30
:1010D000FFFFFFFFFFFFFFFFFFFFFFFFFFFFFFFF20
:1010E000FFFFFFFFFFFFFFFFFFFFFFFFFFFFFFFF10
:1010F000FFFFFFFFFFFFFFFFFFFFFFFFFFFFFFFF00
:10110000FFFFFFFFFFFFFFFFFFFFFFFFFFFFFFFFEF
:10111000FFFFFFFFFFFFFFFFFFFFFFFFFFFFFFFFDF
:10112000FFFFFFFFFFFFFFFFFFFFFFFFFFFFFFFFCF
:10113000FFFFFFFFFFFFFFFFFFFFFFFFFFFFFFFFBF
:10114000FFFFFFFFFFFFFFFFFFFFFFFFFFFFFFFFAF
:10115000FFFFFFFFFFFFFFFFFFFFFFFFFFFFFFFF9F
:10116000FFFFFFFFFFFFFFFFFFFFFFFFFFFFFFFF8F
:10117000FFFFFFFFFFFFFFFFFFFFFFFFFFFFFFFF7F
:10118000FFFFFFFFFFFFFFFFFFFFFFFFFFFFFFFF6F
:10119000FFFFFFFFFFFFFFFFFFFFFFFFFFFFFFFF5F
:1011A000FFFFFFFFFFFFFFFFFFFFFFFFFFFFFFFF4F
:1011B000FFFFFFFFFFFFFFFFFFFFFFFFFFFFFFFF3F
:1011C000FFFFFFFFFFFFFFFFFFFFFFFFFFFFFFFF2F
:1011D000FFFFFFFFFFFFFFFFFFFFFFFFFFFFFFFF1F
:1011E000FFFFFFFFFFFFFFFFFFFFFFFFFFFFFFFF0F
:1011F000FFFFFFFFFFFFFFFFFFFFFFFFFFFFFFFFFF
:10120000FFFFFFFFFFFFFFFFFFFFFFFFFFFFFFFFEE
:10121000FFFFFFFFFFFFFFFFFFFFFFFFFFFFFFFFDE
:10122000FFFFFFFFFFFFFFFFFFFFFFFFFFFFFFFFCE
:10123000FFFFFFFFFFFFFFFFFFFFFFFFFFFFFFFFBE
:10124000FFFFFFFFFFFFFFFFFFFFFFFFFFFFFFFFAE
:10125000FFFFFFFFFFFFFFFFFFFFFFFFFFFFFFFF9E
:10126000FFFFFFFFFFFFFFFFFFFFFFFFFFFFFFFF8E
:10127000FFFFFFFFFFFFFFFFFFFFFFFFFFFFFFFF7E
:10128000FFFFFFFFFFFFFFFFFFFFFFFFFFFFFFFF6E
:10129000FFFFFFFFFFFFFFFFFFFFFFFFFFFFFFFF5E
:1012A000FFFFFFFFFFFFFFFFFFFFFFFFFFFFFFFF4E
:1012B000FFFFFFFFFFFFFFFFFFFFFFFFFFFFFFFF3E
:1012C000FFFFFFFFFFFFFFFFFFFFFFFFFFFFFFFF2E
:1012D000FFFFFFFFFFFFFFFFFFFFFFFFFFFFFFFF1E
:1012E000FFFFFFFFFFFFFFFFFFFFFFFFFFFFFFFF0E
:1012F000FFFFFFFFFFFFFFFFFFFFFFFFFFFFFFFFFE
:10130000FFFFFFFFFFFFFFFFFFFFFFFFFFFFFFFFED
:10131000FFFFFFFFFFFFFFFFFFFFFFFFFFFFFFFFDD
:10132000FFFFFFFFFFFFFFFFFFFFFFFFFFFFFFFFCD
:10133000FFFFFFFFFFFFFFFFFFFFFFFFFFFFFFFFBD
:10134000FFFFFFFFFFFFFFFFFFFFFFFFFFFFFFFFAD
:10135000FFFFFFFFFFFFFFFFFFFFFFFFFFFFFFFF9D
:10136000FFFFFFFFFFFFFFFFFFFFFFFFFFFFFFFF8D
:10137000FFFFFFFFFFFFFFFFFFFFFFFFFFFFFFFF7D
:10138000FFFFFFFFFFFFFFFFFFFFFFFFFFFFFFFF6D
:10139000FFFFFFFFFFFFFFFFFFFFFFFFFFFFFFFF5D
:1013A000FFFFFFFFFFFFFFFFFFFFFFFFFFFFFFFF4D
:1013B000FFFFFFFFFFFFFFFFFFFFFFFFFFFFFFFF3D
:1013C000FFFFFFFFFFFFFFFFFFFFFFFFFFFFFFFF2D
:1013D000FFFFFFFFFFFFFFFFFFFFFFFFFFFFFFFF1D
:1013E000FFFFFFFFFFFFFFFFFFFFFFFFFFFFFFFF0D
:1013F000FFFFFFFFFFFFFFFFFFFFFFFFFFFFFFFFFD
:10140000824205D051F8043B40F8043B8242F9D8AF
:101410007047044A04494FF0000342F8043B9142EC
:10142000FBD87047C06A0020A081032008B5BFF335
:101430004F8F16F065F8544B082254495448C3F8AE
:101440005421544A544CC3F80021544AC3F8F020A4
:10145000534AFFF7D5FF534A53495448FFF7D0FF8B
:10146000FFF7D7FF4FF0E0234FF47002C3F8882D49
:1014700000234F4A44F823200133B02BFAD14D4BBF
:1014800080214D4A03F8011B9342FBD14FF0E0202D
:101490004A4D4FF0FF32C0F8084DD0F8243D43F4D8
:1014A000E023C0F8243DEB6923F07F0343F04003C1
:1014B000EB616B6A23F07F0343F040036B62404BA8
:1014C0009A66DA661A675A6716F01FF83D4BA363EF
:1014D0003D4BE36363230024436103238461036181
:1014E0003A4BC0F8203DD0F8FC3D43F08073C0F883
:1014F000FC3D374B1A6842F001021A605A68354BBE
:101500001A6016F0B1F9344816F0F2FCEB6E43F4B1
:101510004053EB66314B1C60C3F80841C3F81841D7
:10152000C3F82841C3F8384103F5A0239A6BD207CA
:1015300008D42B4A5A6542F615621A659A6B42F036
:1015400001029A639A68274C42F001129A6016F0E1
:1015500065F815F067FF16F0FBFB16F0B5F915F00E
:10156000D0FF2368132BFCD916F044FA2368B3F597
:10157000967FFBD315F0C7FF15F0C4FF16F048FDAA
:1015800016F08EFF30BFFDE700800D405C900160DB
:10159000000000001B101820006800200C0D111323
:1015A000E8B90200C06A0020484A04600000002038
:1015B000B91C020000E400E0A0E400E000C00F401D
:1015C00000C00A40B9370200BD37020000002020E9
:1015D000001000E010500320002CA3300040084011
:1015E0000000C05614500320054B064A5A64064AB0
:1015F0001A644FF42A029A63044B9D46FFF716FFC4
:1016000000C00A40FFAFAAAA070020000000052082
:101610000138C0B20D289ABF014B185C08207047F2
:10162000023A0020084B1B6853B1B3F5807F09D8FC
:101630004FF48070B0FBF3F01028A8BF1020704763
:101640000120F9E701207047A05F0020431E072B0F
:1016500028D8214B0C22B2EE087A53F8203002FB36
:101660000311431C1D4AC91A1D4B02EB800203EBF8
:101670008003D3ED007A67EE877AFDEEE77A17EE06
:10168000903AD2ED007AFDEEE77A17EE902A1344F5
:1016900019440C2391FBF3F203FB12100028B8BF8E
:1016A000C01870470B280ED10E4B0C22D3ED007AD8
:1016B0000D4BFDEEE77A1B6817EE900A02FB003334
:1016C0000B44591EE5E7A0F10D03012B96BF091A43
:1016D00001F1FF312F31DCE7A8A8F570287B20202D
:1016E000047B20205C7B2020205003202DE9F04F3C
:1016F0008BB00027834688461C4601259DF8503054
:10170000164639464FF4C472089316F021FF8BF841
:101710008451FFF787FFB8F1000F03D0804545469D
:10172000A8BF0546B5423BDC8642D4BF0496049070
:10173000002C37D0A042D4BF009000948F4B05F10D
:10174000FF381B6803FB08F8029308F10108049BAB
:10175000AB422ADA00220BF5A0700123114630F8C3
:10176000024F8C4288BFDFB203F1010384BF2146E0
:101770000122112BF3D1002A4FF00C054FF000028B
:10178000DFF8049208BF01279446791E91FBF5F318
:1017900005FB13139E4600930027DFF8F081ADE0B0
:1017A0000495C5E701230093C8E7009BAB421FD017
:1017B000EB1A002BB8BF5B42012B14BF012302239D
:1017C0000593C146029B4344039340F20113039ADD
:1017D000934294BF07930792BBF880310133ABF873
:1017E0008031079B994505D30135DDF80C80AEE7C4
:1017F0000423E5E7A9EB08065522614B0BF5A17A16
:1018000006F00F06012102FB093306F108020692D9
:101810005A79002A56D00898824253D0104609932C
:10182000FFF7F6FE0828099B01904BD093F806C0FD
:101830003BF816E0BCF12F0F8ABF18200124BCFB37
:10184000F0F40598444306985BF82000A64404FB96
:101850000C0C06982BF816E04BF820C0019800F10C
:10186000FF3CBCF1060F05D8DFE80CF0353B383EF5
:101870004144440006F1300E3BF81EC0DBF87C0109
:10188000A4442BF81EC000EB040C4FF00000CBF872
:101890007CC18BF8840101980538C0B2022811D8A8
:1018A000BAF80000099320440191AAF800001046FC
:1018B000FFF7CCFEB030099B0BEB4000019942884A
:1018C00014444480013105330AF1020A11299FD1E1
:1018D00009F1010985E706F1400ECDE706F1500E4A
:1018E000CAE706F1600EC7E706F1700EC4E706F11D
:1018F000800EC1E706F1900EBEE7012700240BF52C
:10190000B07A26460020034618F90000104490FBE8
:10191000F5F105FB1100A04205D0062B03F10100F3
:10192000F1D14FF0FF33013301343AF8020F052BA8
:1019300096BF14490123CB560C2C03FB0066E1D162
:10194000B145DFF84C80BEBFBC469646B146002F7D
:10195000D3D001320C2A7FF41FAF009A58469BF86F
:1019600084318BF883C1002B08BF7246511C009252
:101970008BF882110BB0BDE8F08F00BFA05F002094
:10198000395FF6707F3A00200080FFFF7B4F002018
:10199000824F00201C4B70B51C6801F5BC759B88FC
:1019A000046001F5B0748380002334F8026FA5420F
:1019B0003344FAD10C24DBB902EB820393FBF4F13C
:1019C00004FB1133037002EBD2736FEA630303F07D
:1019D00001030E4C0E494370002B18BF2146032310
:1019E00092FBF3F21A4051F82230C0F8023070BD79
:1019F00091F88231013B93FBF4F504FB153303703E
:101A000091F88331E5E700BF782000205D4F00208A
:101A10004D4F002070B50B4B013944780C250A4A14
:101A2000002C18BF13465C1E063314F9016F0278B0
:101A3000A342324492FBF5F605FB162201F8012F72
:101A4000F3D170BD6D4F0020744F002073B50C466C
:101A500069461D461646FFF7DDFF204484780720BF
:101A6000B4FBF0F3C3EBC303E41A02ABE1B253FAE5
:101A700084F414F8083C2B708B1CB3FBF0F2C2EB1F
:101A8000C2029B1A08336B4413F8083C6B700B1DA1
:101A9000B3FBF0F2C2EBC2029B1A08336B4413F89B
:101AA000083CAB707EB10631B1FBF0F0C0EBC0007A
:101AB000091A042001F108030DEB030111F8083C99
:101AC000EB7002B070BD0320FBE7831A5A4203F0AB
:101AD0000F0302F00F0258BF5342002BB8BF103360
:101AE00059B11029A8BF102113FB01F303F00F0314
:101AF0008B42ACBF00200120704708467047821E11
:101B000000F11E03002032F8021F884238BF084649
:101B10009A42F8D1704731B164235843B0FBF1F1D8
:101B2000994228BF19460846704710B5144630F848
:101B300011205AB101F1080350F82330B3FBF2F33E
:101B40005A1E23445B107E2A98BF1C4641F2111393
:101B5000CB40DB0759BF08216FF00D000E21052097
:101B600016F00AFD20447F28A8BF7F201828B8BFA0
:101B7000182010BD244A2DE9F843137806460D4677
:101B80000133DBB2092B02D81370BDE8F8830023C0
:101B90000C6813700368002BB4BF4FF0FF384FF090
:101BA0000108002CB4BF4FF0FF370127002BB8BF4E
:101BB0005B42002CB8BF6442012B15D1013C18BF19
:101BC000012464004FF004090321002016F0D4FC26
:101BD000B9F1010901D0A042F6D001280CD00228A9
:101BE00000D00120012308E0022B03D1012C18BFF3
:101BF0000224E7E70224E5E7022303FB08F3474357
:101C000033602F60C1E700BF0000202038B50A4DC7
:101C100004462B68834204D00146084816F0A4FC11
:101C20002C60074C23682BB10021044816F07CF986
:101C30000023236038BD00BFE857002064700020F7
:101C4000EC5700202DE9F0470F460C2193424FF04E
:101C5000010902F101084FF0630AA8BF13464D467F
:101C600090FBF1F404FB11001E460844B0FBF1F4B4
:101C700001FB140429463846FFF7E8FC844207D1EB
:101C8000AB1B002BB8BF5B429A45C4BF9A46A9461E
:101C900001354545EED1BAF1630F14BF48463046D1
:101CA000BDE8F087F7B5244F55260025012406FB33
:101CB000007604EB840C013416F80CC0944508BF80
:101CC0000135112CF5D10B2A0CBF03240124AC42A1
:101CD0001ADD10294FF05505A8BF10210129B8BF02
:101CE000012101EB810405FB00443C5DACB14C1CBF
:101CF0004D1E4F1D102C214608DD002D294613DCFA
:101D00000134013DBC42F5D103B0F0BD04EB840CBD
:101D100016F80CC0BCF1000FEFD164240125CDE909
:101D2000004515F0B9FFEFE705EB850C16F80CC080
:101D3000BCF1000FE4D1F0E7395FF6702DE9F04116
:101D4000062A8CB080460E461446019327D16420A3
:101D500016F05AFA27288CBF0022012203AD05AFE6
:101D6000314640462B46FFF771FE39460490064641
:101D70004046FFF74FFE04AB052C4FF06400099777
:101D8000CDE90A3501ABCDE9073515D116F03CFA9E
:101D9000362806DC9DF90C000CB0BDE8F08100226D
:101DA000DCE7542802DC9DF90E00F5E75E2826DC0E
:101DB00009A816F025FBEFE7072C0FD116F024FA3F
:101DC000572809DC642016F01FFA3628E2DD542873
:101DD000E9DD9DF90D00DFE76028E8E716F014FA69
:101DE0003B280ADC3146002016F0C6FB00F1300328
:101DF0000DEB030010F9240CCEE75928D7E707A80C
:101E000016F0CAF9C8E72DE9F04F95B00446084628
:101E10008B460893FFF7FCFB08281746069059D01D
:101E2000924B013C1B6803FB04F20A9201321344FB
:101E30000192099340F20113099A9A4294BF0992C0
:101E400009938B4BD3ED007AFDEEE77A17EE903ACB
:101E5000272B46DDBD2B40DC9A2B40DC412B40DD9F
:101E60005B2BB4BF6023642305210020009316F090
:101E700083FB1F9A072392FBF3F3C3EBC303D31A2D
:101E8000034438460393FFF73AFE079007F1C0007A
:101E9000FFF735FE0E9007F1A000FFF730FE0F9020
:101EA00007F58070FFF72BFE1D231F9A10905343F8
:101EB0000B93009B452BCCBF002301230C934FF0C9
:101EC000FF330493069B023BDBB20D93019B099AFF
:101ED000934208D315B0BDE8F08F3A23C4E74823F6
:101EE000C2E75823C0E7019B0A9A991A0139C1F346
:101EF000810301F00F04029341F2111323FA04F25B
:101F00000B0914BF1E981D4602F0010218BF90F97C
:101F100007501E9890F905C090F906000CF1040CCA
:101F20000C30AC44401B069DBCF1050F05F1FF359C
:101F3000A8BF4FF0050CBCF1030FB8BF4FF0030C66
:101F40000D28A8BF0D200B28B8BF0B20644518BF73
:101F500084420CBF01260026062D08D8DFE815F0C4
:101F600030008A00E0001D014101D7015E0204B388
:101F7000082C21D14FF05209012604F1800337F8D3
:101F8000133023B1B9F13E0FB8BF4FF03E0948F20C
:101F9000404A2AFA04FA1AF0010A00F07682642014
:101FA00016F032F9222840F273824FF070080125B2
:101FB0008EE14FF06009DFE74FF000094E46DCE7A5
:101FC00007EB4403B3F86050CEB1002DB3F8A03056
:101FD00014BF4FF05A094FF052090BB1A9F116097D
:101FE00045B9079937F81400FFF795FD462801DD3C
:101FF000A9F10C09B2464FF06608012570E1661C94
:1020000006F00F0666452CD086422AD004F10F0355
:1020100003F00F03634524D0834222D01E9B03218B
:1020200020461A79FFF751FD002814BF0A22012229
:102030001DB9303637F8163003B10832079937F832
:102040001400FFF768FD18280DDD4728B4BF4FF0D6
:1020500000096FF0040991444FF066080125AA4673
:1020600037E10A22E4E74FF00709F4E7A05F002018
:10207000E89705701E9A11780C9A891A1E9A527860
:102080000BB11E9B1B7A1A440329204602F00F0253
:10209000B8BF0321FFF719FD824600283ED00799FB
:1020A00037F81400FFF737FD6FF0020390FBF3F2EF
:1020B000543207EB4400B0F8603013B9B0F8803008
:1020C00003B1083A04F10F0303F00F03403337F86C
:1020D000133003B108320E994FF06409B0F8C00014
:1020E000FFF719FD00EBD0704610C6F164065643A9
:1020F00096FBF9F9BAF1000F00F0BB8241F66313C9
:102100009E42D4BF002601260F2C04D1B9F10A0F3C
:10211000B8BF4FF00A094FF04E0848E70222C8E75F
:102120000BB11E9B1B7AF6B104F1400337F8133054
:10213000002B0CBF45222B2204F150030F994FF0C6
:102140005E0837F81300FFF7E6FC642300EBD07954
:102150004FEA6909C9F1640919FB02F9B9FBF3F9FE
:102160000125AA46B4E01E9A2046D2781A441E9B46
:1021700002F00F029978FFF7A8FC48B1079937F8E9
:102180001400FFF7C8FC3128CCBF10221C22D3E773
:102190000F2C14BF02220822CEE71E9A12790BB12F
:1021A0001E9B1B7A1A440321204602F00F02FFF700
:1021B0008CFC002807EB44030CBF4FF002094FF0E2
:1021C0001209B3F880200D2C28BF4FF01E0912B958
:1021D000B3F8E03013B10323B9FBF3F94FF058081B
:1021E0003CE707EB4408B8F86050002D45D1AA42FF
:1021F0000CBF4FF005094FF0260911F0070F0CBF77
:1022000001262E4697F884314BB1002A39D101F0CE
:10221000070106290CBF4FF00C094FF00209109975
:10222000B8F80001FFF777FC50B100EBD070401018
:10223000C0F1460010FB09F04FF06409B0FBF9F95A
:10224000B8F8203103B3002D40F020820FFA89F94D
:10225000642309EB8919B9FBF3F9B2B1079937F88F
:102260001400FFF758FC4B28C1BF462319FB03F3AA
:102270004FF06409B3FBF9F915E04FF04C09012662
:10228000C0E74FF03E09CAE75AB9631C03F00F03D9
:10229000403337F8133023B1B9F1110FB8BF4FF005
:1022A0001109002DDAD0049B052202994FF068082D
:1022B00008984FF0000AFFF741FD03230822594612
:1022C000FFF7C0FC014605465846FFF7BFF90490EA
:1022D00036B9009B002609FB03F9642399FBF3F947
:1022E00029EAE979642015F08FFF484580F2C5801E
:1022F000BAF1000F00F08480069A042A00F2CB8025
:10230000DFE812F0D1004E01640154015C0188073E
:1023100009D111F0070F0CBF58213E21BBF1070F67
:1023200022D101220BE044F24442E24012F00102C9
:1023300040F0B081BBF1070F4FF002010ED104F164
:10234000900037F8100040B1002A0CBF2D2041202A
:1023500010FB01F06421B0FBF1F12AB9009A12FBE5
:1023600001F16422B1FBF2F10B9804EB0412024478
:10237000252000FB0322642092FBF0F500FB1522D0
:1023800091427ADDABF10D02012A3DD81F9A03EB91
:10239000830302999D18029B0898EE1813AB16F060
:1023A00003060CBF01220022FFF750FB0323029A11
:1023B000BBF10D0F95FBF3F5154495FBF3F303EB20
:1023C0004303A5EB03051DD0002E14BF02230323F6
:1023D0001D44B5FBF0F300FB13550B2305F1500230
:1023E00059460DEB0205102215F9040C4FF0520866
:1023F000FFF728FC014605465846FFF727F90490E9
:10240000424630E00723E9E7049B06220299089838
:10241000FFF794FC092310225946E7E7082C32D035
:102420002FD884B3042C009B14BF0025122515FB64
:1024300003F56423B5FBF3F5642015F0E5FEA8422F
:102440001BDA049B072202990898FFF777FC1022F9
:102450000A235946FFF7F6FB014605465846FFF7A3
:10246000F5F84822049021463846FFF75EFB5A46AD
:10247000034629460198FFF715FC019B01330193A0
:1024800024E50C2CCFE74E25D6E74FF0700867E621
:102490004FF0180989E510234FF0020A0125059332
:1024A0004FF0050906E00723C6F1020A01254FF0A7
:1024B00003090593002C40F091801F9BDA0740F13F
:1024C0008D800321012016F057F8039B03440393EA
:1024D0000D9B012B00F28E801F990522039B97F81C
:1024E00083C103EB54036F4891FBF2F202EB8202CB
:1024F0008A1A97F8841113446B4ABCF1000F18BF75
:102500000246002971D0062101201192029316F093
:1025100033F8029B119A0721013893FBF1F1C1EBCB
:10252000C1015B1A48BF0733D3560C22034493FB07
:10253000F2F102FB11330133042B59DDA3EB090245
:102540000AF10201002AB8BF52428A420DDD9945C4
:102550004FF002014FF0FF30ACBFCAF10003534609
:10256000994416F009F809EB00036420029315F072
:102570004BFE002E029B0CBF16220822904207D26F
:102580000AF10101CAF1000015F0F6FF029B0344B5
:102590009D423FF735AF059D9D42A8BF1D462FE7E1
:1025A0000B23C6F1030A0225059379E70E23C6F132
:1025B000030A04254FF0090905937BE70C234FF02C
:1025C000040A02254FF00609059373E70E234FF026
:1025D000040A03254FF0070905936BE7642015F003
:1025E00013FE11287FF66DAF72E797F8820192E72C
:1025F0000733A1E7069B042B17D10B2C0CD91F9B8B
:10260000039A23441344052293FBF2F202EB820265
:102610009B1A4B44013BA8E7DDE902321344032235
:1026200093FBF2F202EB4202F2E77EB102214FF09D
:10263000FF3015F0A1FF039A0323484492FBF3F304
:1026400003EB4303D31A013B03448EE70AF1010174
:10265000CAF1000015F090FF44F64803E340DB07A1
:10266000E9D51F9B13F0010308BF4FF0FF33184457
:10267000E1E70F2C04D1B9F10A0FB8BF4FF00A09F6
:102680004FF0010A4FF04E08554622E6002A7FF42B
:102690000AAEFAE5BBF1070F4FF00A017FF45EAE18
:1026A00000224CE63E4F0020374F002070B5D1F895
:1026B0007C4140F2D1350239112605FB02448322C8
:1026C000324D02FB0343324C83EA1343634383EAF4
:1026D000D3336B4383EA134331F8022F06FB0233F3
:1026E000013683EA1343212E04FB03F383EAD33339
:1026F00005FB03F383EA1343EED103F00302032146
:1027000013F4C01F02F103020270C3F3C30242704C
:102710004FEAD312B2FBF1F101EB4101A2EB01024E
:1027200002F102028270C3F3C322C270C3F3C33248
:102730000271C3F3C1421FD0D51E6A426A4113F42D
:10274000400F4271C3F3815219D0D41E62426241DC
:1027500013F0C06F8271C3F3416213D0D11E4A429D
:102760004A411B0FC2710722B3FBF2F2C2EBC20255
:102770009B1A0333037270BD4FF0FF32DFE74FF057
:10278000FF32E5E74FF0FF32EBE700BF8BA66C842A
:102790002D35EB7F024B1A68024B1A60704700BF61
:1027A00014500320C4460320054A0346107830B174
:1027B0000B2B04D00D3B012B8CBF00200120704758
:1027C0000168032038B50C4B00251C46013518461E
:1027D0004FF4A072094915F08FFD102D00F5A0737C
:1027E000F4D10323A4F83032A4F84432A4F85832C8
:1027F000A4F86C3238BD00BFC8642020EC2A002049
:102800000F4B10B593F9003093B1012B4FF000023C
:1028100012D014464FF480330A490B480B6203620E
:102820000023C1E90642C0E9062443624B6210BDA1
:102830004FF480321446EFE74FF480341346EBE751
:1028400021810320BCDBFE70F4DBFE7008B5324B47
:1028500000219FED326A1B783148152B314A28BF81
:102860000A2307EE903A304B1B78F8EE676A152B77
:1028700066EE866A28BF0A2307EE903A2B4B1B7838
:10288000B8EE670ADFED2A7A152B20EE060A28BF7C
:102890000A2307EE103A20EE270AB8EE477A20EE18
:1028A000260A27EE067A27EE277A15F03DFC01214D
:1028B00015F03AFC022127EE267A15F035FC0321AB
:1028C00015F032FC1B48B0EE470A002115F02CFC35
:1028D000012115F029FC022115F026FC032115F039
:1028E00023FC4FF4004302211046C2E90633124B89
:1028F0001B78152B28BF0A2307EE903AB8EE670A1B
:10290000DFED0E7ABDE8084020EE060A20EE270A29
:1029100020EE260A15F008BCD9660020CDCCCC3DAF
:10292000D4DCFE7064DCFE70D7660020D866002020
:10293000ABAAAA3E9CDCFE70DA6600209A99193F89
:102940001028084B4FF00102A8BF102020EAE070C9
:102950001860054B1A70054B054A1B6803F5167382
:1029600013607047107A0020586903201450032028
:102970000C7A0020002810DB8842A8BF0846084BCC
:1029800001221860074B1960074B1A70074B084A61
:102990001B6803F51673136070470020EFE700BF54
:1029A000FC790020F45700205569032014500320BF
:1029B000F879002070B54FF0E02540262448D5F87E
:1029C00008412DED028BC5F8886104F0400415F034
:1029D000CBFC1F4815F054FA1D4815F055FC1D4B53
:1029E0001B8843B91A4815F053F90CB1C5F80861B2
:1029F000BDEC028B70BDFF2B154897BF0A224FF428
:102A00008073B3FBF2F3534307EE903AB8EEE78AD4
:102A1000DFED117A28EE678A15F006FA03210C48DB
:102A200015F0C2FDDFED0D1AB0EE482A0848B0EEF1
:102A3000611AF0EE610AB0EE610A15F065FA002C39
:102A4000D6D04FF0E0234022C3F80821D0E700BFE2
:102A5000404E0320B86500200000803B00000000CD
:102A6000014815F015BB00BF404E032010B5602192
:102A7000194814F0B7F9194815F092FA184BF2EE0C
:102A8000046A184CD3ED027AB7EE000A1348F8EE48
:102A9000677A87EEA67AB4EEC07AF1EE10FA30FECD
:102AA000070A15F0BDFB21680C4815F029FD2368C5
:102AB0000A48012B0ABF0C4B0021196815F0E0FBF6
:102AC000FFF7CEFF094B0548197815F06DFCBDE8FE
:102AD0001040FFF76FBF00BF28032020404E0320A7
:102AE000EC500020FC4D0320D4460320905E0020D3
:102AF000704770B54FF0E0234022334C0025334E31
:102B0000C3F888212046356015F05EFBB5FA85F1E3
:102B100020464909890041F0200115F031FC0021CF
:102B2000294815F055FD0021294815F051FD0021D7
:102B3000284815F04DFD0021274815F049FD0A21D0
:102B4000204615F001FC0121204615F075FC4DBB17
:102B500010211D4815F008FD20460121013515F012
:102B6000E3F90121204615F08FF81C4B2046A360A5
:102B70001B4B63601B4B636215F0F6F90021204686
:102B800015F096FC322015F0DBF8204615F0B0FA6F
:102B9000042D04F14C04B5D14FF0E0234022C3F8DA
:102BA000082170BD012D04D115F0F2FA0146084844
:102BB000D0E7032D13BF0C4B4FF48071064820461D
:102BC0001CBF19688900C5E7806F0020048C0020B5
:102BD000CC6F00201870002064700020D54A0000DF
:102BE0007D1400009D140000A05F0020114B0A20FE
:102BF00000220121C3E9020010201A629A611A77AB
:102C00005962C3E90021C3E90A02C3E90C22C3E9FE
:102C10000E22C3E91022C3E90411074A074B1A60C8
:102C200000225A604FF00132054B1A605A60197247
:102C3000704700BFEC500020000080BF5C7B20206C
:102C4000F97A202008B5164B1B7833BB154B1B783F
:102C50001BBB6FF07F41144815F036FC134B01226B
:102C60001A70134BD3ED007AF5EEC07AF1EE10FA3C
:102C700014DDB1EE007ADFED0F6A27EE877AC6EE3B
:102C8000877AFCEEE77A17EE903A322B38BF322380
:102C9000094A12681344094A136008BD7823F7E70C
:102CA00032660020D880032018700020536903206A
:102CB000E897057000606A4714500320F4790020FB
:102CC000074A13785BB1074B07491B6809685B1A11
:102CD000002B04DB00210548117015F0F5BB70478F
:102CE0005369032014500320F47900201870002049
:102CF0008A4B8B4A1B6812682DE9F04F894C53436D
:102D000087B0894D20680193826BAB6B9A422CD0BF
:102D10004FF0080685488CBF4FF001094FF0FF398E
:102D20003146AE6315F088FB012120684FF0550C49
:102D3000DFF80CE24FF0000864238A464FF0FF0BE7
:102D40008663019A914251D909F10103D5F80480B3
:102D500001264FF05509DFF8E4B1DFF8E4A1019A4C
:102D6000964254D9724B01221A706F4EC26AF36BAD
:102D70009A4228D04FF008096E488CBF4FF0FF38B8
:102D80004FF001084946C6F83C9015F055FB206805
:102D900001224FF0550CC0F82C906424DFF8A0E11C
:102DA0004FF0000992464FF0FF0B019B9A425FD90A
:102DB000D6F804900126DFF888C1019B9E4268D9AD
:102DC0005B4B01221A70DFF86081026BD8F840304B
:102DD0009A4240F0B780564F3B78002B40F09881E4
:102DE000554B00221A7007B0BDE8F08F0CFB01E2D2
:102DF0000126013682F8058093710532112E9370F9
:102E000082F803A082F804B0F3D1013199E709FBFD
:102E100006B2012192F805C0C4451BD1002B20DC6D
:102E2000DDF804C001EB810E09FB0CEE0AEB0E0C81
:102E30000AF80E8092F806E08CF801E092F807E0BC
:102E40008CF802E092F808E08CF803E092F809E0D0
:102E50008CF804E0013105321129DBD10136013350
:102E60007DE7019F9F422CBF9C464FF0010CD9E7A4
:102E70000CFB02E30121013183F805909C710533BD
:102E800011299C7083F803A083F804B0F3D10132B8
:102E90008BE75523B8F1010F08F1010403FB06FE8F
:102EA000264B0CBF4FF0110A4FF00F0A0EEB030137
:102EB0004B794B4525D154B3102C14BF2346012325
:102EC00003EB830272440CEB020B0CF802908A793C
:102ED0008BF80120CA798BF802200A7A8BF803203C
:102EE00091F909B04A7ABBF1000F14DB4244571C38
:102EF0000FD07F2AA8BF7F2203EB83037344634470
:102F00001A71013405315445D2D1013655E70F23EA
:102F1000D6E70022F0E7FF22EEE700BF885E002040
:102F2000A05F0020B85B0020EC50002064700020FF
:102F30001D810320806F0020FC800320395FF67024
:102F40008F09F6704FF0080495488CBF4FF0FF369C
:102F5000012621462C6415F06FFA924B924A00210B
:102F60001B684FF05509D2F800B040F6F5221C63FB
:102F70006B69DFF850A25C1E0BFB03F38B480BFB65
:102F800004F48B4F029315F0E3FA013453462546BF
:102F9000029A95424FD9012ED8F8049000F0B280E1
:102FA00001204FF06408DFF804C28345C0F0988028
:102FB00055267E4B0025464333445A794A4534D141
:102FC00099794FF00007002D83F806805F714FF06C
:102FD0000107039118BF2A46D97908BF0F2283F849
:102FE00007800491197A1F724FF0FF370591597AC3
:102FF0005F7202EB820702EB8202374432440CEB31
:10300000070E0CF80790039F62448EF80170049F2E
:103010008EF80270059F8EF803700F0656BF01F1FF
:10302000FF31FF2121EAE1711171013505330F2DC7
:10303000C3D10130B9E709FB0571184650220135AB
:1030400015F05AF900F15503A2E75526574B102504
:103050004E43334493F84B204A453AD193F84C0001
:103060004FF00007102D83F84C8083F84B704FF021
:103070000107039018BF2A4693F84D0008BF0122AC
:1030800083F84D80049093F84E0083F84E704FF013
:10309000FF37059093F84F0083F84F7002EB8207DB
:1030A00037440CEB070E0CF80790039F8EF8017065
:1030B000049F8EF80270059F8EF8037007061FD4D8
:1030C00001307F28A8BF7F2002EB82023244624495
:1030D0001071013D053B012DBCD101318B45B4D2AE
:1030E000334D5526029B9C423FF675AE514606FB7A
:1030F0000450502201340AF1550A15F0FDF8F1E7A9
:10310000FF20E1E731464FF06408DFF8A0C0E5E7B3
:10311000284B01224FF000094FF0640ED3F804C091
:103120009246019B9A4202D900233B7058E65523F0
:10313000214901244FF0FF0B02FB03161F4902FB3C
:1031400003151F4902FB03133046591D10F8058F64
:10315000B8F1000F19D0E04517D0D6F80560C3F8D4
:10316000056003790B712B46013413F8056FB445E4
:10317000064601BFD5F805500D601D790D71112C63
:103180001D460B46E0D10132CBE783F8059083F86A
:1031900006E083F807E083F808A083F809B0E2E7C7
:1031A000CC6F0020B85B0020A05F0020F0A8F57075
:1031B0003E5FF670EC500020E5B3F5708F09F670B5
:1031C000395FF6704AA9F57008B50F4BB7EE040ADF
:1031D00000210E481B684FF48032322B28BF322367
:1031E00007EE903AB8EEE77ADFED097A27EE277A14
:1031F00027EE000A14F098FFB0EE470A012114F000
:1032000093FF044B9A6108BDB86100202CDCFE706E
:103210000AD7233C54CEFE707047F0B51C4C1D4AB3
:1032200004F110062346083203CBB34242F8080CDF
:1032300042F8041C1C46F5D10023174D00225919F1
:10324000F418A05C88541032B2F5807FF9D10133B4
:10325000102BF3D11149002211F8013FBBB90B7CAF
:10326000ABB90132102AF7D10D4C0A4854F8041FAB
:1032700000225F19003918BF012100F8011B160157
:103280000132102AB955FAD10133102BEED1F0BD1D
:1032900050A70570C8782020D87820204FA7057047
:1032A000CCA605700A4B1B780BB1FFF77DBA094B12
:1032B0001B7853B1084B094A5B69012B38BF0123C6
:1032C000013B02EB0313185C7047054BFBE700BFA3
:1032D00001680320CB5B0320EC500020D87820202D
:1032E000C87820202DE9F041104B0021104D1E78A8
:1032F00005F194040F4FDFF840800846FFF754FAB9
:1033000045F8040F5EB1002308EB0102785404F87D
:10331000100CD054E0541033B3F5807FF9D1013153
:1033200001341029E9D1BDE8F08100BF0168032014
:10333000CCA60570C8782020D878202000220D481F
:10334000F0B5154664240126FF270346002101310C
:103350001D705C700533112903F8034C03F8026CEF
:1033600003F8017CF3D101325530B2F5817FECD105
:10337000F0BD00BF395FF67010B50D4C0D4AD4F8A2
:103380008814D4F8840414F0AFFF18B1094920461A
:1033900014F042FE084AD4F88814D4F8840414F0D7
:1033A000A3FF18B10449024814F036FE10BD00BF57
:1033B000D0710020893B0020973B0020431E072B43
:1033C0002DE9F04F8046CBB057D8A64CC601A25D80
:1033D00004EBC013002A53D0A34AA02122A814F062
:1033E0007BFC07A8002322AAA04914F0C9FDDDF840
:1033F0002C90484614F064FF002846D1484614F04B
:103400005FFF20B107A814F08BFDDDF82C9000259C
:10341000974922A8A55514F0FBFC2B4622AA9349F4
:1034200011A814F0ADFD159CB9F1000F04D007A848
:10343000CDF82C9014F0F4FC002311A8159314F08F
:103440004BFD204614F03CFF002840F0BD80204694
:1034500014F036FF20B107A80B9414F061FD0B9C0B
:103460000023844A0B941380834A1360834A138099
:10347000834A137007A814F02FFD4BB0BDE8F08FFE
:103480007B4922A814F0C4FCABE7484615F048F885
:103490000028B3D000247B4B25460C9326464FF4DE
:1034A0007A73A2468DF83C40CDE90D43002207A96E
:1034B00011A8CDF82C9014F00FFE1CB10CA810949C
:1034C00014F0AEFC159FCDF854A0384614F0F8FE69
:1034D000044611A814F000FD002C7DD107A814F0BB
:1034E0001FFD694B9A460293731E0093009B9C42FA
:1034F000C0F2AF80654B4FF0000BDFF89091019365
:10350000634B9A4603936B1E0493049B9B45C0F246
:10351000E780544B4FEAC81813F808B05D4BBBF175
:10352000000F00F00F81402218465B49012414F07F
:10353000FFFF0022034680F8402004EB841806EBCE
:1035400004095149264643444FF0000A4E45B2B2A1
:1035500003D0B2F5807F40F0F780484BDFF848A1F8
:103560001A80BBF1000F0BD040224C49504614F09A
:10357000DFFF00234A4A8AF840301370494A13603B
:10358000D044474E4C4504D0A2B2B2F5807F40F003
:10359000E880394BA4B2424E1D6004EB84132544ED
:1035A000DFF800815344AC42A2B203D0B2F5807F71
:1035B00040F0EB802F4B0CA810971A800022304B64
:1035C0001A7014F089FC55E7204614F0A9FF002872
:1035D0003FF43DAFA1465DE7384614F015FF11A951
:1035E00014F0F2FC9DF844300BB12E2B05D10CA841
:1035F000109714F095FC109C58E7384614F090FF93
:10360000044668B1FF2EF2DC06EB86131E4A11A9B0
:1036100001369818402214F08BFF80F840A0E6E7AE
:1036200011A814F019FC0028E1D0FF2DDFDC05EB18
:103630008513164A11A99818402214F079FF80F8D2
:103640004040384614F028FC114B43F82500013562
:10365000CDE70134D146A3465E4527D10AF1410AA0
:1036600044E700BF48DB0070A33B0020D07100207E
:10367000AE3B00207C5A032088460320345A0320A6
:10368000D266002004290020C83C0470C8FB0370E7
:10369000C8F70370489A0070863B0020B63B0020B4
:1036A00048580070485400704859007009F14109A9
:1036B0005046494614F090FE00280EDD4122514646
:1036C00011A814F019FE41224946504614F014FE88
:1036D000412211A9484614F00FFE0BF1010BBBE784
:1036E0000BF1010B53464C46CDF800B0009A9542C1
:1036F00004D109F141090AF1040A06E741344846B8
:103700000593214614F068FE0028059B15DD412233
:10371000494611A814F0F0FD41222146484614F014
:10372000EBFD412211A9204614F0E6FD059BDAF8D5
:1037300000205968CAF800105A60009A0433013218
:103740000092D3E75C46F8E618464022009114F058
:10375000EFFE0099013600F1410380F840A04131AD
:10376000F4E640220299404608F1410814F0E0FED8
:103770000022114B012108F8012C43F82420029A61
:1037800031550C4441320292FCE640220199184620
:1037900014F0CEFE0022039900F1410380F840208E
:1037A0000222325551F8042B48F824200134019AA2
:1037B000039141320192F6E648540070431E072BF4
:1037C0002DE9F0470646A0B000F29B80C3014E4CA5
:1037D0004E48002703F1270204EB0308E754835CFB
:1037E00011184B4D0BB12A2B22D13046494EFFF711
:1037F000E5FD00243368214647481C6314F01CFE95
:103800002146454814F0B0FE2B88326801211B1B6D
:10381000424818BF0123936314F00EFE29883F48E5
:103820000129B8BF012120B0BDE8F04714F09CBECB
:103830007F22684614F07CFE2F2168468DF87F7049
:1038400014F016FE80B304467F226946404604F811
:10385000017B14F06DFE88F87F703046DFF8C08081
:10386000FFF7ACFDDFF8BCA02E8800239AB2964289
:103870001CD8003E274C4FF001012848236818BF90
:1038800001269E6314F0D8FD298824480129B8BF79
:10389000012114F069FE236800241F4821461C639F
:1038A00014F0CAFD214626E06C46D6E798F80020C1
:1038B00003F10109022A20D103EB831321460AEB0D
:1038C000030014F089FD0746B8B9124C4946134865
:1038D0002368C3F8389014F0AFFD29880F480129F8
:1038E000B8BF012114F040FE236839460A481F631F
:1038F00014F0A2FD3946084895E708F101084B4647
:10390000B4E720B0BDE8F08748DB0070E8970570A9
:103910007C5A0320B85B00201870002064700020DF
:10392000485800704859007000220D480D49134650
:1039300083548B548032B2F5906FF9D10A4A0B4907
:1039400013800B4A13800B4A136001220A700A4944
:103950000A704FF00001094A1170094A138070473C
:1039600048DB00700F980570345A0320D26600209F
:103970007C5A03208846032085660020E3800320CC
:10398000885A0320F0B50D46A9B016460124104F01
:103990002346104A3146284614F09EF90E4AA021CB
:1039A0002B46684614F098F96A46D7F88814D7F879
:1039B000840414F099FC40B10134B4F57A7FE7D166
:1039C000064A3146284614F087F929B0F0BD00BFF9
:1039D000D0710020BC3B0020C93B0020D93B002017
:1039E0001046194610B40BB1002313700C4B5C68E1
:1039F000631E072B12D80B4BE20103EBC41494F89F
:103A000027405CB12A2C0BBF283227329B189B1809
:103A10000CBF054A054A10BC14F05EB910BC7047D3
:103A2000EC500020E897057061410020A33B002086
:103A300070470022054B114601321970597003334B
:103A4000B2F5007F03F8011CF6D17047647B20209B
:103A500082B02DE9F84F571E81468A46C3F30746C8
:103A600007F0030705465FFA82F80B93554503D329
:103A7000BDE8F84F02B07047A5EB0904022F04F02F
:103A80000F0B21D0032F2BD0012F0BD0642100204E
:103A900014F072FD132804F007045BDC042C59D1E8
:103AA0003C242BE06421002014F066FD1D2805DC79
:103AB00044F2444323FA0BF3DA073DD404F007043D
:103AC000042C0BD1642419E06421002014F054FD6F
:103AD0000E280FDC04F00704042C0BD10135C5E7D8
:103AE00063072BD06421002014F046FD2728F5DC65
:103AF000552403E01BF0010FF0D050249DF82C302A
:103B0000F3B164210020DDF830B014F035FD132846
:103B10000BDCB6B99DF82D303BB19DF83430B34283
:103B20000CBF4FF0060B4FF0030B2346424659469D
:103B3000284614F05DFCD1E74624DFE76E24DDE77C
:103B400016B14FF0050BF0E70921012014F014FD28
:103B50008346EAE7002CC1D17824CFE782B02DE973
:103B6000F04F93B0814617461D939DF87C3001912C
:103B7000FBB10AAC804D0AAE0FCD0FC495E80F0023
:103B800002AD84E80F000FCE0FC594E80F0085E862
:103B90000F0008257E1FFBB2C846002406F003066E
:103BA0000093019B984516D313B0BDE8F04F02B0C7
:103BB00070479DF87D300AAC0BB1704DDBE7704D5E
:103BC0000FCD2E6802AD0FC426600AAC0FCC0FC516
:103BD0002E600525DEE7A8EB090A0AF00F0701377A
:103BE00007F0030BBBF1010F24D12946002014F08C
:103BF000C3FC022E044600F0BA80032E00F0A2801F
:103C0000012E2AD16421002014F0B6FC07461521AC
:103C10006FF0090014F0B0FC3B2F32DC00F16403BC
:103C200012A9009A404601EB840151F8401C14F09F
:103C3000DFFB26E00521002014F09EFC022E59D067
:103C4000032E76D0012E35D001281DD1052D0CBFB5
:103C500004230723A34200DD013417F0010040F0E4
:103C60008480642114F088FC1D28CCBF0027012724
:103C700010216FF00E0014F07FFC00F16403002FA0
:103C8000CED108F101088CE7022803D1002CE4DD35
:103C9000013CE2E7032807D1052D0CBF03230623CF
:103CA000A342DADD0234D8E70428D6D1012CD4DDD2
:103CB000023CD2E7012807D1052D0CBF04230723BE
:103CC000A3429FDD01349DE7022803D1002C99DD3A
:103CD000013C97E7032807D1052D0CBF02230523DC
:103CE000A3428FDD03348DE704288BD1022C89DDBC
:103CF000033C87E70138032808D8DFE800F0021307
:103D00001517023494FBF5F305FB134464210020DE
:103D100014F032FC1828CCBF002701271A216FF0BD
:103D20000400A8E70334EDE70434EBE7013C2C443E
:103D3000E8E7012813D1052D0CBF04230723A34274
:103D400000DD01341AF0070F13D06421002014F0B5
:103D500013FC1328CCBF002701270B21DFE7022823
:103D6000F0D1002CEEDD013CECE7012780E75F4657
:103D7000D4E70127F1E700BF80200020A020002029
:103D8000C020002082B02DE9F043304D89B00646B6
:103D90000F4690466C4611930FCD0FC495E80F0067
:103DA000354684E80F000024BD4204D309B0BDE8C5
:103DB000F04302B07047A5EB060909F00F0909F1BD
:103DC000010303F00303012B23D10821002014F089
:103DD000D3FB044641F2111020FA09F010F0010063
:103DE00004D1642114F0C8FB182810DC08AB1F2193
:103DF0000A2003EB840353F8209C14F0BDFB5FFA08
:103E000088F200F164034946284614F0F1FA0135BE
:103E1000CAE70621002014F0AFFB012803D1062CCD
:103E2000D8DC0134D6E7022803D1002CD2DD013CD6
:103E3000D0E7032803D1042CCCDC0234CAE70428E1
:103E4000C8D1022CC8BF023CC4E700BFD420002068
:103E500082B02DE9F04F774D8DB04FF0000B04ACE0
:103E600003921793CDE901010FCD0FC495E80F0020
:103E700084E80F005C46019B0BEB0309029B99450C
:103E800004D30DB0BDE8F04F02B070470BF1010B49
:103E90000BF00703012B58D10821002014F06CFB14
:103EA00004466421002014F067FB4528E3DC64210C
:103EB000002014F061FB0CAB4F289DF80CA003EB25
:103EC000840353F8205C66DD5E285ADD64210020FF
:103ED00014F052FB592800F39A800221002014F0BC
:103EE0004BFB012800F09180022800F0908008B977
:103EF000EE1CAF1D0F2E40F38C800F2FA6F10C0689
:103F000040F393800C3F15216FF0040014F034FB54
:103F1000524600F164032946484614F069FA10211C
:103F20006FF0090014F028FB524600F16403711C85
:103F3000484614F05DFA10216FF0090014F01CFBE4
:103F4000524600F16403791C2EE00521002014F094
:103F500013FB012803D1062CA3DC0134A1E70228BE
:103F600003D1002C9DDD013C9BE7032803D1052CE8
:103F700097DC023495E7042893D1012CC8BF023C9A
:103F80008FE70421002014F0F7FA032812D8DFE8A5
:103F900000F00F2D30331F216FF0090014F0ECFA00
:103FA000524600F164032946484614F021FA62E7BC
:103FB00005F10208B8F10F0F21DDA8F10C08152159
:103FC0006FF0040014F0D8FA524600F16403294659
:103FD000484614F00DFA10216FF0090014F0CCFAE5
:103FE000524600F1640308F10101DDE705F1040820
:103FF000E0E705F10608DDE705F10B08DAE7B8F1BF
:10400000000FB8BF08F10C08D9E7AE1C71E72E1DF0
:104010006FE70F2F06DD002EA7F10C07BFF673AF79
:104020000C3670E7002EB8BF0C36002FB8BF0C3727
:1040300069E700BFF420002082B073B504460D4646
:10404000002064211646079314F096FA4F28079B28
:104050003246DDE908018DE803002946204606DCEA
:10406000FFF790FE02B0BDE8704002B07047FFF766
:10407000EFFEF7E782B02DE9F041D0B086460C465E
:1040800010AE6F46CDE956239DF86031002B73D0FA
:104090003546DFF838C1B046BCE80F000FC59CE8D4
:1040A0000F00BC4685E80F00B8E80F004FF0080885
:1040B000ACE80F0095E80F008CE80F0038463B464F
:1040C00000251A68724517D001350433A845F8D188
:1040D000002210214FF0FF3550F8043BAEEB0303F4
:1040E000002BB8BF5B428B42B8BF154602F10102FC
:1040F000B8BF19469045EFD14FF48072324930462F
:1041000014F0FAF8624204F007034FF0640102F081
:1041100007024FF0000058BF5342002CB8BF0734CD
:10412000E410624204F0070402F0070258BF544250
:1041300004EBC30456F8244014F01EFA092805DCE9
:1041400002214FF0FF3014F017FA04442544642193
:10415000002095FBF8F308FB1355002DB8BF45442C
:1041600057F8254014F008FA07281FDD204650B004
:10417000BDE8F04102B070479DF86131354613B19A
:10418000DFF84CC087E7DFF84CC0BCE80F00DCF874
:104190000080B4460FC5C5F800806D46BCE80F002E
:1041A0000FC5C5F800804FF0050887E70221002001
:1041B00014F0E2F918B9E01D1028D7DCD7E7E01FAA
:1041C0000028D4DCD2E700BF14210020802000208A
:1041D000A0200020C020002082B02DE9F041D0B006
:1041E00086460C4610AE6F46CDE956239DF86031E9
:1041F000002B7AD03546DFF860C1B046BCE80F002E
:104200000FC59CE80F00BC4685E80F00B8E80F001A
:104210004FF00808ACE80F0095E80F008CE80F009D
:1042200038463B4600251A68724517D001350433DD
:10423000A845F8D1002210214FF0FF3550F8043B7B
:10424000AEEB0303002BB8BF5B428B42B8BF1546F1
:1042500002F10102B8BF19469045EFD14FF48072C8
:104260003C49304614F048F8624204F007034FF02E
:10427000640102F007024FF0000058BF5342002CC7
:10428000B8BF0734E410624204F0070402F00702EA
:1042900058BF544204EBC30456F8244014F06CF9A0
:1042A0000B2805DC02214FF0FF3014F065F90444BF
:1042B00025446421002095FBF8F308FB1355002DDD
:1042C000B8BF454457F8255014F056F9052826DDA7
:1042D0002C466421002014F04FF904282CDD2046E0
:1042E00050B0BDE8F04102B070479DF861313546ED
:1042F00013B1DFF868C080E7DFF864C0BCE80F00E6
:10430000DCF80080B4460FC5C5F800806D46BCE8F7
:104310000F000FC5C5F800804FF0050880E70221A7
:10432000002014F029F918B9EC1D102CD0DCD0E7CE
:10433000EC1F002CCDDCCBE70221002014F01CF98F
:1043400018B9601C1028CADCCAE7601E0028C7DC48
:10435000C5E700BF1422002080200020A0200020FC
:10436000C020002082B030B5A1B00C4605462649D9
:104370006846CDE92423802213F0BEFF624204F098
:1043800007034FF0640102F007024FF0000058BF2E
:104390005342002CB8BF0734E410624204F0030417
:1043A00002F0030258BF544204EB830420AB03EB3A
:1043B000840454F8804C14F0DFF8042805DC022152
:1043C0004FF0FF3014F0D8F804442C44642100204E
:1043D000102CA8BF1024012CB8BF012414F0CCF875
:1043E000012807DC0221002014F0C6F840B9E01DC6
:1043F000102800DD204621B0BDE8304002B07047F3
:10440000E01F0028F7DCF5E71423002082B02DE937
:10441000F74F119F80468A4691460646DFF898B0CE
:104420000D93564504D303B0BDE8F04F02B070477A
:10443000DBF80030A6EB080464210020B4FBF3F2A3
:1044400003FB1244109B03EB8404D4F89C30012B33
:104450001AD114F091F807281ADD002F256919DC0C
:10446000246D0B216FF0090014F086F803195FFA30
:1044700089F229467F2B3046A8BF7F23282BB8BF5F
:10448000282313F0B5FF03E014F076F80328E4DDE9
:104490000136C6E709F1FF330F9A39462846032B48
:1044A0000092DDE90D2303D8FFF75CFF0546D7E74F
:1044B000FFF7E0FDFAE700BFA05F002082B02DE922
:1044C000F74F119F80468A4691460646DFF898B01E
:1044D0000D93564504D303B0BDE8F04F02B07047CA
:1044E000DBF80030A6EB080464210020B4FBF3F2F3
:1044F00003FB1244109B03EB8404D4F89C30012B83
:104500001AD114F039F805281ADD002F256919DCB5
:10451000246D09216FF0070014F02EF803195FFADB
:1045200089F229467F2B3046A8BF7F23282BB8BFAE
:10453000282313F05DFF03E014F01EF80228E4DDE9
:104540000136C6E709F1FF330F9A39462846032B97
:104550000092DDE90D2303D8FFF704FF0546D7E7F6
:10456000FFF73AFEFAE700BFA05F00202DE9F04F09
:1045700000238BB0561E4FF003080993054606F042
:10458000030B02900491CDE9073301238DF8253008
:10459000734296FBF8F803F0030308EB480858BF92
:1045A000C3F1000BA6EB0808BBF1020F0CBF3723C9
:1045B00055230393049B9D4202D30BB0BDE8F08FBB
:1045C000029B31460820EC1AA64B1B68B4FBF3F2A1
:1045D00003FB1244099B009304F10109DDE9072361
:1045E000FFF748FDB30707462ED10C2C04D841F243
:1045F0001113E340D80732D4B8F1000F54D124F09E
:104600000803042B70D105216FF0030013F0B4FFF1
:10461000B8F1010F00F1700340F0E28024F00802CD
:10462000022A40F0F08005216FF0030013F0A4FF90
:104630002D2200F13A0301212846CDE90021022272
:10464000052113F029FB4FE0BBF1010F1FD1B9F198
:10465000000F09F00103B8BF5B42012BCCD1B9F1C7
:10466000010F4FF004016FF0020014BF4FF0760A03
:104670004FF07C0A13F080FF6421012200EB0A0353
:104680002846CDE90012032113F006FBB4E7BBF185
:10469000020F04D10E2CAFD844F64913A9E70D2C14
:1046A000AAD843F23333A4E7B8F1010F6ED1A31EA9
:1046B0000A2B5FD8DFE803F0095E065E5E5E5E5E91
:1046C000065E0600B9F10B0F5DD10B216FF00900FA
:1046D00013F052FF4FF0010A3C305522624B6A43FF
:1046E0009854BAF1000F8ED119F0010F40F08D806F
:1046F00019F0030F4FF005016FF0030014BF4823BA
:104700004E23059313F038FF64224FF0010C059BF4
:10471000072103442846CDE9002C032213F0BCFAFC
:104720000D2C40F28780F20700F1A08034F00803DE
:1047300040F0A480099B06EBA90138460093DDE90F
:104740000723FFF70FFE092804464FF00501C8BFF5
:10475000C41F6FF0030013F00FFF64234FF0010C30
:1047600006222146CDE9003C00F16603284613F0FD
:1047700093FA83E04FF0000A0B216FF0090013F069
:10478000FBFE5030A9E74FF0010AF5E7052C12D8DF
:10479000022C19D84FF0000A611F082904D840F2F2
:1047A0004112CA40D10714D40B216FF0090013F055
:1047B000E3FE4B3091E7A4F10B03022B8CBF4FF0CB
:1047C000000A4FF0010AE7E7B9F1040F4FF0010AC0
:1047D000E2D10B216FF0090013F0CEFE32307CE7FE
:1047E000B8F1020F0FD10D2C0DD842F62802E2408D
:1047F000D20708D506216FF0040013F0BDFE3C225D
:1048000000F13E0317E7642215E724F00802042AAA
:1048100086D105216FF00300059213F0ADFE012350
:10482000059A08210193039B009300F15C0328463D
:1048300013F032FA42F22223E340D8077FF573AF38
:1048400006216FF0040013F097FE282301210522B2
:10485000CDE9003100F13E030621284613F01CFA91
:1048600061E700BFA05F0020535FF6700E2C05D8F3
:1048700045F25553E340DB073FF55CAF6421002070
:1048800013F07AFE112823DC09EBD971099B384615
:1048900006EB61010093DDE90723FFF79DFCB9F109
:1048A000090F04464FF005016FF0030014BF4FF0ED
:1048B00054094FF05C0913F05FFE462301210722E3
:1048C000CDE9003100EB09032146284613F0E4F955
:1048D0006421002013F050FE09281ADC0321002077
:1048E00013F04AFE012816D10237102F4FF00501B0
:1048F0006FF00300C8BF073F13F03EFE37230222CC
:104900003946CDE9003200F160030822284613F051
:10491000C3F901354EE6022808BF0437E5E72DE963
:10492000F04F00238BB0561E03270993054606F06F
:10493000030B02900491CDE9073301238DF8253054
:10494000734296FBF7F703F0030307EB470758BFE3
:10495000C3F1000BF71BBBF1030F0CBF3723502330
:104960000393049B9D4202D30BB0BDE8F08F029BE2
:1049700031460620EC1AB34B1B68B4FBF3F203FB81
:104980001244099B009304F10108DDE90723FFF7B6
:1049900071FBB307814642D10A2C1BD840F2414338
:1049A000E340D80716D5B8F1010F4FF005016FF0BD
:1049B000030014BF4FF0760A4FF07C0A13F0DCFDC1
:1049C0006421012200EB0A032846CDE900120321ED
:1049D00013F062F9C7BB24F00803042B56D105215C
:1049E0006FF0030013F0C8FD012F00F1700340F0D9
:1049F000158124F00802022A40F0228106216FF07E
:104A0000040013F0B9FD2D2200F13C0301212846DA
:104A1000CDE900210222052113F03EF936E0BBF179
:104A2000010F04D10E2CD5D844F24543B8E7BBF1B1
:104A3000020F04D10C2CCDD841F24923B0E70B2C46
:104A4000C8D840F6C343ABE7012F40F0BD80A31E9A
:104A50000A2B00F2AD80DFE803F00AAB06ABABAB8C
:104A6000ABAB06AB0600B8F10B0F40F0AA800B21F0
:104A70006FF0090013F080FD4FF0010A4630552217
:104A8000714B6A439854BAF1000FA8D118F0010F86
:104A900024F0080240F0DA80072A4FF005016FF099
:104AA00003000CBF4A234423059313F065FD5A22EB
:104AB0004FF0010C059B072103442846CDE9002C4B
:104AC000032213F0E9F80D2C40F2D480F20700F134
:104AD000E8800C2C23D841F21113E340DB071ED5EC
:104AE000099B06EBA80148460093DDE90723FFF781
:104AF00039FC092804464FF00501C8BFC41F6FF0F8
:104B0000030013F039FD64234FF0010C0622214607
:104B1000CDE9003C00F16203284613F0BDF86421A2
:104B2000002013F029FD0D281DDCB8F10001099BC0
:104B30004846B8BF0331009306EBA101DDE9072326
:104B4000FFF74AFB052104466FF0030013F014FD44
:104B50003C2302210722CDE9003100F15803214610
:104B6000284613F099F86421002013F005FD07286A
:104B70001CDC0221002013F0FFFC08B909F1030935
:104B8000B9F1100F4FF005016FF00300C8BFA9F194
:104B9000070913F0F1FC2D2304224946CDE9003228
:104BA00000F15A030822284613F076F80135D8E6BA
:104BB0004FF0000A0B216FF0090013F0DDFC6430A8
:104BC0005DE74FF0010AF5E7052C12D8022C19D841
:104BD0004FF0000A611F082904D840F24112CA4070
:104BE000D10714D40B216FF0090013F0C5FC5F301E
:104BF00045E7A4F10B03022B8CBF4FF0000A4FF0E6
:104C0000010AE7E7B8F1040F4FF0010AE2D10B21E6
:104C10006FF0090013F0B0FC3C3030E7022F0FD1E9
:104C20000D2C0DD842F62802E240D20708D5062105
:104C30006FF0040013F0A0FC3C2200F14003E5E615
:104C40006422E3E6A05F0020535FF670042A7FF43D
:104C50003AAF05216FF00300059213F08DFC01239C
:104C6000059A08210193039B009300F15C032846F9
:104C700013F012F842F22223E340D8077FF526AF63
:104C800006216FF0040013F077FC1E23012105229A
:104C9000CDE9003100F13A030621284612F0FCFF6D
:104CA00014E70E2C3FF63BAF45F2555315E72DE9BF
:104CB000F04F00238BB0571E4FF0030809930646B0
:104CC00007F0030A0290049197FBF8F8CDE9073347
:104CD000012308EB48088DF825307B42A7EB080834
:104CE00003F0030358BFC3F1000A049B9E4202D3A2
:104CF0000BB0BDE8F08F029B39460620F41AB94B81
:104D00001B68B4FBF3F203FB1244099B0093651C80
:104D1000DDE90723FFF7AEF9BA07039006D1012DAD
:104D200058D0092D21D14FF0780B0FE0BAF1010FC7
:104D300043D10C2C19D841F21113E340DB0714D5F1
:104D4000012D0CBF4FF07E0B4FF0780B04216FF05C
:104D5000020013F011FC6421012200EB0B0330462A
:104D6000CDE90012032112F097FFB8F1000F34D102
:104D700024F00803042B4FD105216FF0030013F03A
:104D8000FBFBB8F1010F00F1720340F0988024F0B2
:104D90000802022A40F0A68005216FF0030013F0FC
:104DA000EBFB2D2200F13E0301213046CDE900212D
:104DB0000222052112F070FF2EE0BAF1020F04D199
:104DC0000A2CD2D840F24143B7E70A2CCDD840F2A2
:104DD0000553B2E74FF07E0BB8E7B8F1010F45D1AC
:104DE000A31E0A2B36D8DFE803F008350635353523
:104DF0003535063506000B2D35D10B216FF0090036
:104E000013F0BAFB4FF0010B46305522764B72433C
:104E10009854BBF1000FAFD1EA0765D415F0030F2A
:104E20004FF005016FF0030014BF4A235023059390
:104E300013F0A2FB64224FF0010E059B07210344EF
:104E40003046CDE9002E032212F026FF0D2C61D949
:104E5000012375E04FF0000B0B216FF0090013F0F8
:104E60008BFB6E30D1E74FF0010BF5E7052C12D824
:104E7000022C19D84FF0000B611F082904D840F20A
:104E80004112CA40D00713D40B216FF0090013F070
:104E900073FB6430B9E7A4F10B03022B8CBF4FF016
:104EA000000B4FF0010BE7E7042D4FF0010BE3D1AE
:104EB0000B216FF0090013F05FFB3C30A5E7B8F160
:104EC000020F0FD10D2C0DD842F62802E240D10777
:104ED00008D506216FF0040013F04EFB3C2200F1D0
:104EE000420361E764225FE724F00802042AADD19F
:104EF00005216FF00300059213F03EFB50234FF0A5
:104F0000010C059A0821CDE9003C00F15E03304612
:104F100012F0C2FE42F22223E340D8070FD5062149
:104F20006FF0040013F028FB232301210522CDE9B3
:104F3000003100F13C030621304612F0ADFE0023A3
:104F4000FA0725D4002D05F00103B8BF5B42012B01
:104F500024D1099B07EBA50103980093DDE9072302
:104F6000FFF700FA092804464FF00501C8BFC41F27
:104F70006FF0030013F000FB642301210622CDE94A
:104F8000003100F168032146304612F085FE05E04D
:104F900023B942F22553E340D807DAD46421002034
:104FA00013F0EAFA0B281BDC099B05EBD575039877
:104FB00007EB65010093DDE90723FFF70DF90521F4
:104FC00004466FF0030013F0D7FA3723022221467C
:104FD000CDE9003200F158030722304612F05CFEA2
:104FE000013682E6A05F0020535FF6702DE9F04F96
:104FF00002F1FF3803268BB0002308F0030B0746AD
:1050000009930290049198FBF6F6CDE9073301234A
:1050100006EB46068DF82430D8F10003A8EB06060F
:1050200003F0030358BFC3F1000B022E0CBF412352
:1050300055230393049B9F4202D30BB0BDE8F08F2E
:10504000029B41460820FC1AB74B1B68B4FBF3F2E5
:1050500003FB1244099B0093651CDDE90723FFF75E
:1050600009F881467EBB0C2C04D841F21113E340B1
:10507000D90731D418F0030F49D124F00803042BC9
:1050800040F0A28005216FF0030013F075FABBF128
:10509000010F00F16A0340F0CA8024F00802022ADE
:1050A00040F0D88005216FF0030013F065FA2D223F
:1050B00000F1380301213846CDE900210222052103
:1050C00012F0EAFD80E0012E1CD1002D05F0010355
:1050D000B8BF5B42012BCDD1012D4FF004016FF021
:1050E000020014BF72237823059313F045FA64215C
:1050F0000122059BCDE9001203440321384612F03A
:10510000CBFDB7E70E2CB5D845F25113AFE7BBF195
:10511000010F26D1A31E0A2B17D8DFE803F00816CB
:10512000061616161616061606000B2D17D10B219D
:105130006FF0090013F020FA01233C3055227B491F
:105140007A438854002B3FD09CE700230B216FF05B
:105150000900059313F010FA5530059BEEE7012383
:10516000F4E7BBF1020F27D1052C12D8022C17D877
:105170000023611F082904D840F24112CA40D20717
:1051800012D40B216FF00900059313F0F5F950309C
:10519000E3E7A4F10B03022B8CBF00230123E8E714
:1051A000042D4FF00103E4D10B216FF009000593AA
:1051B00013F0E2F93230D0E70C2C05D841F292031B
:1051C000E340D8073FF55EAFEA0717D415F0030FA9
:1051D0004FF005016FF0030014BF46234C230593E5
:1051E00013F0CAF964224FF0010C059B0721034418
:1051F0003846CDE9002C032212F04EFD18F0010FC5
:105200002AD124F00803042B40F0928005216FF08E
:10521000030013F0B1F90123042208210193039B39
:10522000009300F15C03384612F036FD1BE0BBF141
:10523000020F0FD10D2C0DD842F62802E240D10703
:1052400008D506216FF0040013F096F93C2200F116
:105250003E032FE764222DE70C2C69D841F214435A
:10526000E340D807D2D442F22223E340D90761D5E4
:1052700006216FF0040013F07FF91E23012206219E
:10528000CDE9003200F13A030522384612F004FD60
:10529000002E40F08A806421002013F06DF90D2863
:1052A0001BDC099B05EBD575484608EB65010093AF
:1052B000DDE90723FEF790FF052104466FF00300A8
:1052C00013F05AF93C2301210722CDE9003100F106
:1052D00056032146384612F0DFFC6421002013F00B
:1052E0004BF907281DDC0321002013F045F90128A4
:1052F00056D109F10209B9F1100F4FF005016FF015
:105300000300C8BFA9F1070913F036F932230222BE
:105310004946CDE9003200F15C030822384612F01C
:10532000BBFC013786E600BFA05F0020535FF6702C
:105330000D2C98D90EBB34F00803ACD1099B08EBB7
:10534000A50148460093DDE90723FFF70BF809287C
:1053500004464FF00501C8BFC41F6FF0030013F0EF
:105360000BF964234FF0010C06222146CDE9003CE5
:10537000C318384612F090FC8DE7012E07D1002D9E
:1053800005F00103B8BF5B42012B84D1D6E70E2C98
:1053900081D844F64913E340DB077FF57CAFCDE7C6
:1053A000022808BF09F10409A5E7012EF1D1E6E7BB
:1053B0002DE9F04F8DB0561E0327DFF8A0B2039001
:1053C0000020069164210B90CDE9090013F0D4F878
:1053D0003628039DD4BF0123002396FBF7F70593DE
:1053E00007EB4707CCBF01230023A6EB07078DF887
:1053F0002D30CCBF062308230493069B9D4202D385
:105400000DB0BDE8F08F039B31460498A5EB03096E
:10541000DBF80030B9FBF3F203FB1299059B8DF822
:105420002C3009F101080B9B0093DDE90923FEF7FD
:1054300021FE64218246002F40F0AB80384613F0F5
:105440009BF80E282ADC0921052013F095F8B8F105
:1054500000010B9B4FF00204B8BF09F10401079053
:105460000093504606EBA101DDE90923FEF7B4FEE7
:10547000062880464FF00401D8BF00F107086FF0FE
:10548000020013F079F841239DF81C20CDE9003487
:1054900000F12A034146284612F0FEFB16F00100F7
:1054A0004FF0640140F0C78013F066F8072810DC65
:1054B00004216FF0020013F05FF832234FF0040E66
:1054C000CDE9003E00F1240303220621284612F014
:1054D000E3FB6421002013F04FF80B281DDC0B9B2D
:1054E0003146504604240093DDE90923FEF73AFFD4
:1054F000092880464FF00501C8BFA0F107086FF0EA
:10550000030013F039F8372306224146CDE9003471
:1055100000F13603284612F0BFFB6421002013F08F
:105520002BF811281DDC0B9B314650460093DDE91A
:105530000923FEF751FE052880464FF00401D8BF2D
:1055400000F107086FF0020013F016F84123022162
:105550000722CDE9003100F12E034146284612F022
:105560009BFB6421002013F007F804280FDC0421C2
:105570006FF0020013F000F8232308220521CDE983
:10558000003200F12C030222284612F085FB01357F
:1055900033E7012F4FF0000028D112F0EDFF18285B
:1055A0003FF77CAF0921052012F0E6FF0B9B08EBCB
:1055B000D87881460093504606EB6801DDE909235F
:1055C000FEF70AFE052880464FF00501D8BF00F11E
:1055D00007086FF0030012F0CFFF4B230121CDE944
:1055E000003100F134035FFA89F253E712F0C4FF8F
:1055F00022283FF753AF0921052012F0BDFF0B9B76
:1056000008EB0601814600935046DDE90923FEF7C9
:10561000E3FD042880464FF00501D8BF00F10708DC
:105620006FF0030012F0A8FF50230122CDE90032F1
:1056300000F13003D7E7002012F09EFF0E283FF75D
:1056400048AF04216FF0020012F096FF3C234FF0A8
:10565000020CCDE9003C00F1280335E7A05F0020F3
:1056600082B02DE9F04105460E469046044641F2CF
:105670001117B44203D3BDE8F04102B07047631B79
:1056800003F00F0327FA03F3DB070AD509210120F2
:1056900012F072FF642301465FFA88F2204612F08E
:1056A000A7FE0134E5E7084B084A186800231946AD
:1056B000984200DC704702F8031B013302F8021C19
:1056C00002F8011CF4E700BFE05700200E00202084
:1056D000014B01221A70704773680320074B1A7838
:1056E000002A0CBF012200221A7014BF02220322DA
:1056F000034B1A700122034B1A7070477766002023
:105700007666002073680320034B01221A70002282
:10571000024B1A60704700BF83660020B4780020F7
:10572000024B1A68024B1A60704700BF14500320E6
:1057300008780020024B034A1360034A1360704745
:1057400019FCFFFFE8570020EC57002008B5FFF7D1
:10575000F1FF124B124A1968E1B1124B1B685B1A38
:1057600041F287318B4215D900230F490B700F4945
:1057700013600B700E490B700E490B700E490B70C5
:105780000E490B600E490B600E490B600E490B6011
:105790000E490B6012680E4B9A6308BD0878002012
:1057A000108C002014500320D3800320D5800320C8
:1057B000D4800320D6800320D28003200C8C0020CC
:1057C000188C0020148C0020208C0020088C0020D5
:1057D000A45F002008B5224BD3ED027A17EE903A71
:1057E0000A2B33D8F8EEE77AF2EE046A87EEA67A4F
:1057F000B5EEC07AF1EE10FA2FD4B7EE000AB4EE8F
:10580000C07AF1EE10FA30FE070A164812F008FDD1
:10581000154B1448197812F007FC144B11481B68FB
:10582000012B0ABF124B0021196812F029FD114B00
:105830000C48197812F0B8FDFDF712F9FDF7BAF827
:10584000FDF7C2FCBDE80840FDF700B8F8EE677A46
:10585000DFED096A87EEA67ACFE79FED080AD4E765
:10586000EC500020404E0320D6660020FC4D032063
:10587000D4460320905E00200000C84200000000D3
:1058800038B5074DC9242046013412F0E9FB431E08
:1058900058425841D12C05F8010FF4D138BD00BF52
:1058A00060A80570044A0A211368013393FBF1F0E4
:1058B00001FB103313607047108C0020044A0A214A
:1058C0001368093393FBF1F001FB10331360704749
:1058D000108C002009289CBF014B1860704700BF46
:1058E000108C0020002108B50E4B19600E4B19706A
:1058F0000E4B19700E4B19700E4B19700E4B197020
:105900000E4B19600E4B19600E4B19600E4B19604F
:105910000E4B1960FFF70EFF0D4B99630D4B19608D
:1059200008BD00BF108C0020D3800320D580032049
:10593000D4800320D6800320D28003200C8C00204A
:10594000188C0020148C0020208C0020088C002053
:10595000A45F002008780020014B01221A707047D4
:10596000DC660020144B1B7833B1144B1A68144BBF
:1059700003EB021358687047124B1B781BB1124B94
:105980001A68124BF4E7124B1B781BB1114B1A68C3
:10599000114BEDE7114B1B781BB1114B1A68114BE2
:1059A000E6E7114B1B781BB1104B1A68104BDFE771
:1059B000104B1A68104BDBE7D38003200C8C0020BF
:1059C000E05E0020D5800320188C0020306200208B
:1059D000D4800320148C002098600020D6800320FF
:1059E000208C0020C4640020D2800320088C00207A
:1059F0004C5C0020108C0020F05F00200023064A41
:105A0000064913704FF0FF320A6005490A60054AE3
:105A10001370054A13707047756803200800202032
:105A2000040020200100202000002020244BF7B596
:105A30001A78244B1F681AB12349097801B95FB35A
:105A400058695E680128214B38BF01201D688AB162
:105A50001D4B1B7873B96FB11D4B1B78F3B11D4BF8
:105A60001968D9B1D5B101393046B1FBF5F1013131
:105A700012F05EFA012838BF0120003F00F1FF3428
:105A800018BF01276C4301342544AC420ED312F0F9
:105A9000ABFB114B00221A7003B0F0BD0F2EE9D8FA
:105AA0000E4B9B5D002B18BF1846E3E7204633469C
:105AB000112201210097013412F0F2FAE5E700BF4C
:105AC00043810320EC50002020810320A05F0020B0
:105AD000D8800320745B0020FC80032033810320E6
:105AE0000E4BF7B51D68441E0D4A6C43D2E90067A2
:105AF0000134003E254418BF0126AC4204D303B054
:105B0000BDE8F04012F070BB20463B461122012157
:105B10000096013412F0C4FAEFE700BFA05F002046
:105B2000EC5000203D4A2DE9F04F1579EBB02846A6
:105B3000FBF76EFD08286ED05169FBF773FD002955
:105B40004FDD81420C46A8BF0446354B4FF000089C
:105B50004FF001094FF0FF0A1B68002BDCBF314BEF
:105B60001B6801290095B8BF01219942B8BF1946A9
:105B7000234681420A464FF00101A8BF024608A809
:105B8000FBF7B4FD4FF48071002012F0F5FC0646DF
:105B9000024608A903A8FBF7FDFE3346224608A9E2
:105BA00005A8FCF783FD204B621EDFF880E0196832
:105BB00040F201134FF0640C4A4301321144994200
:105BC00028BF194691420ED803AB08AA2946CDE951
:105BD00000062046FCF717F96BB0BDE8F04F12F055
:105BE00003BB0124B1E75523012703FB02E393F82C
:105BF00005B0AB4509D183F8058083F806C083F86A
:105C000007C083F8089083F809A001370533112FE6
:105C1000EDD10132D6E76BB0BDE8F08FEC5000203B
:105C2000C8460320885E0020A05F0020395FF67020
:105C300038B5084B1C781CB1BDE83840FDF752BBA5
:105C4000054D2046013412F06FFC45F8040F102C6E
:105C5000F7D138BD01680320CCA605700F4A08B5FE
:105C60001378CBB1002313700D4A13700D4B0E4AFD
:105C700003F1100153F8040B8B4242F8040BF9D1E5
:105C80004FF4807209490A4812F036FB12F058FBB3
:105C9000BDE80840FFF7CCBF08BD00BFFD6703208B
:105CA000B95E0320D87A2020C8782020D879202017
:105CB000D8782020364BF7B51C780022354B364D6E
:105CC0001E882846354F022C32D0032C36D0012CAA
:105CD00036D1531E012B94BF00230123002102EB78
:105CE000070E00F8013B4FEA011C013110290EF8A4
:105CF0000C30F8D10132102AE5D112F021FBFFF768
:105D000097FFFCB100242B78002B3CD0631E072B9F
:105D100032D8242600270023F1B2013620461A4645
:105D2000009712F085FA612EF5D101340135EAE7CA
:105D300026FA02F3DB4303F00103CFE70023CDE7AC
:105D40000123CBE7264624250023E9B2013520466E
:105D50001A46009612F06CFA612DF5D10134092C27
:105D6000F1D10D2012F06CF80E2012F069F803B09A
:105D7000BDE8F04012F084BBA4F10D03012B02D862
:105D8000204612F035F90134102CCFD103B0F0BD0C
:105D9000B95E0320DE650020C8782020D878202056
:105DA000104B1B7810B5DBB90F4C2378C3B90F4BE0
:105DB0000F4A03F1100153F8040B8B4242F8040B15
:105DC000F9D14FF480720B490B4812F095FA012378
:105DD00000222370094BBDE810401A70FFF76ABF1C
:105DE00010BD00BF01680320FD670320C878202094
:105DF000D87A2020D8782020D8792020B95E0320B6
:105E0000054B1B783BB1054B1A78824208BF002036
:105E10001870FFF74FBF7047FD670320B95E03207E
:105E200070B52DED028B9FED2E8B2F4D01242F4E43
:105E300055F8043F33B156F82430002B02DB102B09
:105E40001DDCEBB90134092CF2D1294D0B24274E6E
:105E50009FED238B0C2C08D02B6833B156F82430DF
:105E6000002B02DB102B21DC0BBB013404350F2C83
:105E7000F0D1BDEC028BBDE8704011F045BF10239E
:105E800007EE903AB7EE004BB0EE483BB8EEE70AAB
:105E9000B3EE002B9FED121BB7EEC00A12F078FB99
:105EA0002868B7EEC00B12F0CFFACBE7102307EE4D
:105EB000903AB7EE004BB0EE483BB8EEE70AB3EECF
:105EC000002B9FED071BB7EEC00A12F061FB28689C
:105ED000B7EEC00B12F0B8FAC7E700BFAFF300800F
:105EE0000000000000000000345B002010A70570D7
:105EF000605B002008B50022074B1021013243F8F7
:105F0000041F102AFAD11146044812F021FBBDE803
:105F10000840FFF785BF00BF0CA7057065822020F1
:105F200012F02AB9431E072B30B5044693B014D89B
:105F3000C3010B4AD35C83B10A4B01A91B689D6B5B
:105F400000238DF8043011F0EBFE204612F000FA29
:105F500001AA2946204611F003FF13B030BD00BF4F
:105F600048DB0070B85B0020431E072B2DE9F04191
:105F70000646B4B01FD811F043FF274B1A88D2B1A0
:105F8000264B1B689F6B0023791E8DF80C3003D4C1
:105F9000531E8B42A8BF0B46214AD25C72B93046D1
:105FA00003A911F0BDFE304612F0D2F903AA39461A
:105FB000304611F0D5FE34B0BDE8F081012AFAD1A7
:105FC000184D03EB8313184C05EBC6151C442846EB
:105FD00012F04EF98046204612F04AF94044013052
:105FE0007F28E8D8B8F1000F0FD02B460F4A802148
:105FF00014A8009411F070FE7F2214A9284612F014
:1060000097FA002385F87F30D0E72346084A80219D
:10601000284611F061FEC9E77C5A0320B85B0020D6
:106020004858007048DB0070485900703441002027
:1060300061410020431E072B10B504461CD811F007
:10604000DFFE0E4B1B88BBB10D4A1268926B013A02
:106050000CD4013B9342A8BF13460A4A2046D35CA6
:10606000012B05D8BDE81040FFF77EBF0023F4E701
:10607000BDE81040FFF756BF10BD00BF7C5A03209B
:10608000B85B002048580070F0B541209DB011F079
:10609000E7FF03283B4C0AD94120002111F0C8FE3C
:1060A000002011F075FF207012F002F859E0207006
:1060B000FAD1354C354AD4F88814D4F8840412F057
:1060C00013F908B90020EFE7214600232F4A68465C
:1060D00011F056FF049D284612F0F2F8044608B964
:1060E000002432E0284611F0D7FE5A2871F1000151
:1060F000F6D35A2205A9284611F01AFE5A28EFD1E4
:1061000005AB2349234A00205F7801309E78033194
:1061100093F800C00F2801F8027C03F1030301F893
:1061200003CC02F1030201F8016C93F82B7093F891
:106130002C6093F82AC002F8027C02F803CC02F823
:10614000016CE1D1144B01221A70284612F0B8F804
:1061500010B1684611F0E4FE684611F0BDFE002C57
:10616000B0D0452011F07CFF022806D84520402100
:1061700011F05EFE402011F00BFF084B18701DB0AF
:10618000F0BD00BFA6800320D0710020E43B0020BA
:106190004880032075800320A2800320D56600205C
:1061A00008B5382011F05CFF431EDBB2032B14D975
:1061B0000121382011F03CFE11F0EAFE01200346D7
:1061C000094A0228136098BF0020084A88BF0120AE
:1061D0001B011070064A136008BD0128EED0032889
:1061E00014BF02230123EBE78C5E0020E280032032
:1061F000A05F0020312808B50DD8074AC9B212782F
:106200002AB111F0B1FFBDE8084011F0C1BE2B303A
:1062100011F00EFEF7E708BDD880032038B5104B0B
:106220001B68DA6A1F2A144628BF1F240D2C38BFAA
:106230000D24944204D021460A48DC6212F0FCF896
:10624000094D2B789C4204D061B20F202C70FFF7CF
:10625000D1FF29780548BDE8384011F0E5BE00BF00
:10626000B85B0020806F0020D6660020404E0320DF
:1062700038B50A4B1B7833B1094B01221A70BDE8BF
:10628000384011F085BE074DC9242046013415F869
:10629000011F11F0CDFDD12CF7D1F0E7D8800320FC
:1062A0000A68032060A805700D4B1B7813B50446DF
:1062B000ADF8061063B1C9B211F056FFBDF8061073
:1062C000601C090A11F050FF11F062FE02B010BD0F
:1062D00000F12B0102220DF1060011F049FDF3E758
:1062E000D880032008B512F077F9034B00221A700A
:1062F0000122024B1A7008BDFA670320736803205D
:106300002DE9F041C6B0002411F08EFF012301AE4B
:1063100001932046013411F0A3FE06F8010B042C72
:10632000F7D1019D09AF2B26B5F57A7F3C4628BFF2
:1063300000253046013611F093FE07F8010B5D2E63
:10634000F7D10DF10808C92746463846013711F044
:1063500087FE08F8010BD12FF7D1169517AD0FCC9A
:106360000FC50FCC0FC50FCC0FC523682B8033464C
:106370003D4D03CBCDF88E0016A8CDF892103E21EE
:1063800012F04AF8394A0646D5F88814D5F884043C
:1063900011F0AAFF18B13549284611F03DFE01233E
:1063A000324A314904A811F0EBFD089811F088FF3A
:1063B0000446002851D02E4904A811F0BDFF2D49F4
:1063C00004A82D4C11F080FD00230A223E2104A8D0
:1063D00011F076FC04A811F043FD284904A811F03F
:1063E00073FD1022002331460DEB020011F068FC12
:1063F00004A811F035FD04A8214911F065FD16AA85
:1064000026AB002012F8011B013002330E0901F007
:106410000F013E28A65D615C03F8026C03F8011CC5
:10642000F0D1002326A904A88DF8143111F084FFBF
:1064300004A811F075FD134AD5F88814D5F8840422
:1064400011F052FF18B10F49074811F0E5FD0D4A50
:1064500006490D4812F010F8044604A811F03CFD5E
:10646000204646B0BDE8F081D0710020EF3B00200F
:10647000FC3B00200E3C00201E3C0020133C002072
:10648000183C00202F3C0020D471002038B5054C6A
:10649000237833B1044B1D781DB9FFF731FF00B1EC
:1064A000257038BD77680320D88003202DE9F0419E
:1064B000314E3378002B4BD1304C237813B3D807AF
:1064C00004D52F4B5120197811F0B2FC237899078D
:1064D00004D52C4B5220197811F0AAFC23785A07C6
:1064E00004D5294B5320197811F0A2FC23781B07FF
:1064F00004D5264B5420197811F09AFC0023237000
:1065000011F046FD224F3B78DBB10024214DDFF82E
:106510009880E21004F007010123AA5C8B4013422B
:1065200005D018F8041004F12B0011F081FC01349F
:10653000322CEED100232B603B70C5F8033011F0F4
:1065400027FD154B1A781AB100221A70FFF790FE3A
:10655000124C237873B1357865B9114B114A1B6819
:1065600012689B1A40F2DB52934203D9FFF7C8FE30
:1065700000B12570BDE8F081D8800320AA6803200F
:10658000D7660020D8660020DA660020D966002091
:10659000096803200C6803200A6803207768032039
:1065A00014500320047A0020786803202DE9F04776
:1065B000DFF83CA14FF00009494F9EB0494E4A4DCB
:1065C0004A4ADAF88814DAF88404A7F8009086F8C2
:1065D000009085F8009011F087FE0446A0B10123D9
:1065E000DFF81081414A514601A888F800304B4637
:1065F00011F0C6FC059811F063FE0446D0B988F886
:10660000000001A811F068FC20461EB0BDE8F0872C
:1066100006A82DE011F0C8FD35E0631C5F2B97BF85
:1066200004F178025F240DEB020404F8600C98BFBB
:106630001C4629E04C46CA4626E03B88B3F5006F6D
:1066400027D201A811F08CFF431C22D00D281BD0AB
:106650000A28E2D104F17803042C6B4403F860ACFF
:106660000CD92F2106A811F003FF0028D0D001304B
:1066700011F0F2FB10B106A811F046FD09F1010975
:1066800019F01F0FC6D0002401A811F0BDFB00288F
:10669000D3D1042C0CD801A811F042FC00233C8873
:1066A00088F80030E41A18BF012434702C70A8E771
:1066B00004F178032F2106A80DEB0304002304F84E
:1066C000603C11F0D5FE40B1013011F0C5FB00284F
:1066D000E1D006A811F018FDDDE706A8F5E700BF38
:1066E0007A5A0320D0800320E38003203C3C002022
:1066F000D071002005680320F8B5174A0023174F12
:106700001370174D174A3B802B801370164B1B7864
:106710003BB1164B1B8823B1144B1C8834B90020A5
:10672000F8BDFFF743FF0028F6D1F8E7202C4FF023
:10673000000628BF202411F02FFC18B10136B3B297
:10674000A342F8D33B88002BE9D000232B8011F023
:106750001BFB0120E4E700BF13680320765A0320E7
:10676000785A032085660020D08003207A5A0320BF
:10677000FFF7C2BF2DE9F843504B1B78002B00F008
:106780009B804F4C00204F4E636A3168013B93FB66
:10679000F1F201FB12334C4A106001224B4823EA0C
:1067A000E37302604A480568C4E904220DB1A942B6
:1067B00000D202600133474A4FF0FF3160686362E4
:1067C00000231370444A1370444A1370444A1370F0
:1067D000444A1370444A1360444A1160444A137097
:1067E000444A1370444A1360444A137011F070FC19
:1067F00060B10123424A6360424B1B68934205D15A
:1068000002214148A162D96211F016FE3F4D0021DC
:10681000DFF80881A5F18307DFF804910846FBF74C
:10682000C3FF002301EB090C05F1110208F8010B6D
:1068300005F8010F47F8040F0CF80300D05410338B
:10684000B3F5807FF8D101311029E7D10025284622
:10685000002111F01DFE28460135012111F018FE1E
:106860006C2DF4D10D2011F0EBFA0E2011F0E8FAA6
:1068700011F006FE234B264A1B68934202D0204AA1
:10688000934219D1626A012522481D6329469A6301
:1068900011F04AFB29461F4811F066FE29461D48A3
:1068A00011F0CAFD31681C4811F05EFE616A1A4899
:1068B000BDE8F84311F0C0BDBDE8F88301680320CE
:1068C000EC500020A05F0020784703200C5C0020E3
:1068D000705B0020FD670320B95E03202281032046
:1068E000FB670320E5800320E04603200C610020C5
:1068F000E8800320E6800320DC460320E7800320B5
:1069000038630020B85B0020806F00204FA705701F
:10691000C05B0020CC6F002064700020C87820206D
:10692000D87820200F2838B504461AD8224B1B7877
:10693000C3B1FBF739FF214A214B224918551319DE
:10694000214483F8680F04F2BA3304F6787442F8ED
:10695000230000232244C854D0541033B3F5807F61
:10696000F9D138BD184B1B78E3B11848154A436973
:10697000102B28BF1023012B38BF01235D1E02EB13
:10698000051211550029ECD0114A1268032A04D1CE
:106990000269002AE5D09A42E3D12046BDE838409A
:1069A00011F022BB064B054A195400F2BA3342F8E3
:1069B00023100029D5D0F0E701680320E89705707F
:1069C000C8782020D8782020CB5B0320EC50002012
:1069D000AC610020084B1B7810B563B9074B5C68AD
:1069E0002046FCF75FFC80F001012046C9B2BDE8FB
:1069F0001040FFF797BF10BD01680320EC50002046
:106A0000374B2DE9F0411C68002C67DD204611F062
:106A10005FFB002862D1204611F086FD00285DD181
:106A2000304B1A687AB11D682F4B204619682F4BDE
:106A30001E7811F055FC0746F6B230B1E8B2BDE859
:106A4000F04111F0BDBA6425EEE7082C28DC2046A1
:106A500011F08EFB002841D10A4630462146B2EEA5
:106A6000087A11F0A9FB224B2A4603EB8403D3EDED
:106A7000007AFDEEE77A17EE903A18181D4B03EBFB
:106A80008403D3ED007A012367EE877AFDEEE77A7F
:106A900017EE901A01442046BDE8F04111F02CBDDC
:106AA0000B2C08D1304611F0BBFC2A463946BDE814
:106AB000F04111F07DBAA4F10D03012B0ED803466D
:106AC00030062A4605D431462046BDE8F04111F093
:106AD000EFB82046BDE8F04111F056BABDE8F081AC
:106AE000F08E0020F88E0020F48E0020CA66002070
:106AF000287B2020047B20202DE9F04F8F4F87B08A
:106B00008F4E3D788F4C002D36D18F4B0120196868
:106B1000013111F031FD8D4B11211860012011F070
:106B20002BFD8B4B42211860192011F025FD02210D
:106B30008146284611F020FD02218046284611F0AA
:106B40001BFDB9F1270F40F3AF80B9F1320F4FF0C1
:106B5000010300F3AB8001227E4D7F492B600A6068
:106B6000B8F1000F01D15B422B6008B952420A60B4
:106B70003368236001233B70326823687749D31A56
:106B800009888B42C0F0D580DFF8C8816F4E226043
:106B90003068D8F80040704F04EB000C6C4D3B6837
:106BA0002968BCF1000F049403EB0102059305DD95
:106BB000DFF894E1DEF800E0E64501DA644204948F
:106BC000013A0F2A84BF5B420593002C78D0CCBFDA
:106BD00001234FF0FF335C4A002C00EB03094FF018
:106BE000010BB8BF64421268B9F1000F60DD4A457D
:106BF0005EDB48460191CDE9022311F0E9FB039BDE
:106C00008246DDE90112002852D0484611F0BCFB53
:106C1000049B05A904A85B420493FAF7ABFF059C0B
:106C2000002C5BD0BAF1000F5BD15445D4BF4FF0BC
:106C3000FF33012384EAE47229684FF0010AA2EBD2
:106C4000E472D6F800B003EB010909F1FF310F2916
:106C500008D849465846CDE9013211F0B9FBDDE9C3
:106C6000013278BB0AF1010A99449245EDDD3268A0
:106C7000049B02EB0309B9F1000F32DD324B1B68B4
:106C80004B452EDB2B681C44631E0F2B29D8214655
:106C9000484611F09DFB20B32146484611F074FB95
:106CA000049B5B42049311E0022354E7022253E762
:106CB0000BF1010B99445C4596DA4FF0000AAEE700
:106CC000A246ACE74946584611F05EFB059B05A974
:106CD00004A85B420593FAF74DFF02E0BAF1000FFA
:106CE000C5D01F4C316894F900301E4A1E48D1545B
:106CF0002A68C2540133584203F0030300F0030032
:106D000058BF4342049823700B18002B14DD0E4922
:106D100009688B42A8BF0B463360059BC8F800008A
:106D20001A443B60102AA8BF1022012AB8BF0122D2
:106D30002A6007B0BDE8F08F0123EDE775680320F6
:106D400014500320AC780020A05F0020FC570020E6
:106D5000005800206C570020705700200C002020A5
:106D6000010020200800202004002020294B1B784F
:106D70002DE9F0418CB0002B49D0274E0023274D40
:106D800001AC3246B367C6F8B4300DF1040842F8DE
:106D90003C3B0027C6F8F03006F27C4613600FCD6E
:106DA0000FC40FCD0FC495E8070084E8070058F81A
:106DB000044B0025E8B201350122214611F008F804
:106DC0000F2DF7D12146012011F0D2F821460320E2
:106DD00011F0CEF82146042011F0CAF82146052012
:106DE00011F0C6F80B2C0AD1D6ED007AFDEEE77A49
:106DF00017EE900A11F0ECF9204611F06DFA013708
:106E00000B2FD4D10CB0BDE8F04110F07DBF0CB019
:106E1000BDE8F0813766002078A10570BC23002012
:106E200070B52A4D8CB00024013455F8040B11F0D4
:106E30000FF80B2CF8D1264D10F066FF01AC01AE17
:106E40000FCD0FC40FCD0FC495E80700002584E8CF
:106E5000070056F8044B01222146104610F0B8FFF7
:106E600001222146022010F0B3FF01222146032017
:106E700010F0AEFF01222146042010F0A9FF0122EC
:106E80002146052010F0A4FF01222146062010F023
:106E90009FFF2146012011F06BF82146032011F0DD
:106EA00067F82146042011F063F82146052011F00F
:106EB0005FF80B2C02D1204611F00EFA01350B2D94
:106EC000C7D10CB0BDE8704010F01EBF8C2500206B
:106ED000BC23002017B400280CDD00290ADD01388E
:106EE00013460A4600F00F040011611C03B010BCE9
:106EF00010F0DABF03B010BC70472DE9F04F85B039
:106F00000C460646471C851C00F1030B0393DDE984
:106F10000F910191FAB14FF0000804F1030906EB5B
:106F2000080008F10108039A4946FFF7D3FFB8F1BA
:106F3000050FF4D1039A211D3846FFF7CBFF039AC2
:106F4000211D2846FFF7C6FF039A211D584605B0AC
:106F5000BDE8F04FBEE71A46A11D384606F1040809
:106F6000FFF7B8FF039AA11D2846FFF7B3FF039A66
:106F7000A11D5846FFF7AEFF611D039A30468A46B1
:106F8000FFF7A8FF039A404651464FF0010AFFF76A
:106F9000A1FF04EB0A01039A30460AF1010A0291AB
:106FA000FFF798FF4046DDE90212FFF793FFBAF1C1
:106FB000050FEED121463846039AB944FFF78AFF00
:106FC00021462846039AFFF785FF2146039A584633
:106FD000FFF780FF4E45B8BF4F46019AA31CBD4244
:106FE00013440E9AA8BF3D469C422846A8BF631C86
:106FF00003349C42A8BF1C462146FFF76BFF0E9A44
:107000002146681CFFF766FF0E9A611C2846FFF7B1
:1070100061FF0E9A611C681C99E72DE9F041AF4AA7
:107020008AB0AF4E116833685B1AAE4909688B426B
:1070300040F251813368AC4D1360AC4B1B78EBB11F
:10704000AB4BAC4A1B6893420AD12B78002B40F023
:107050002F81A94801780AB0BDE8F04110F078BF4F
:10706000A64A9342F1D0A64A9342EED0A54B1B7894
:10707000002BEAD1A44B1B78002BE6D1A34B1B7845
:10708000002BE2D1A24B1B78002BDED12C7811F023
:107090001FF90028D9D011F013F80028D5D1DFF856
:1070A000A8823368D8F800209B1A4EF65F229342DC
:1070B000CBD954B9974F0134384600214C3711F0E1
:1070C00003FA042CF7D101232B70FCF7B2FC924F8A
:1070D000FEF7E9FA3568D8F800309049ED1A904B80
:1070E000DFF868C29D428DBF07230F2350221A4646
:1070F0008DF810308DF811308DF81230894B8DF8E5
:1071000014201B688DF81520022B8DF81620844A58
:1071100014BF10242024954233684FEA6404824E41
:10712000A4F1050004F102045AD9DFF824E240F684
:10713000B738DEF800209A1A42450ED97B4ACEF8BD
:1071400000301378013303F00303012B137003D0D5
:10715000032B14BF0023FF230B7091F90080002341
:1071600008F1050833703B708CF8003036786C4BB2
:10717000049A9D4288BF46F00106059B150CADF8A8
:107180001820190CADF81C30ADF824308DF81E1005
:10719000079B8DF81A508DF8225097F900509CF9F2
:1071A0000070ADF800301B0CADF8202032468DF891
:1071B000261041468DF80230069BCDE90157FFF7B6
:1071C0009CFE099B32464146ADF800301B0C204620
:1071D0008DF80230089BCDE90157FFF78EFE38E7A6
:1071E0004FF0000E514A82F800E0327881F800E05A
:1071F0004F49002A5FD10A68DFF848E19A1ADEF8A1
:1072000000E0964502D801220B603270DFF844811D
:10721000D8F80010A3EB010E46490A68964524D31E
:107220004FF0030EC8F80030DFF81081B3FBFEF218
:1072300002EB42029A1A013A88F800200722B3FBB7
:10724000F2F2B2FBFEFE0EEB4E0EA2EB0E02DFF8E8
:10725000F0E0013A8EF800204FF4966EB3FBFEF298
:107260000EFB123202F548720A6033490A689A1A14
:10727000632A02D84FF0050878E70B602F4B97F987
:10728000002093F9003093420CDD01323A702C4A11
:107290009CF9003092F90020934206DA01338CF811
:1072A0000030E7E7F3DA013AF0E7E3DD013BF6E728
:1072B00000232B70CDE60A689A1A952AA6D940F6C3
:1072C000C41186F800E0B3FBF1F201FB12320A446C
:1072D0001C490A609AE70AB0BDE8F081C046032065
:1072E000145003203851002057690320D880032010
:1072F000B85B0020C05B0020B07000203863002025
:107300002C5D0020D1800320FD670320FE80032038
:10731000B3800320806F0020308003202D80032065
:107320008F5F01008C5E00202C8003202B800320C7
:1073300014870020BC5A00201C8700202E800320C8
:107340002F800320C05A0020C44603203180032030
:107350001887002010870020F8B5174B40F2011263
:10736000164800261D79642401274FF0FF0C0346C0
:10737000012193F805E0AE4505D15E719C71DC7189
:107380001F7283F809C0013105331129F1D1013A87
:10739000553092B2002AEAD110F026FF084B1B7834
:1073A0004BB9084B1B7833B9074B1B781BB9BDE8A9
:1073B000F840FFF732BEF8BDEC500020395FF670A0
:1073C000FE800320B3800320F4800320B8FE400A2F
:1073D000FDEEC07A2DE9FF4717EE904A0546019170
:1073E000631E0F2B5AD8871C04F1020800F1FF3EE0
:1073F000DFF8C4C0BF1ADFF8C4902CFA03F6AEEB76
:10740000020106F001060F2908D83EB939F8130029
:10741000C1F10F0A40FA0AF0C00742D401318F428D
:10742000F1D101339845E8D1F7EE007A21EE211A27
:1074300021EE271AB5EEC01AF1EE10FA2ED9DFEDC3
:107440001C7A03A89DF8063021EE271A9DF8052026
:107450008DF80E309DF80410B8FE411AFDEEC17A89
:107460008DF80C100DF10D018DF80D200DF10E02AF
:1074700017EE903A83F30803DBB211F091F89DF810
:107480000D209DF80C3013439DF80E201343DBB202
:1074900023B1039A2146284610F09EFE04B0BDE8B1
:1074A000F087F7EE007A9FED037AE0EEC77ABDE74A
:1074B00000007F436666663F01000200D8870160D6
:1074C00007EE900A9FED8F7ADFED8F6A2DE9F04F7E
:1074D0002DED0A8BF8EE678A83B0F7EE007AC8EEDE
:1074E000879A38EEC77A87EE268AF4EEE79AF1EEAD
:1074F00010FA77FEA99AB5EEC08AF1EE10FA00F103
:10750000AD80B4EEE78AF1EE10FA37FE888A0029E2
:1075100040F0A78040F6AC53984240F2A280A0F61B
:10752000AC509FED7A6A07EE100AB8EE477AC7EEC4
:10753000066A37EEE67AB5EEC07AF1EE10FA00F19F
:107540009380B4EEE77AF1EE10FA37FE879ADFED1A
:10755000707AF7EE000A9FED6F0A012468EEA78AA1
:107560006D4FDFED6EAADFED6EBA28EE800ADFED1B
:107570006DCA10F021FDB0EE40CA9FED6B0A68EEB7
:10758000ABBA6A4E28EE800A10F0C2FF3D68DFED0C
:10759000687A012DE0EE27AADFED667A88BF05F153
:1075A000FF33A5F1100598BFB7EE00AA05EBD5751E
:1075B00088BF0AEE103A68EEA78A4FEA650588BFD1
:1075C000B8EE4AAA01353B68A34250D2DFED5A7AA1
:1075D0000026DFF878A128EE278A28EE098AB8FE6F
:1075E000488AFDEEC87A17EE904A84F308085FFADD
:1075F00088F85FFA86FB00273AF81690C7F10F0368
:1076000049FA03F3DB071ED55946B0EE4C0AF8B22F
:1076100010F076FEC0F307238DF80400C0F3074096
:107620008DF805300DF106028DF8060043460DF188
:10763000050101A810F0B4FF002C04DD019A711CB3
:10764000E81910F0C9FD0137102FD7D10136102EDF
:10765000CFD103B0BDEC0A8BBDE8F08F9FED378A28
:1076600055E7B7EE009A72E79FED349A6FE7631E15
:107670009FED330A07EE903AF8EE677A87EE8ABA02
:10768000F1EE007A2BEE27BAABEE2C0A30EE680A48
:1076900010F03EFFDFED2B7AB3782046E0EE2A7A39
:1076A00032888DF80630F0EE491AADF80420B0EEBD
:1076B000691AF0EE480A2A460199B0EE670AFFF708
:1076C00085FEB0EE6B0A9BEE2C0A10F021FFDFED79
:1076D0001E7AB6F803202046E0EE2A7A7379ADF8D8
:1076E0000420F0EE491A8DF80630B0EE691AF0EE7B
:1076F000480A2A4601990134B0EE670AFFF766FE90
:1077000061E700BF00007A4400401C450080BB4494
:107710006F12833AAE47613EA05F00206666464026
:10772000CDCCAC40DB0F49403333B33FE8230020DE
:107730006666E63E6666264000007F430000000065
:10774000CDCC0C3F9A991541CDCCF440DA8701603D
:107750002DE9F74F274C00222346114601321970BC
:1077600059700333B2F5007F03F8011CF6D1224EA5
:10777000FFF753FCDFF8849041F2883AD6F8008096
:10778000002733683568D9F80020E91AA5EB080B03
:10779000914205D2019310F0DFFD019D2B46F1E7E8
:1077A000D345584623464FF0000228BF50460132C9
:1077B0001F705F700333B2F5007F03F8017CF6D1D0
:1077C0000021FFF77DFEFFF728FC41F287339B4540
:1077D000E4D900231A460133227062700334B3F5F2
:1077E000007F04F8012CF6D103B0BDE8F04FFFF79D
:1077F00014BC00BF647B20201450032038510020AB
:107800002DE9F04F074685B00E460546DFF848A043
:107810004FF0000B0192019BFA18AA4218DDDAF82A
:107820000020AA4214DB06F1040934464FF0000898
:10783000102C0BDC2146ADF80C808DF80EB0013415
:10784000039A284610F0C8FC4C45F1DD0135E2E70B
:1078500005B0BDE8F08F00BFA05F0020F7B5204B5A
:10786000B7EE003B1F4D012493ED000A0027D5ED34
:10787000007AB8EE400B1C4EB8EE674B9FED142B10
:107880009FED151B10F084FEBDEEC00B2B68A342CC
:1078900004DA03B0BDE8F040FFF7BFBB10EE103ACA
:1078A000204606219C42D6BFB378002332888DF84B
:1078B0000630D4BFADF80420ADF80470019A10F082
:1078C0008BFC2046019A0721013410F085FCDDE78E
:1078D000000000000000494000000000000000001F
:1078E000B8610020A05F0020EE2300202DE9F347BF
:1078F000824689460D4E002401923746002509EB49
:10790000040817F8013B582B05D1019A41460AEBB0
:10791000050010F061FC0135092DF2D101340A3661
:10792000072CEAD102B0BDE8F08700BF273B00205A
:107930002DE9F7430024224D224E234F95F90030C4
:1079400023445A4203F0030302F0030258BF534298
:107950002246013416F90380B8F1000F1BDD17F938
:107960000390B9F1000F16DDFF23C2EB0222694636
:1079700001A88DF8053004EB4403921003EB0313C8
:107980008DF804208DF8063010F08AFA009A4946E6
:10799000404610F021FC042CD0D10C4BB3F87923D5
:1079A00093F87B33ADF804208DF80630084B019A2C
:1079B0001968084B186803B0BDE8F04310F00CBC20
:1079C0000100202008002020040020207820002032
:1079D00000580020FC570020FF2337B50124ADF8E4
:1079E0000430114D00238DF806302B68A3420FD2CE
:1079F00002242146019A012010F0EEFB21460134B9
:107A0000019A286810F0E8FB102CF2D103B030BDC9
:107A10002046019A012110F0DFFB2046019A102137
:107A2000013410F0D9FBE0E7A05F0020002337B558
:107A30000124ADF80430114D50238DF806302B6829
:107A4000A3420FD202242146019A012010F0C4FB68
:107A500021460134019A286810F0BEFB102CF2D1A7
:107A600003B030BD2046019A012110F0B5FB20463D
:107A7000019A1021013410F0AFFBE0E7A05F002075
:107A80002DE9F74F2038884691460193C0B25E2811
:107A900009D81B4C00254FF0010A14F8207004EBA4
:107AA0008004AF4202DC03B0BDE8F08F002214F87E
:107AB000010F1646C2F1040340FA02F101320AFA3C
:107AC00003F311F0010F43EA0603DBB218BF1E46B1
:107AD000052AEFD14FF0000B08EB050046FA0BF337
:107AE000DB0706D5019A09EB0B01009010F074FB3F
:107AF00000980BF1010BBBF1050FEFD10135D0E779
:107B0000FA870160F7B50D461746441E094E0193EA
:107B100014F8010F08B903B0F0BD019B29463A469D
:107B2000FFF7AEFF2378203B16F8233001331D44C6
:107B3000EEE700BFFA87016030B41A4C8CB00FCC6E
:107B400006AD0FC594E8030004F1080301AA183438
:107B500085E803001868083353F8041C1546A3424F
:107B600003C52A46F6D11B882B800F4B186800EB03
:107B7000400202F130030DEB03020CAB12F82B1C98
:107B800003EB800012F82C3C12F82A2C43EA012364
:107B900050F8180C022143EA024303220CB030BC17
:107BA000FFF7B0BFF42300208C46032038B5102225
:107BB000032102201B4DFFF723FE1B4B1C68012CE9
:107BC0001AD11A4A1A4851781378927843EA012355
:107BD000022143EA02430322FFF794FF2A68EAB135
:107BE000012A1DD10023012212490B70124B1A7079
:107BF000BDE83840FFF711BA104A114851781378A0
:107C0000927843EA0123022143EA02430322FFF769
:107C100079FF2B68002BE5D11A46E5E72346E3E719
:107C20002346F9E708610020B45B0020994E00204C
:107C3000533C00203266002035660020A54E00200F
:107C4000613C0020FDEEC06A9FED1F5BF8EEE67A16
:107C500030B530EE677A87B00C460190B0EEC77A47
:107C6000B7EEC77AB4EEC57BF1EE10FA19D516EE71
:107C7000902A174902A810F087FC02A90022154893
:107C80000B78A3B9144B02A81968019B0131891A1A
:107C9000224621EAE171FFF735FFFFF7BEF907B091
:107CA00030BD02AA0221002010F002FBE5E7203BD4
:107CB0000131DDB25E2D9EBF10F823300133D218A2
:107CC000DEE700BFAFF300807B14AE47E17A843F6C
:107CD0007B410020FA870160A05F0020B8FE400AC7
:107CE000FDEEC07A10B586B00C4617EE902A064914
:107CF000019002A810F048FC019B2246022102A834
:107D0000FFF700FF06B010BD573C002013B5354CFF
:107D1000032108220A20FFF773FD216802290ED0F3
:107D2000032946D0012951D02F4A30485178137881
:107D3000927843EA0123022143EA02420AE02C4BF3
:107D40002C48B3F8302393F83233ADF804208DF883
:107D50000630019A0FF0F0FF2468274A631E022BB9
:107D60008CBF00230123032C13701DD1234B1B78E0
:107D7000D3B1234AD2E90423934215D0A3B10421FD
:107D8000204A0DEB01000FF0A7FF194B0A2101A8B3
:107D9000B3F8A92393F8AB33ADF8002022468DF851
:107DA0000230009BFFF7AEFE02B0BDE81040FFF7C7
:107DB00034B90F4B02211448B3F8A62393F8A83323
:107DC000ADF804208DF80630019AC3E70F4A104839
:107DD00051781378927843EA0123022143EA024260
:107DE000B8E700BFAC610020904E0020653C002049
:107DF000782000205B3C0020CB5B0320D880032050
:107E0000EC500020883E0020603C0020994E00206D
:107E1000833C0020214B10B51C68A4B1012C2ED04E
:107E20001F4A01241F4851781378927843EA0123AE
:107E3000022143EA02420FF07FFF1B4B1B685A1ED0
:107E40005342534113E0194A1948517813789278F4
:107E500043EA0123022143EA024304F07F421A432A
:107E60000FF06AFF104B1B68591E4B424B41114AE1
:107E70001370114B1C70BDE81040FFF7CEB80F4ACD
:107E80000F4851781378927843EA0123022143EA9C
:107E900002420FF051FF0023E9E700BF0861002014
:107EA000934E0020733C0020B45B0020A54E0020C0
:107EB000693C00203266002035660020994E002083
:107EC0006E3C002010B51E4C2368581C05D05A1E6D
:107ED000012A0DD94FF0FF3323601A4A1A4851780E
:107EE0001378927843EA0123022143EA02420BE02D
:107EF000012B1AD0154A164851781378927843EA24
:107F00000123022143EA02420FF016FF23685A1EA2
:107F1000514251410F4A1170991E0F4A4B424B4139
:107F2000BDE810401370FFF778B80C4A0C48517840
:107F30001378927843EA0123022143EA0242E3E7FD
:107F40004C640020904E0020653C0020934E0020A1
:107F5000783C002036660020C85B0320994E002044
:107F60007D3C002010B5114C2368012B07D0013354
:107F700002D04FF0FF3323600D480E4B01E00E4856
:107F80000E4B59781A789B7842EA0122022142EA84
:107F900003420FF0D1FE23685A1E53425341084A50
:107FA000BDE810401370FFF738B800BFF05D002047
:107FB000653C0020904E0020833C0020994E00201C
:107FC000CA5B032010B51D4C2168022921D003296A
:107FD0000CD0012927D01A4A1A4851781378927880
:107FE00043EA0123022143EA024209E0164A174804
:107FF00051781378927843EA0123022143EA02423E
:108000000FF09AFE2268124BBDE810401A60FFF78D
:1080100004B8104A50781378927843EA00230E4847
:1080200043EA0242ECE70D4A0D4851781378927802
:1080300043EA0123022143EA0242E1E7E88E0020FD
:10804000904E0020653C0020213B0020813C002018
:10805000A47600206D3B0020863C0020994E002035
:108060008B3C002010B5194C216801290CD0022945
:1080700022D0174A174851781378927843EA01239F
:10808000022143EA024209E0134A14485178137866
:10809000927843EA0123022143EA02420FF04CFEA8
:1080A00023680F4A013B012B8CBF00230123BDE84D
:1080B00010401370FEF7B1BF0A4A507813789278D7
:1080C00043EA0023084843EA0242E7E79C640020B1
:1080D000994E00209A3C0020934E0020903C0020B6
:1080E000C95B03208F3A0020953C002010B5154C49
:1080F0002368012B0ABF144B144B154859781A7882
:108100009B7842EA012218BF1248022142EA034248
:108110000FF012FE2168104C4B1E10485942594175
:10812000216010F0EDF923680C48012B0ABF0C4BBD
:108130000021196810F0A4F8FAF792FCBDE810408D
:10814000FEF76BBFE06100209C4E0020934E0020A4
:108150009F3C0020BB420020FC4D0320404E0320EA
:10816000D4460320214B82B01B7803BB204B1B68F5
:10817000013B032B13D8DFE803F0021A242E4FF43F
:10818000F0431C48ADF8043000238DF8063001237D
:10819000194A02211360019A02B00FF0CDBD782375
:1081A0001648ADF8043000238DF80630F0E7144B84
:1081B00014481A889B78ADF804208DF80630002307
:1081C000E6E7114B11481A889B78ADF804208DF82A
:1081D00006300123DCE70E4B0E481A889B78ADF879
:1081E00004208DF806300023D2E700BFD1800320A1
:1081F000DC610020833C00203C510020653C0020D5
:10820000A54E0020A33C0020964E0020A73C002055
:108210008F3A0020AB3C00200C4A82B00C4B02216C
:1082200012681B78012A0BBF0A4A0B4A0B480C48FC
:10823000002B18BF10464FF47F43ADF804300023E5
:108240008DF80630019A02B00FF076BD8C5E0020EA
:10825000E2800320B33C0020B03C0020853E00209B
:10826000934A0020174B1B6807B5174A7BB9B2F831
:10827000AC1392F8AE33ADF8041002218DF806303D
:10828000019A124803B05DF804EB0FF055BD082BBE
:10829000B2F8AF136846A8BF0823ADF80410022156
:1082A000012BB8BF012330338DF8003000238DF847
:1082B000013092F8B1338DF80630019A0FF03CFD91
:1082C00003B000BDC846032078200020653C002094
:1082D0000E4A82B01368591E012910D90123136078
:1082E000FF2200230A4800218DF805208DF8063072
:1082F0008DF804100221019A02B00FF01DBD012B70
:10830000EED00022FF230348EDE700BF34630020D6
:10831000B63C0020BB3C00200F28F7B50BD010283E
:1083200041D0042805D12B4B68462B491A6810F020
:108330002BF903B0F0BD0124284D294E294F326896
:108340002B68A2421FDCA3421FDB274B1A889B78B5
:10835000ADF8002020468DF802300134009A082143
:108360000FF03AFF112CEAD10023032202211F480B
:10837000ADF800300A238DF80230009B03B0BDE851
:10838000F040FFF7BFBBA34209DA3A681344A342A7
:1083900005DB4FF47F43ADF800300023DAE700231C
:1083A000ADF80030D6E7124B1B68042B96BF114A7C
:1083B000114852F82300114A51781378927843EA11
:1083C0000123022143EA024203B0BDE8F0400FF06E
:1083D000B3BC00BFD44603207B410020285B0020B3
:1083E0002C5B0020305B00202A240020C53C0020AC
:1083F000104E0320DC240020C03C0020A24E0020B0
:1084000037B5FBF716FBFF2301241D4DADF80030F7
:1084100000238DF802301B4BB3F8B22393F8B4332A
:10842000ADF804208DF806302B68A3421CD202243C
:108430002146009A01200FF0CFFE21460134009A18
:1084400028680FF0C9FE102CF2D1009B0A220321EC
:108450000D48FFF757FB0322019B11460B4803B061
:10846000BDE83040FFF74EBB2046009A01210FF0D7
:10847000B3FE2046009A102101340FF0ADFED3E781
:10848000A05F002078200020543D0020CA3C00203E
:108490000F292DE9F341074639D81E4B01EB410165
:1084A00001241D4E58185A5A4FF000088378ADF831
:1084B00000208DF802303368A34211DB0B254FF00A
:1084C00000032946ADF8048001358DF806302046BA
:1084D000019A0FF081FE112DF1D10134062CEAD161
:1084E00001243368A34207DB20460134009A0A21A5
:1084F0000FF072FE062CF4D13A46084901A810F09C
:1085000043F8009B0C22022101A8FFF7FBFA02B0FE
:10851000BDE8F08148800320A05F00207B4100205F
:10852000F0B5002187B005463A480FF065FC3A4B9C
:1085300001243A4F93F8B723B3F8B5138DF806200A
:1085400093F8BA23ADF804108DF80A20B3F8B813E5
:10855000B3F8BB2393F8BD33ADF80810ADF80C2089
:108560008DF80E303B68019AA34235DA04210120D0
:108570000FF032FE019A042138680FF02DFE284BCF
:108580003F6804AE5B68013F264A0F2B3C4628BF7C
:108590000F23012B38BF0123012F03EB4303B8BF87
:1085A0000124D118013CD25A8B78ADF81020B37059
:1085B00006D0632D9FBF654364246335B5FBF4F497
:1085C0000225BD420EDD029B0A220121164807B09A
:1085D000BDE8F040FFF796BA2046032101340FF0C2
:1085E000FBFDBFE7AA1E03AB284604219442C8BF87
:1085F00033461B68ADF814301B0C8DF81630059A05
:108600000FF0EAFD2846059A052101350FF0E4FD3B
:10861000D7E700BFB070002078200020A05F0020C6
:10862000EC50002048800320CE3C00202DE9F04F84
:10863000564C9FB006460F460FF0F6FD544AD4F84C
:108640008814D4F884040FF04FFE18B9504920461E
:108650000FF032FE32464F4911A80FF095FF11AAD4
:10866000D4F88814D4F884040FF03EFE18B111A990
:1086700046480FF0D1FC01A8012311AA43490FF08D
:108680007FFC05980FF01CFE28B901A80FF024FC10
:108690001FB0BDE8F08F404B4AF644413F4853F8C5
:1086A00026503F4B6D00069305F1240310951A0ADE
:1086B0008DF81C308DF81D201A0C1B0E8DF81E2015
:1086C00010228DF81F30374B089303F15B4303F5FD
:1086D000F11303F60F4309934FF00113CDE90A2379
:1086E000314B2C22CDE90C13304B06A9CDE90E03FA
:1086F00001A80FF031FC0FF07BFDFF2381468DF8C0
:108700000330A7B92A4A4FF0000B2A4B4FF0140A46
:1087100002FB0638AB4517D387B901A80FF000FC60
:10872000254B41F27802012133449954ADE7002DE5
:10873000E8D10DF1030164200FF0CAFB0DF1030134
:1087400064200FF0C5FBE8E7A5EB0B0408EB0B0179
:1087500001A84C4528BF4C4622460FF0FDFB0FF008
:1087600023FD8FB10BEB04000DF10301A84228BFDC
:1087700028460AFB00F0B0FBF5F05030C0B2642888
:1087800028BF64200FF0A4FBCB44C3E7D0710020C6
:10879000F03E0020D33C00206897057002001000D6
:1087A00052494646574156458858010064617461F4
:1087B000AAAA1A00ACA80570E8970570924B2DE99B
:1087C000F04F93F800909BB0B9F1000F42D08F4B5F
:1087D00093F80090B9F1000F3CD08D4B1B78002B23
:1087E00036D18C4B1B68002B34D08B4A12688AB36D
:1087F00003F1FF38B8FBF2F808F10108874B05AC2C
:108800000021D3F800A0864B1B68012B08BFBAF1EA
:10881000000F0CBF01230023009308460131FAF733
:1088200041FD04F8010B1129F7D17E4B01264FF0D1
:10883000000B1D684FF49673B5FBF3F505F00105C9
:10884000754B1B680133B34207D81BB0BDE8F08FEE
:108850004FF000094FF00108D0E7B9F1000F02D046
:10886000B3450ED1B3460127B9F1000F0FD03946F9
:108870000AA80FF0FDFBA0B90137112FF4D1013682
:10888000DEE70AAA414630460FF086FEEAE7634B70
:108890005869614B01281B6838BF0120013803FB70
:1088A0000060552107EB8702BB0001FB00225E49F7
:1088B0008C5C002CE0D0009A2AB3B9F1000F22D1D1
:1088C0000F2CD9D8ADF8109039468DF8129030465B
:1088D000049A0FF081FC04F16803611C6B4413F8E7
:1088E000543C73B1514B04EB44041A191B5D50788E
:1088F000927843EA002343EA024230460FF06CFCD0
:10890000BAE74B4BEFE704F168026A4412F8542CC3
:10891000002A40F0E780BAF1000F00F0D7803F4A0C
:108920005268A24240F0D28055223B44414902FBAA
:1089300000333D4A088813448978ADF80C009A78D2
:10894000DB788DF80E10012B38BF0123023B142B6E
:1089500000F28880DFE803F00B8634868686418645
:1089600086868686868644474A4D5086530025BBB8
:108970002A46FF238DF80C208DF80D208DF80E303F
:10898000039A394630460FF027FC244B5B68A3421C
:108990003FF472AF284B1A68284B9A427FF46CAFB1
:1089A000224B04EB44041A191B5D5178927843EA78
:1089B000012343EA024239469FE796231A46D9E744
:1089C00005BB1F4B1A889B78ADF810208DF812302C
:1089D000049BADF80C301B0CD0E79DB9194BF1E7A7
:1089E00085B9194BEEE76DB9184BEBE755B9184B44
:1089F000E8E73DB9174BE5E725B9174BE2E70DB9B5
:108A0000164BDFE7164BDDE743810320D8800320B8
:108A100020810320745B0020A05F0020EC50002028
:108A20003463002014500320395FF67075800320F2
:108A30004880032036240020B85B002038630020E3
:108A4000392400203C240020212400203F24002041
:108A50004224002045240020482400204B240020EC
:108A6000733B0020632A8BD807EE902AB8EE670B81
:108A7000A5B99FED274B9FED283B9FED292B9FED3F
:108A80002A1B0FF085FDFCEEC07B8DF80D508DF894
:108A90000E5017EE903A8DF80C3071E79FED1E4B9B
:108AA000B3EE0E3B9FED1E2B9FED1F1B0FF070FDD5
:108AB000FCEEC07B0DF10E020DF10D0103A8CDED12
:108AC000017A9DF804300FF06BFD59E7184904EB6B
:108AD0004403CA18CB5C5178927843EA012343EAF5
:108AE00002424EE7BAF1000F02D0124A13785CE757
:108AF00004EB4404104B1A191B5D5178927843EA39
:108B0000012343EA02430AF07F421A4353E700BFBE
:108B100000000000000054400000000000E06F4032
:108B200000000000000059400000000000000000AC
:108B300048800320243B00207580032007EE900A24
:108B4000C3B2B8EE677B9FED166B2DE9F34127EEBC
:108B5000067B002603FB03F8C3F114043746FDEE41
:108B6000C77B17EE905A023501368DF804808DF8D8
:108B700005400C218DF806703046019A0FF02CFB51
:108B80008DF804808DF805400D218DF80670304673
:108B9000019A0FF021FBAE42E6D902B0BDE8F081A8
:108BA000CDCCCCCCCCCCF43F154BF7B51E78FC2308
:108BB0000125144FF41E240194FBF3F40134102C0E
:108BC000A8BF1024402E28464FF00F0112BF2B01E2
:108BD000BB783A888DF806300EBFADF804208DF8CA
:108BE00004308DF80530019A0FF0F6FA2846013569
:108BF000019A10210FF0F0FAAC42E3D203B0F0BDBD
:108C0000D5660020A823002024281FB514461A4644
:108C100009D8064B1B5600930B462146044C54F8CA
:108C200020000FF055FC04B010BD00BF103A00202A
:108C3000F024002024281FB50CD8074B074A1B56E8
:108C4000074C00930B4607491256095654F820006A
:108C50000FF03EFC04B010BD103A00205A3A00203C
:108C6000F0240020353A002070B4041E12DD0A4EB4
:108C70003668A6420EDB4D1E0E2D0BD8944209D04D
:108C80005C781A789B7842EA042270BC42EA03427C
:108C90000FF0A2BA70BC7047A05F0020C14B022049
:108CA0001B682DE9F04FD3E90B6789B04FF0000B3B
:108CB0000136D3E90D930193FAF7BBFE0FF018FCD0
:108CC000044603200FF014FC824654457BDD05204A
:108CD000B54D0FF00DFC8346082001210FF008FC74
:108CE000064606204FF002080FF002FC044607205B
:108CF0000FF0FEFB95F84033B5F83E2382468DF821
:108D00000A305846ADF80820029A0FF065FA029A28
:108D1000012120460FF060FA029A012150460FF01F
:108D20005BFA029A012130460FF056FA029A10219E
:108D300058460FF051FA029A102120460FF04CFAD3
:108D4000029A102150460FF047FA029A102130463D
:108D50000FF042FA4146029A58460FF03DFA41465A
:108D600008F10108029A30460FF036FAB8F1100FF8
:108D7000F0D18E4E544528DDA9F10209B9F1090F51
:108D800000F29580DFE819F09D00E400EE00F800A5
:108D90000201280133013E0149015301EBB229468A
:108DA0008DF81EB0013513FB03F2C3F11403204606
:108DB0008DF81C208DF81D30079A0FF00DFAAE4289
:108DC000ECD8013481E70125F9E7012F17D14FF0E5
:108DD00064084FF0000B02212046ADF81C808DF88E
:108DE0001EB0079A0FF0F8F9ADF81C808DF81EB090
:108DF0000321079A20460FF0EFF90134BAE7022F5A
:108E000013D116F804BC052136F8068C20468DF8DF
:108E10001EB0ADF81C80079A0FF0DEF9ADF81C808B
:108E20008DF81EB00621079AE4E7032F13D116F838
:108E300001BC082136F8038C20468DF81EB0ADF831
:108E40001C80079A0FF0C8F9ADF81C808DF81EB091
:108E50000921079ACEE7042F13D196F802B00B210F
:108E6000B6F8008020468DF81EB0ADF81C80079A39
:108E70000FF0B2F9ADF81C808DF81EB00C21079AE6
:108E8000B8E7052FB9D14FF448484FF0000B0E2139
:108E90002046ADF81C808DF81EB0079A0FF09CF9A3
:108EA000ADF81C808DF81EB00F21079AA2E74FF491
:108EB00048433F4CADF80C3000238DF80E3025466A
:108EC00007E000233B4CADF80C30FF238DF80E304B
:108ED000374D394B1B68102B40F3B48007AB06AA03
:108EE00005A903200FF030F8059E039B28460B22AE
:108EF0003146FEF707FE079D029A0A21681C0FF013
:108F00006BF9029A092128460FF066F9029A0821A6
:108F100006980FF061F9029A072130460FF05CF9CC
:108F2000039B0222711C20460026FEF7EBFD07ABD7
:108F300006AA05A904200FF007F8019B069D03F17E
:108F40000108079BAB4280F2B08009B0BDE8F08F0A
:108F50001A4BB5F8C1239B78194CADF80C208DF84D
:108F60000E30B5E7174BB5F8C4239B78164CADF817
:108F70000C208DF80E30ABE7144BB5F8A9239B7885
:108F8000134CADF80C208DF80E30A1E7114BB5F85D
:108F9000C7239B78064C074DADF80C208DF80E309A
:108FA00097E700BFB85B00207820002057240020FE
:108FB000853E0020934A0020A05F00203924002035
:108FC000083D00203C2400200C3D002021240020EE
:108FD000474000203F240020354BB5F8CA239B783A
:108FE000344C354DADF80C208DF80E3071E7334B15
:108FF000B5F8CD239B782F4C314DADF80C208DF872
:109000000E3066E72F4BB5F8D0239B78294C2E4DB8
:10901000ADF80C208DF80E305BE72C4BB5F8302303
:109020009B782B4CADF80C208DF80E3047E7294B80
:10903000B5F8D3239B78284C284DADF80C208DF83B
:109040000E3046E7039B0B220D212846FEF75AFD02
:10905000029A0A2110200FF0BFF8029A09210F206E
:109060000FF0BAF8029A08210E200FF0B5F8029A14
:1090700007210D200FF0B0F8039B02220E2152E7CA
:10908000E3B221468DF810600134C3F11402284682
:1090900013FB03F38DF811208DF81230049A0FF0B2
:1090A0009BF8A045ECD801354BE70124F9E700BF58
:1090B00042240020853E0020083D00204524002059
:1090C0000C3D00204824002047400020A823002019
:1090D0002D3C00204B240020FA3C0020884D00202D
:1090E000F0B52DED0A8B87B00646022005AB04AA29
:1090F00003A90EF029FF002EDDE9044707DC3C251B
:109100000026BC424ADD07B0BDEC0A8BF0BD102E34
:109110009FED299B9FED2AAB9FED2BBBA8BF10268F
:10912000BC42F0DC012507EE905AB0EE494BB0EEA0
:109130004A3BB8EEE7CBB3EE002BB7EE001BB0EE28
:109140004C0B0FF025FAB0EE408BB0EE4B4BB3EE6C
:10915000002BB7EE001BB0EE4C0B9FED1D3B0FF04C
:1091600017FAFCEEC87B01A902A817EE903AFCEEB4
:10917000C07B8DF80830FF238DF8093017EE903A48
:109180008DF80A300EF08CFE29460135019A2046F2
:109190000FF022F8AE42C6DA0134C1E7ADF808504C
:1091A00020468DF80A600121029A01340FF014F86C
:1091B000A7E700BFAFF300800000000000005840A8
:1091C00000000000000000000000000000E06F4010
:1091D0000000000000806640F0B52DED0A8B87B0DE
:1091E00005460E46022005AB04AA03A90EF0ACFE0C
:1091F000002DDDE9044703DBB542A8BF354695B92C
:1092000000253C2609E02046ADF808508DF80A609C
:109210000134029A01210EF0DFFFBC42F3DD07B0FA
:10922000BDEC0A8BF0BD012EB3EE004BB8BF01269A
:1092300007EE906A9FED2C3BB8EEE72B07EE905AB5
:10924000B0EE431BB8EEE70B0FF0A2F9FDEEC07BCA
:109250009FED279B17EE905A102DA8BF1025012DCA
:109260009FED25AB9FED26BBB8BF0125BC42D6DCE8
:10927000012607EE906AB0EE494BB0EE4A3BB8EEDD
:10928000E7CBB3EE002BB7EE001BB0EE4C0B0FF0AC
:109290007FF9B0EE408BB0EE4B4BB3EE002BB7EE48
:1092A000001BB0EE4C0B9FED183B0FF071F9FCEE7C
:1092B000C87B01A902A817EE903AFCEEC07B8DF89E
:1092C0000830FF238DF8093017EE903A8DF80A30F8
:1092D0000EF0E6FD31460136019A20460EF07CFF85
:1092E000AE42C6DD0134C1E700000000000000000E
:1092F0000000000000006E4000000000000064401C
:109300000000000000E06F400000000000806640A8
:109310002DE9FF41294B0821B3F8E22393F8E43308
:10932000ADF800208DF8023040F2E733244A834242
:10933000A8BF03460DEB0100012BB8BF01230EF0BF
:10934000CBFC02AA00231F481778CFB91E4A126827
:10935000551CED1A012DB8BF01256E1E5C19012E9A
:10936000B8BF01269442A8BF1446A64212DD009B56
:109370000B22294602A8FEF7C5FB04B0BDE8F08128
:10938000203F0132F9B25E299EBF10F8271001314B
:109390005B18D9E74FF00B084FF000034146ADF8DA
:1093A000047008F101088DF806303046019A0EF07D
:1093B00013FFB8F1100FEFD10136D6E77820002067
:1093C0007B410020FA870160A05F0020344B1B78AE
:1093D0002DE9F347002B51D0DFF8D080D8F80030CA
:1093E0005A1E032A4AD80421DFF8C4902D4A4FF0B0
:1093F000000A0DEB01000EF06FFCD9F800205308B5
:109400009D1E9C1C5F1E012DB8BF01259442A8BF64
:109410001446A54208DDD8F80030013B032B38D8AC
:10942000DFE803F0171F2F350126D9F80030AB42D3
:109430000ADB4FF00003ADF800A0314628468DF856
:109440000230009A0EF0C8FE0136082EEDD101352B
:10945000DFE7154BB3F8792393F87B33ADF80020A1
:1094600004E04FF47F43ADF8003000238DF8023064
:109470000222009B394601A8FEF744FB02B0BDE87A
:10948000F087094BB3F8302393F83233E6E7FF2334
:10949000E9E7054BB3F8A62393F8A833DEE700BF4E
:1094A000A38003207B41002078200020FC8B00203B
:1094B000A05F00200C282DE9F34123D91F28A8BF65
:1094C0001F20204DC0F10D0012232A685043002AAE
:1094D000D4BF09300938002A90FBF3F3134413DC9E
:1094E000002800DA013B012B4FF001064FF0000885
:1094F000154F38BF01231C462B68B34208D202B077
:10950000BDE8F0810D20DCE70028A8BF0133EAE7C1
:10951000A64230464FF0030196BFBB7800233A883D
:109520008DF8063094BFADF80420ADF80480019AA0
:109530000EF052FE3046019A042101360EF04CFE28
:10954000DAE700BFA05F00205D2400207FB505465C
:10955000164608462C783CB303AB02AA01A90EF0CC
:10956000E3FE30460EF068FD6E78C0F307238DF8F9
:109570000000C0F307408DF801308DF80200DDE9EE
:1095800000356EB1092229462046FEF779FA009B84
:1095900003222946304604B0BDE87040FEF770BA99
:1095A000032229462046F6E704B070BD01382DE9B4
:1095B000F04FB5B0382800F2ED83DFE810F0390045
:1095C00060008300AC00D000EB03F30016018E02B4
:1095D000AB02CD02E4023401EB03FB022003570887
:1095E0006D089A07EB070F083308AF08C4080A0A8A
:1095F0003A0A5E0AB40AE80A170B790B610D910D5D
:109600004309EB03A90BEB0367093F03D2043B05B6
:109610006405FA0B4E018F01220CBD099B05AB04BA
:1096200009026601EE037F0C82083906C005D805E1
:1096300001200EF06DFEC0F307238DF8C400C0F3C7
:1096400007408DF8C5308DF8C60031980EF0BCFE8D
:10965000C0F307238DF80C00C0F307408DF80D30E0
:109660008DF80E001A200399FFF7E4FA319B0322CC
:109670000221BB4835B0BDE8F04FFEF743BA0220E7
:109680000EF046FEC0F307238DF8C400C0F3074078
:109690008DF8C5308DF8C60031980EF095FEC0F3F8
:1096A00007238DF81000C0F307408DF811308DF8B6
:1096B000120001200499FFF7BDFA319B0322022119
:1096C000A848D7E703200EF023FEC0F307238DF848
:1096D000C400C0F307408DF8C5308DF8C60031983E
:1096E0000EF072FEC0F307238DF81400C0F307409C
:1096F0008DF815308DF8160020200599FFF79AFA9D
:10970000994B032202215B68013B072B319B94BFDD
:1097100096489748AEE70EF03BFEC0F307238DF85E
:109720001800C0F307408DF8193002218DF81A0097
:109730000A22069B8F48FEF7E5F9FEF7D7FC8E4B11
:1097400003221B68012B4FF0010318BF582100931F
:1097500008BF572100234C200EF0AEFC1AE3042072
:109760000EF0D6FDC0F307238DF8C400C0F3074008
:109770008DF8C5308DF8C60031980EF025FEC0F387
:1097800007238DF81C00C0F307408DF81D308DF8BD
:109790001E0018200799FFF74DFA319B0322022182
:1097A000764867E70EF0F4FDC0F307238DF820003C
:1097B000C0F307408DF821300A228DF822000221E3
:1097C000089B6F48FEF79EF9FEF74CFC6D4B1B683B
:1097D000012B08D0022B14BF47214D210123032266
:1097E00000930023B7E75821F8E70EF0D1FDC0F34E
:1097F00007238DF82400C0F307408DF825300A2296
:109800008DF826000221099B5F48FEF77BF9FEF7E1
:1098100059FB5E4B1B68002B00F0E684012B14BF44
:1098200058214721DAE70EF0B3FDC0F307238DF886
:109830002800C0F307408DF829300A228DF82A004D
:1098400002210A9B5248FEF75DF9FEF7E3FA514BFD
:109850001B68002BE2D15921C0E70EF099FDC0F33F
:1098600007238DF82C00C0F307408DF82D300A2215
:109870008DF82E000221484C0B9B4848FEF742F918
:109880002378CBB14648474B18E00EF081FDC0F37A
:1098900007238DF83000C0F307408DF831300A22DD
:1098A0008DF832000221404C0C9B4048FEF72AF90B
:1098B0002378002B40F058843D483E4B59781A7865
:1098C0009B7842EA0122022142EA03420EF034FA76
:1098D0002378002B4FF001030093CAE00EF058FDEF
:1098E000C0F307238DF8BC00C0F307408DF8BD30EE
:1098F0000A22314B02218DF8BE001B682F481C6BD9
:109900002F4D2F9B002C18BF2846FEF7FBF824BBD9
:109910002C4B93F900300A212B4A31A80EF0DCF9C8
:10992000204A244B31A8002C08BF13460124597843
:109930001A789B7842EA0122022142EA03420EF0A1
:10994000FBF90023224659214C2000940EF0B4FB71
:109950000023022200945721FDE61C4BD9E700BFEB
:109960003B4300201F430020EC500020263D0020F8
:109970002B3D00202F3D0020E0610020F44200201C
:10998000643E00209C640020343D00204C64002094
:10999000783C00200861002034660020393D00201A
:1099A0006E3C0020994E0020336600203E3D002092
:1099B000653C0020904E0020B85B0020DC3C00207D
:1099C000E13C0020DF6600207B410020DE660020B5
:1099D0000EF0DEFCC0F307238DF8BC00C0F3074097
:1099E0008DF8BD300A228DF8BE0002212F9BAA48B7
:1099F000FEF788F8A94B1D78A94B1E78A94B1C7857
:109A0000022C11D1A84B0821A84A31A81B780EF0CE
:109A100063F9A74A13785178927843EA012343EA1D
:109A20000242022131A80CE0012C2ED156B3A148EC
:109A3000A14B59781A789B7842EA0122022142EA26
:109A4000034201240EF078F95721002322464C20CE
:109A500000940EF031FB002E4FF000034FF0020295
:109A60000CBF472152214C2000940EF025FB002D05
:109A700000944FF000034FF0030208BF522118BFBB
:109A8000472168E68D488E4BD3E78E4B1B7853B940
:109A9000894A8D4851781378927843EA012302214C
:109AA00043EA0242CDE7002D0CBF2D212B210EF001
:109AB0001BFA864A0B460090082131A80EF00CF9DB
:109AC0007F4A7D4B002D18BF13461A7859789B7832
:109AD00042EA012242EA0342A3E70EF059FCC0F336
:109AE00007238DF83400C0F307408DF835300A2283
:109AF0008DF8360002210D9B7548FEF703F8FEF73E
:109B000005F9744B1B680133032B96BF724A4E2133
:109B1000D15C63E60EF03CFCC0F307238DF83800FF
:109B2000C0F307408DF839300A228DF83A0002213F
:109B30000E9B6A48FDF7E6FFFEF714FA684B032216
:109B40001B68012B4FF0010318BF522100934FF007
:109B5000000308BF4721FEE50EF01AFC8DF83C001B
:109B6000C0F30723C0F307400A2202218DF83E000C
:109B70008DF83D300F9B5B48FDF7C4FF35B0BDE865
:109B8000F04FFEF71FBA0EF003FCC0F307238DF869
:109B90004000C0F307408DF841300A228DF84200A2
:109BA0000221109B5048FDF7ADFFFEF7DBFA0123C1
:109BB000009321E00EF0ECFBC0F307238DF8440086
:109BC000C0F3074001248DF845308DF846000A2285
:109BD000119B02214548FDF795FF002322464721AE
:109BE0004C2000940EF068FA0023022259214C20E8
:109BF00000940EF061FA009400230322ABE60EF00D
:109C0000C7FBC0F307238DF84800C0F307400124C9
:109C10008DF849308DF84A000A22129B02213448FF
:109C2000FDF770FF0023022247214C2000940EF024
:109C300043FA0094002303224F218CE50EF0A8FB89
:109C4000C0F307238DF8C400C0F307408DF8C5307A
:109C50000A228DF8C6000221319B2648FDF752FFEB
:109C6000254B264E1D68264B1A7812B1002235600E
:109C70001A7031686B1AB3F5FA6F224B46D2B3F8FB
:109C80003023022193F83233ADF8BC2003228DF843
:109C9000BE302F9B1C48EDE4433D0020866600202B
:109CA00056690320FA670320796600204A3D0020A8
:109CB0009C4E0020E63C0020904E0020EB3C002013
:109CC000994E002008680320653C0020483D002094
:109CD0004D3D0020AC610020853A0020533D00201E
:109CE000F05D0020583D00205D3D0020613D0020DA
:109CF000663D00206B3D002014500320B478002006
:109D000083660020782000204B41002001F5FA6195
:109D10003C22AC488D42AC4F2CBF691A0021B1FBEC
:109D2000F2F1AA4A1468B3F8302393F832330134BD
:109D3000ADF8BC2003228DF8BE30641A2F9BC1F110
:109D40000201FDF7DFFEA24AA2485178137892780B
:109D500043EA0123214643EA02430322FDF7D2FEF0
:109D600000229C48134610F8011B013220395FFA8B
:109D700081FCBCF15E0F9EBF17F8211001315B180A
:109D80006D2AF0D1C3F1FF2303F57F03FE339C421C
:109D900000DA356035B0BDE8F08F0EF0F9FAC0F3A7
:109DA00007238DF8B800C0F307408DF8B9300A22B8
:109DB0008DF8BA0002212E9B8748FDF7A3FE874B42
:109DC0001B68022B67D0032B78D0012B5DD0844B0E
:109DD000642442F2DF5208211B8831A86343934276
:109DE0004FF06402DCBF6024B3FBF4F47D4B1B88AE
:109DF00053436022B3FBF2F3642B04F10502A8BFC6
:109E000064239342784AD8BF23460DF065FF552C52
:109E10007EDC764B764A412CC8BF134625E010F80D
:109E2000012B05FB024202F67402D2ED007AFDEE30
:109E3000E77A17EE902A13440139F0D16422082101
:109E400031A802FB03F4E02394FBF3F39342A8BF91
:109E50001346684A23EAE3730DF03EFF43F61F61A1
:109E6000624B634A8C42C8BF13461A8802219B7812
:109E700031A8ADF8BC208DF8BE302F9A0DF05CFFF4
:109E8000002300930322472165E408215A48002358
:109E90005A4C3C25D0E7524B0821594A31A81C881E
:109EA000C4F1600323EAE3730DF016FF542C2FD89E
:109EB0004E4B4F4A482C88BF1346D6E7514B4FF4C0
:109EC000C8529FED517A93ED000A504BB8EE400A0C
:109ED0001B88534307EE903AF8EEE77A67EE877AED
:109EE00087EE800A0DF0DCFE632803460446A8BF17
:109EF0006323474A082131A823EAE3730DF0ECFEFF
:109F0000502C05DC394B3A4A372CC8BF1346ACE716
:109F1000404BAAE70EF03CFAC0F307238DF8C400CB
:109F2000C0F307408DF8C5300A228DF8C600022123
:109F3000319B3948FDF7E6FD0EF0C2F870B13748A5
:109F40002A4B59781A789B7842EA0122022142EA88
:109F5000034235B0BDE8F04F0DF0EEBE3048244B63
:109F6000EFE70EF015FAC0F307238DF8C400C0F335
:109F700007408DF8C5300A228DF8C6000221319BBA
:109F80002848FDF7BFFD284B1C78BCB9FF222346AB
:109F9000264800258DF84C208DF84D308DF84E5018
:109FA000139A02210DF0C8FE01230322AC420CBF1C
:109FB0005221472100932B46FFF7CDBB0022FF2300
:109FC0001B48E6E74B410020FA870160A05F0020B4
:109FD0009C4E0020703D0020DE3D00206478002073
:109FE000005A0320025A0320EE3D0020994E002023
:109FF000A54E0020E23D0020894F0020E897057023
:10A00000E63D0020E85000200044AC43045A032001
:10A01000EA3D0020904E0020C9420020F03C002084
:10A02000F33C0020F23D002078660020653C0020D3
:10A03000833C00200EF0ACF9C0F307238DF8C40078
:10A04000C0F307408DF8C5300A228DF8C600022102
:10A05000319B6748FDF756FD664B674A02211B7826
:10A060002FA80DF039FE654A2FA851781378927801
:10A0700043EA0123022143EA02420DF05DFE01237F
:10A0800000930023FEE60EF083F9C0F307238DF85A
:10A09000B800C0F307408DF8B9300A228DF8BA0035
:10A0A00002212E9B5648FDF72DFD0EF0B5F8044613
:10A0B0000346544A062131A80DF00EFE1E2C05DD84
:10A0C0004FF4F043ADF8BC30002308E00F2C0FDD57
:10A0D0004D4BB3F8B22393F8B433ADF8BC208DF8F0
:10A0E000BE3003222F9B022131A8FDF70BFD51E664
:10A0F0007823E7E70EF04CF9C0F307238DF8C4008E
:10A10000C0F307408DF8C5300A228DF8C600022141
:10A11000319B3E48FDF7F6FC3D4B1C785CB9FF22B5
:10A1200023463C4800258DF850208DF851308DF89D
:10A130005250149A35E70022FF233748F2E70EF019
:10A1400027F9C0F307238DF8C400C0F307408DF84A
:10A15000C5300A228DF8C6000221319B2F48304CB1
:10A16000FDF7D0FCFFF7A4BB2B48FFF78CBB0EF02C
:10A170000FF9C0F307238DF8BC00C0F307408DF83A
:10A18000BD300A228DF8BE000221264C2F9B2648A6
:10A19000FDF7B8FC23788BB978221E488DF8C630BD
:10A1A000ADF8C420319A02210DF0C6FD2378DBB151
:10A1B000022B14BF47214F21FFF710BB022B0AD1FE
:10A1C000114B1A48B3F8B22393F8B433ADF8C42056
:10A1D0008DF8C630E6E74FF4F0430F48ADF8C430D1
:10A1E00000238DF8C630DDE75221FFF7F7BA00BF34
:10A1F000F73D0020A68003207B410020994E0020DF
:10A20000FC3D0020013E002078200020063E00207A
:10A2100001680320653C0020833C00200B3E0020A9
:10A22000D1800320C96600200F3E0020CA3C0020D8
:10A230000EF0AEF8C0F307238DF8B800C0F3074066
:10A24000BE4F0A228DF8BA0002218DF8B9302E9B3C
:10A25000BB48FDF757FC3A6803210120FDF7D0FA0F
:10A26000B84BB94C04211B7831A8B84A0DF034FD25
:10A27000B4F8F12394F8F3330121ADF8BC2031A8F0
:10A280008DF8BE3003222F9BFDF73CFCB04B042120
:10A29000AE4A1B7831A80DF01FFD3B68B4F8F423DB
:10A2A00031A8182B94F8F633ADF8BC204FF0030218
:10A2B0008DF8BE30B4BF052108212F9BFDF722FC8D
:10A2C000D7F80080DFF8C092B8F1170FA14EDFF881
:10A2D000BCA240F388809D4A042199F8003031A83F
:10A2E0000DF0FAFC33780E2131A8012B4FF01A053E
:10A2F00007BFB4F8E22394F8E433B4F8F72394F8F2
:10A30000F933ADF8542003228DF85630159BFDF734
:10A31000F9FB8E4A9AF80030042131A80DF0DCFCDC
:10A320003378142131A8022B07BFB4F8FA338A4AD4
:10A33000B4F8FD33894AADF85830937803228DF88C
:10A340005A30169BFDF7DEFBDFF81CB29BF800309D
:10A35000002B6BD1FF228DF8BE3029468048ADF826
:10A36000BC2003222F9B7F4CB8F1170FD8BF20468B
:10A37000FDF7C8FB3B689AF800200125012B99F8EE
:10A3800000904FF0000BDFF808A2CCBF4FEA630843
:10A390004FF00108A3EB080308FB09F9534348BF3A
:10A3A0000733DC103B68AB426BDA012400234F21FA
:10A3B0004C20224600940DF07FFE4F210023022204
:10A3C0004C2000940DF078FE674B1B78002B3378FF
:10A3D0000CBF52214721A34200F08880022B08BF06
:10A3E0005921FFF7FBB93378F3B1012B574A4FF0EE
:10A3F000040131A80CBF99F800309AF800300DF034
:10A400006BFC33780C21012B0BBF584B524BB4F82B
:10A41000E223B4F8FA239B78ADF85C2003228DF890
:10A420005E30179B31A8A3E70C258DE70F2B0DD1CC
:10A43000494B2946B4F8FA239B78ADF8BC20032297
:10A440008DF8BE302F9B4A484A4C8DE73F4A042185
:10A4500031A80DF041FCB8F1170F9BF8003002DC79
:10A460000A2B28BF0A25444903EB4303CA18CB5CD7
:10A470005178927843EA0123294643EA02430322B2
:10A48000D0E74FF00003A845ADF8BCB08DF8BE3062
:10A490001BDBB5EBE90F11DC1AF8013C3AF8032C91
:10A4A0008DF8BE303378ADF8BC20012B06D1334B8C
:10A4B0001A889B78ADF8BC208DF8BE3028462F9ABC
:10A4C000082101350DF088FE6CE7A5EB08039C42DE
:10A4D000F4DB9AF80230BAF800208DF8BE303378F9
:10A4E000ADF8BC20022BE9D1254BE1E75721FFF75E
:10A4F00075B906200DF00CFFC0F307238DF8C400DA
:10A50000C0F307408DF8C5308DF8C60031980DF0C6
:10A510005BFFC0F307238DF86000C0F307408DF8A0
:10A5200061308DF862001E201899FEF783FB319B85
:10A53000032202211348FFF79DB800BFA05F00204F
:10A54000143E0020D1660020782000204A3D0020E3
:10A55000D0660020C88003207224002075240020CB
:10A56000653C0020C43F0020CA8003205A240020FC
:10A57000F83C0020FC3C002048800320F123002010
:10A580007E240020193E0020C9800320CF660020D1
:10A590007B24002007200DF0BBFEC0F307238DF8BD
:10A5A000C400C0F307408DF8C5308DF8C60031985F
:10A5B0000DF00AFFC0F307238DF86400C0F30740D5
:10A5C0008DF865308DF8660024201999FEF732FB6E
:10A5D000319B03220221C048FFF74CB808200DF040
:10A5E00097FEC0F307238DF8C400C0F307408DF831
:10A5F000C5308DF8C60031980DF0E6FEC0F3072394
:10A600008DF86800C0F307408DF869308DF86A0056
:10A6100022201A99FEF70EFB319B03220221AF483C
:10A62000FFF728B80D200DF073FEC0F307238DF857
:10A63000C400C0F307408DF8C5308DF8C6003198CE
:10A640000DF0C2FEC0F307238DF86C00C0F3074085
:10A650008DF86D308DF86E0023201B99FEF7EAFA15
:10A66000319B032202219E48FFF704B80DF090FEB3
:10A67000C0F307238DF87000C0F307408DF87130E8
:10A680000A228DF8720002211C9B9648FDF73AFAC7
:10A69000FDF71EFEFFF78BBA0DF07AFEC0F307231D
:10A6A0008DF87400C0F307408DF875300A228DF8DC
:10A6B000760002211D9B8C48FDF724FAFDF7D2FDA0
:10A6C000DDE40DF065FEC0F307238DF8C400C0F390
:10A6D00007408DF8C5300A228DF8C6000221319B53
:10A6E0008248FDF70FFA824B1C7894B1814B1B789E
:10A6F0008BB181480024814B59781A789B7842EAC3
:10A700000122022142EA03420DF016FB002CFFF762
:10A71000E1B87948EFE77A487A4BEDE70DF038FE7B
:10A72000C0F307238DF87800C0F307408DF8793027
:10A730000A228DF87A0002211E9B7348FDF7E2F988
:10A74000FDF76AFD9BE40DF023FEC0F307238DF8AF
:10A750007C00C0F307408DF87D300A228DF87E0022
:10A7600002211F9B6948FDF7CDF908220321022031
:10A77000FDF746F8664C082203210620FDF740F855
:10A78000082203210A20FDF73BF82378002B46D04E
:10A790005C4A5B4851781378927843EA01230A2196
:10A7A00043EA02430322FDF7ADF92178002943D0A3
:10A7B000584B18880DF088FD574A0346062131A8EA
:10A7C0000DF08AFA554B022131A8B3F8C72393F84C
:10A7D000C933ADF8BC2003228DF8BE302F9BFDF7A6
:10A7E00091F942200DF028FCC0F30723C0F3074184
:10A7F0008DF8BC008DF8BD308DF8BE10DBB2C0B254
:10A800001B02C9B243EA0043454819430DF05CFE00
:10A8100001230322422100930023FEF79CBF374A05
:10A82000354851781378927843EA0123062143EAA8
:10A8300002420DF081FAB8E7394835B0BDE8F04F73
:10A840000DF042BE0E200DF063FDC0F307238DF81E
:10A85000C400C0F307408DF8C5308DF8C6003198AC
:10A860000DF0B2FDC0F307238DF88000C0F3074060
:10A870008DF881308DF8820019202099FEF7DAF9E1
:10A88000319B032202212748FEF7F4BE0DF080FD24
:10A89000C0F307238DF88400C0F307408DF885309E
:10A8A0000A228DF886000221219B1F48FDF72AF914
:10A8B000144A1E4B517818681378927843EA0123A2
:10A8C0001B4C022143EA02421A4B002814BF2046C7
:10A8D0001846FFF73EBB00BF1E3E0020903C002004
:10A8E0005B3C0020223E0020273E00202C3E002022
:10A8F00043810320D1800320653C0020904E00203E
:10A90000833C0020994E0020313E0020363E00203E
:10A91000F78003200C002020883E002078200020B3
:10A92000187000203B3E00203F3E0020288C002075
:10A93000BC400020FE3C00200DF02AFDC0F30723A0
:10A940008DF8C400C0F307408DF8C5300A228DF899
:10A95000C6000221319B0125BD48FDF7D3F8BD4B50
:10A96000BD4E1B68BD4C1B6BBD4F102BA8BF1023E9
:10A97000012B9846B8BF4FF0010828460DF0F4F9B6
:10A980003388C34013F0010F0CBF23463B46A84554
:10A990001A785B781BD164323C333C21FF2AA8BF74
:10A9A000FF22FF2BA8BFFF23D2B2DBB28DF80A1023
:10A9B00028468DF8082001358DF809300321029AC8
:10A9C0000DF00AFC112DD8D10124FFF70DB900219B
:10A9D000ECE70DF0DDFCC0F307238DF88800C0F331
:10A9E00007408DF889300A228DF88A0002219D4C9B
:10A9F000229B9D48FDF786F82368BBB19B489C4B82
:10AA000059781A789B7842EA0122022142EA0342ED
:10AA10000DF092F923680322002B4FF0010318BFB9
:10AA20004F2100934FF00003FFF793B891488C4BF0
:10AA3000E6E705200DF06CFCC0F307238DF8C40099
:10AA4000C0F307408DF8C5308DF8C60031980DF081
:10AA5000BBFCC0F307238DF88C00C0F307408DF8D2
:10AA60008D308DF88E001D202399FEF7E3F8319B81
:10AA7000032202217D48FEF7FDBD0DF089FCC0F3E5
:10AA800007238DF89000C0F307407B4C0A228DF815
:10AA9000920002218DF89130249B7848FDF732F81E
:10AAA000A2680A23082131A853430A2AC8BF1346C3
:10AAB000734A0DF011F9734B022131A8B3F8092440
:10AAC000F2EE046A93F80B34ADF8BC2003228DF843
:10AAD000BE302F9BFDF716F8D4ED027A6A48F8EEE7
:10AAE000677A87EEA67ADFED696AF7EE007A77EE8D
:10AAF000C77A67EEA67AFDEEE77A17EE903ADFEDB9
:10AB0000647A27EE277A1B029BB2FDEEC77A17EE16
:10AB1000901A090401F47F0119430DF0D5FC0123BB
:10AB20000093FFF787B80DF033FCC0F307238DF8CF
:10AB30009400C0F307408DF895300A228DF89600F6
:10AB40000221259B5348FCF7DDFF534B4C4A08215B
:10AB50001B7831A80C3B0DF0BFF84A4B022131A8FD
:10AB6000B3F80C2493F80E34ADF8BC2003228DF812
:10AB7000BE302F9BFCF7C6FF484943480DF0A4FCAC
:10AB8000012303224D2100930023FEF7E4BD0DF0C5
:10AB9000FFFBC0F307238DF89800C0F307408DF842
:10ABA00099300A228DF89A000221269B3C48FCF736
:10ABB000A9FF3C4B324A08211B6831A80DF08CF8E4
:10ABC000304B022131A8B3F8762393F87833ADF8EF
:10ABD000BC2003228DF8BE302F9BFCF793FF4AF276
:10ABE000500129480DF070FCFFF749BA0DF0D0FB79
:10ABF000C0F307238DF89C00C0F307408DF89D300B
:10AC00000A228DF89E000221279B00242648FCF78B
:10AC100079FF264B1A4A08211B6831A80DF05CF811
:10AC200037238DF8BE400221ADF8BC3003222F9BA4
:10AC300031A8FCF767FF4FF45C1113480DF044FC9A
:10AC400001230322522100930023FEF784BD00BF9D
:10AC5000443E0020B85B0020DE650020904E0020BE
:10AC6000994E0020008C0020493E0020023D00202B
:10AC7000A24E0020C53C0020EC5000204E3E00209B
:10AC80007B41002078200020187000200000C8427E
:10AC900000007F43533E0020D6660020CBC0FF005B
:10ACA000583E0020B86100209F3C0020D44603207D
:10ACB0000DF06EFBC0F307238DF8A000C0F3074032
:10ACC0008DF8A1300A228DF8A2000221289B372599
:10ACD00067480024FCF716FF664B674A08211B688B
:10ACE00031A80CF0F9FFADF8BC408DF8BE50022140
:10ACF0002F9B032231A8FCF705FF29465F480DF082
:10AD0000E3FB01230322582100930023FEF723BD18
:10AD10000DF03EFBC0F307238DF8A400C0F30740FD
:10AD20008DF8A5300A228DF8A6000221299B5448EF
:10AD3000FCF7E8FE082203210620FCF761FD514BD9
:10AD400093F9002022BB504902F07F4248780B78EB
:10AD5000897843EA00234D4843EA0143062113431F
:10AD60000322FCF7CFFE58200DF066F9C0F307234D
:10AD7000C0F307418DF8C4008DF8C530DBB2C0B216
:10AD80008DF8C6101B02C9B243EA00431943B5E768
:10AD9000012A3F4A51781378927843EA012308BF89
:10ADA0003C484FF0060118BF3B4843EA02430322E8
:10ADB000D7E70DF0EDFAC0F307238DF8C400C0F318
:10ADC00007408DF8C5300A228DF8C60002213348AD
:10ADD0000025319BFCF796FE314B8DF8AA501C786C
:10ADE00094F001040BBFFF2200222346FF238DF8BD
:10ADF000A8208DF8A9300CBF24482A482A9AFFF7CA
:10AE0000D0B80DF0C5FAC0F307238DF8AC00C0F33D
:10AE100007408DF8AD300A228DF8AE0002212B9B41
:10AE20002148FCF76FFE214B082131A81B88FF2B1E
:10AE300097BF0A224FF48073B3FBF2F353431C4ACB
:10AE40000CF04AFF102203210220FCF7D9FC194B19
:10AE5000022131A8B3F80F2493F81134ADF8BC20C7
:10AE600003228DF8BE302F9BFCF74CFE1249E4E61E
:10AE70005D3E0020905E00207B4100201870002085
:10AE8000623E002021810320904E0020653C00207E
:10AE9000994E0020673E0020FE3C00206B3E0020C3
:10AEA00039660020833C0020703E0020B8650020F9
:10AEB0004A3D0020782000202828C8004FF47F4316
:10AEC000AC4FAD4DADF8A830002395F800A08DF83B
:10AED000AA303B78A94CDFF8E092DFF8E082A84E78
:10AEE000002B40F0AC80B4F8A92394F8AB3399F868
:10AEF00000A0DFF8CCB2ADF8A8208DF8AA30A14BA5
:10AF00000A2101201A68FCF77BFC0DF041FAC0F31E
:10AF100007238DF8B000C0F307408DF8B1300A2246
:10AF20008DF8B20002212C9B5846FCF7EBFD0A225B
:10AF300008212FA8BAFBF2F302FB13A2DBB2D2B2B4
:10AF40000092914A0CF0C8FE2A9B032202212FA8EE
:10AF5000FCF7D8FD99F800308C4A0DF1C4098DF842
:10AF6000B83098F800300DF1B808D4F818048DF80E
:10AF7000B9303378002651688DF8BA302B788DF8C7
:10AF8000BB3031AB03C39068186018F8014B4FEA2F
:10AF9000860AA4000AF1010A592CDBBF14230A34E3
:10AFA0000424B4FBF3F406EB460309EB030139F880
:10AFB00003208B78ADF8AC208DF8AE303B78B342EF
:10AFC00007D05A230DF1AE020DF1AD012BA80DF003
:10AFD000E7FA0025AB46AC4205EB0A0005F1010596
:10AFE0004FF00801CDBF2B9B0023ADF8B4B0ADF8F6
:10AFF000B430C8BF1B0C8DF8B6302D9A0DF0ECF8AC
:10B00000042DE8D10136042EBFD10124002358219C
:10B010004C20224600940DF04FF8002302224F21CD
:10B020004C2000940DF048F8594B03221B780094F3
:10B03000002B4FF0000308BF4D21FEF720BD012B70
:10B040000CD1B4F8122494F8143498F800A0DFF866
:10B0500074B1ADF8A8208DF8AA3050E7022B01BFDB
:10B06000B4F8152494F8173496F800A0DFF858B116
:10B0700012BFDFF858B1ADF8A8208DF8AA303EE72E
:10B080000DF086F9C0F307238DF8B800C0F3074030
:10B090008DF8B9300A228DF8BA0002212E9B3D4866
:10B0A000FCF730FD3C4B1A78344B7AB9B3F82424C2
:10B0B0003A4893F82634ADF8C4208DF8C630022102
:10B0C000319A0CF039FE4FF47F418AE5B3F827241A
:10B0D00093F829343248ADF8C4208DF8C630EEE735
:10B0E0000DF056F9C0F307238DF8BC00C0F30740FC
:10B0F0008DF8BD300A228DF8BE0002212F9B294811
:10B10000FCF700FD4FF4F043ADF8B83000238DF8A4
:10B11000BA30254B1B68012B1CD1184B2348B3F8C0
:10B12000C72393F8C933ADF8B8208DF8BA302E9AFA
:10B1300002210CF001FE47200CF07EFFC0F3072334
:10B14000C0F307418DF8C4008DF8C5308DF8C610E6
:10B15000FFF754BB022B01BF084B1548B3F8B223CD
:10B1600093F8B43312BF1348ADF8B8208DF8BA3055
:10B17000DDE700BF76660020D96600207820002039
:10B18000DA660020A05F0020743E0020902400209A
:10B19000776600207B3E0020DD660020173D002002
:10B1A000123D0020583E00208C4A03201C3D002008
:10B1B000213D0020833C0020D7660020D866002077
:10B1C000063D00200A3D00200E3D0020F83C0020F6
:10B1D0002DE9FF47B74EF8F72CFCB74C0621B6F81F
:10B1E000A62396F8A833ADF808200C228DF80A3073
:10B1F000029BB248FCF786FCFCF79EFC2768002FF8
:10B2000000F02B81AE4BB3EE004BB7EE003B0125B7
:10B2100093ED000A0027B0EE442BB0EE431BB8EECE
:10B22000C00B0DF0B5F9BDEEC00B10EE103A28467C
:10B230000A21AB4205F10105AABF96F8F0330023BD
:10B24000B6F8EE238DF80E30ACBFADF80C20ADF89B
:10B250000C70039A0CF0C0FF112DE6D123683BB1AE
:10B260000123032256214C20009300230CF024FFDD
:10B27000012304224E214C20009300230CF01CFFDC
:10B28000002190480DF020F900218F480DF01CF9A5
:10B29000216899B156200CF0CFFEC0F30723C0F30C
:10B2A00007418DF80C008DF80D30DBB2C0B28DF87F
:10B2B0000E101B02C9B243EA004319438348DFF86A
:10B2C00020920DF001F94FF6FF7181480DF0FCF866
:10B2D000804DFBF7A2FE99F80030DFF80882002BC2
:10B2E00030D021687A480DF0A7F8052178480DF094
:10B2F0003BF9002176480CF017FE2768DFF8C0A163
:10B30000002F00F0BA80DAF8001070480DF094F8C1
:10B3100010216E480DF028F901216C480CF004FE54
:10B3200023682968002BDAF800208B63C8F8003006
:10B3300018BF1046684B08BF00201A6000234863FE
:10B3400089F800302B68D8F800209B6B9A4238D0DF
:10B3500023EAE3710529A8BF05219942216005D0A0
:10B360005B480DF069F82B6822689A63FCF7E4FBF0
:10B370002368002B00F08B80584BB6F8EE239B78A7
:10B38000ADF80C208DF80E300121039A0A200CF044
:10B3900023FFFBF742FE2668002E7BD0484E4B4829
:10B3A00031680DF049F8102148480DF0DDF8012111
:10B3B00046480CF0B9FD2B6832685A632368C8F818
:10B3C00000302368002B45D02B68434F5B6B3A68F5
:10B3D0009A423FD0012B1946394EB8BF012110299E
:10B3E000A8BF10219942316005D038480DF024F8EB
:10B3F00033682A685363B3EE004B07EE903AB7EE1A
:10B40000003B0124B8EEE70B4FF00008B0EE442BF0
:10B41000324DB0EE431B0DF0BBF8BDEEC00B10EE8D
:10B42000103A20460A21A34204F10104AABFAB78D6
:10B4300000232A888DF80E30ACBFADF80C20ADF893
:10B440000C80039A0CF0C8FE112CE8D1FBF7E5FD47
:10B4500033683B6004B0BDE8F08701254FF000037E
:10B460002846ADF80C7001358DF80E300A21039A8C
:10B470000CF0B2FE112DF1D1F0E6394613480CF074
:10B48000DBFF394611480DF06FF8394645E7ADF856
:10B490000C3077E731460D480CF0CEFF31460B48B3
:10B4A0000DF062F8314609480CF03EFD2B685E63F2
:10B4B00084E700BF782000208C460320803E0020D7
:10B4C000805E0020806F0020CC6F0020187000206C
:10B4D00064700020B85B00207C59002066240020A6
:10B4E000DC6600207859002010B5002486B00122C7
:10B4F000572123464C2000940CF0DEFD2346022207
:10B5000059214C2000940CF0D7FD234603224721FB
:10B510004C2000940CF0D0FD234604224E214C20F8
:10B5200000940CF0C9FD572201213E48FEF70EF8A9
:10B53000592202213C48FEF709F8472203213B48E3
:10B54000FEF704F84E2204213948FDF7FFFF57208B
:10B550000CF072FDC0F307238DF80800C0F307401C
:10B560008DF809308DF80A0059200CF065FDC0F304
:10B5700007238DF80C00C0F307408DF80D308DF8CF
:10B580000E0047200CF058FDC0F307238DF8100083
:10B59000C0F307408DF811308DF812004E200CF0EA
:10B5A0004BFDC0F307239DF808208DF815309DF85A
:10B5B00009309DF80A101B028DF81400C0F30740F3
:10B5C00043EA02438DF81600204619430CF030FF81
:10B5D0009DF80D309DF80C2001201B029DF80E10E7
:10B5E00043EA024319430CF023FF9DF811309DF804
:10B5F000102002201B029DF8121043EA0243194357
:10B600000CF016FF9DF815309DF8142003201B0246
:10B610009DF8161043EA024319430CF009FF06B0E7
:10B6200010BD00BFC43F0020843E00201343002013
:10B630002D3C0020B54B2DE9F04F9D6B8FB01C6B5E
:10B640000126DFF8FC824FF00009D8F80030B34241
:10B6500080F01681DFF8ECB29BF800309BB1AC4B68
:10B660000121D3ED007A4FF4A043F8FE677AADF8DC
:10B670003030FCEEE77A00238DF832300C9A17EE6A
:10B68000900A0CF0A9FD002602224D214C203346E1
:10B6900000960CF011FD042233464E214C200096FA
:10B6A0000CF00AFD4D200CF0C7FCC0F307238DF809
:10B6B0001800C0F307408DF819308DF81A0006986D
:10B6C0000CF0C2FBC0F307238DF82800C0F307403D
:10B6D0008DF829308DF82A004E200CF0ADFCC0F317
:10B6E00007238DF81C00C0F307408DF81D308DF83E
:10B6F0001E0007980CF0A8FB9DF82910C0F3072343
:10B70000844E09028DF830008DF83130C0F30740C7
:10B710009DF828308DF8320041EA03419DF82A3027
:10B7200019437368994203D07B4871600CF0CCFEDA
:10B730009DF831109DF83030090241EA03419DF82F
:10B7400032301943F368994203D07448F1600CF029
:10B75000BBFE2346FF262401714A082108A80CF0ED
:10B76000BBFA0CA90AA8DFF8E0A18DF829608DF8D2
:10B770002A6094FBF6F31C448DF828400CF090FBF3
:10B780000C9B0B22012108A8FCF7BCF92B46644A4C
:10B7900008210AA8013D0CF09FFABAF8A6239AF8EE
:10B7A000A8330A21ADF830200AA88DF832300B22D8
:10B7B0000C9BFCF7A7F95B4B41F281022B449C5C8C
:10B7C000CCB123462401584A08210CA80CF084FA75
:10B7D00005A904A88DF811608DF81260B4FBF6F38A
:10B7E0001C448DF810400CF05BFB059B05220121E9
:10B7F0000CA8FCF787F9D8F800300027B5FBF3F464
:10B800005C432646D8F80020484BBA4267D89BF8DC
:10B81000003093B33E4B0121D3ED007A4FF4A043A7
:10B82000F8FE677AADF83030FCEEE77A00238DF849
:10B8300032300C9A17EE900A0CF0CEFC9BF80030D8
:10B84000DBB13B4B1B78C3B13A4B1868002814DBC3
:10B85000A04212DBD8F80030234483420DD9364B86
:10B86000001BBAF8792302219B780130ADF8302013
:10B870008DF832300C9A0CF0AFFC0FB0BDE8F08FB1
:10B8800001274FF000033946ADF8309001378DF8AD
:10B89000323030460C9A0CF09FFC112FF1D101365A
:10B8A000D3E6264A925DBAB1FF211201B2FBF1F054
:10B8B00002448DF831100CA805A98DF830205022D3
:10B8C0008DF832200CF0ECFA059A494603980137BE
:10B8D00001360CF081FC95E719889A7810E03F2E2C
:10B8E00095DCB542B7FBF2F902FB1972C9F1030905
:10B8F00002F101020392D4D133F8031C13F8012C96
:10B90000ADF814108DF81620DEE700BF8463002028
:10B91000D046032030590020CC6F002064700020F6
:10B92000883E0020E8970570873E0020A52400206F
:10B93000D88003201C8C0020F123002069A805700A
:10B94000A05F002020810320782000202DE9F04F07
:10B950007E4C91B00CF0D0FA7D4D23689E6B6B68E5
:10B96000B6FA86F99E424FEA591918BF6E60002E4A
:10B9700040D1784903A80CF04BFA774B7749186807
:10B980000B68DFF80C82C31A754FDFF808A2322B60
:10B990000ED96FF001034FF0FF32C8F80030FF23DB
:10B9A0003B708AF800306F4BC3E90022C3E90222E2
:10B9B000D8F80030D5F804B001939B4508606A4B75
:10B9C0001ED06A4803AAD0F88814D0F884040CF07A
:10B9D0008BFC6A68644BC8F80020654A387082F8AE
:10B9E000009088B90021197023685A6B002A6BD126
:10B9F000002410E032465F4903A80CF0C5FDBCE707
:10BA000097F90020012AEDD122680124526B511EC2
:10BA10004A424A411A70019BDFF84C819B45544BC6
:10BA200098F900200AD197F90010A14206D19AF99D
:10BA30000010914202D11978494542D08AF800207D
:10BA40001A2083F800903C70F7F7F3FF4A4A4B4BFB
:10BA5000002C18BF13461A889B78ADF808200222E4
:10BA60008DF80A3007230299FDF7CEF804225821F9
:10BA70004C200CF0A9F90122002E32D1B4420CBFA7
:10BA8000452147214D200CF09FF9314601200CF053
:10BA90005BFD98F80030E3B1DCB10322572143206D
:10BAA0000CF092F9364A51781378927843EA0123E0
:10BAB000344843EA02430B221146FCF723F8FBF714
:10BAC000ACFA11B0BDE8F08F2F4859630CF0B4FC0C
:10BAD0008EE7002102200CF037FD002CE2D12B4A2A
:10BAE000E1E724B347214D200CF06EF944210222F6
:10BAF0004D200CF069F998F80010A1B103225721EC
:10BB000043200CF061F91E4A5178137895ED010A33
:10BB100043EA01239078B8EE400A0B2143EA004043
:10BB2000FCF790F8CBE702200CF00EFDEBE7452187
:10BB30004D200CF049F9022252214D200CF044F91D
:10BB4000214602200CF000FD104ADDE7B85B002022
:10BB5000E8970570893B0020145003204886002098
:10BB60008D660020F858002037660020D071002034
:10BB70004B6C03208D3E0020994E00208C3A002013
:10BB8000703B0020FC3C002018700020934E0020E9
:10BB9000085900208E66002070B58EB04C4C0CF019
:10BBA000ABF94C4BA1681A68936B8B4218BFA3602A
:10BBB000B3F57A7F0DD30025474829469563A560E4
:10BBC0000CF03AFC0422294644480CF0D1F80CF061
:10BBD000DFF9434B434918680B68434EC31A322BB5
:10BBE00009D96FF001034FF0FF3233603F4BC3E9D7
:10BBF0000022C3E9022208600123A26801A83C498F
:10BC00000CF0C2FCA26833689A4246D0394B01AAB4
:10BC1000D3F88814D3F884040CF066FBA3680546B7
:10BC20003360F7F706FF344A344B002818BF134639
:10BC300001201A889B78ADF8002002228DF802308E
:10BC400007230099FCF7E0FF042258214C200CF058
:10BC5000C7F801221DB347214D200CF0C1F8022284
:10BC600044214D200CF0BCF8254A94ED020A51788D
:10BC70001378907843EA01230B2143EA0040B8EEA1
:10BC8000400AFBF7DFFF194B9A6822B100211D48DB
:10BC900099600CF019FCFBF7C0F90EB070BD45219E
:10BCA0004D200CF09DF8022252214D200CF098F806
:10BCB000154A05F07F4094ED020A51781378927886
:10BCC00043EA01230B2143EA02431843D7E700BFAD
:10BCD000E8970570B85B002064700020F09705704D
:10BCE00014500320848600207459002064590020D9
:10BCF000943E0020D0710020994E00208C3A002004
:10BD0000703B002018700020934E0020F0B585B0E5
:10BD1000F7F78FFE824B1B7823B905B0BDE8F040E2
:10BD2000FBF77BB97F4C804B25681A78003D7F4933
:10BD30007F4B18BF01257F4E002A18BF0B4622609B
:10BD4000376833600CF090FBFCF738FD7A4B1B78BA
:10BD50000BB10CF015F80CF0ABF8784B256093F9AB
:10BD600000503760002D00F09980754A75491268BF
:10BD700009689142C0F09280734B07217348B3F871
:10BD8000792393F87B33724EADF80C2008228DF89E
:10BD90000E30002DD8BF3046039BFBF7B3FE0123C6
:10BDA00057214C206B4F009300236B4D1A460CF02B
:10BDB00083F96A4A636810683978DEB244B2684A27
:10BDC00031B92978B14203D192F90010A1423DD096
:10BDD00000212E701470397080B9624903EB43035F
:10BDE00000F07F40CA18CB5C5178927843EA012377
:10BDF00043EA024318430CF02FF901465A480CF06D
:10BE000063FB57200CF018F9C0F30723C0F3074178
:10BE10008DF80C008DF80D30DBB2C0B28DF80E102D
:10BE20001B02C9B243EA00434F4819430CF04CFBD4
:10BE300000214E480CF048FB4FF47F414C480CF079
:10BE400043FB4FF0FF114B480CF03EFB0024032254
:10BE500047214C20234600940CF02EF9234604225F
:10BE600050214C2000940CF027F9434B1A78002AFB
:10BE70003FF453AF324A41491268096891422BD3CB
:10BE80003F4A51781378927843EA0123214643EAE6
:10BE900002423C4B18680CF0E3FA3EE73A4E96F942
:10BEA0000000002839D0264A3849126809689142B2
:10BEB00014D3254B0721364DB3F8EE2393F8F03316
:10BEC000344EADF80C2008228DF80E300028D4BF77
:10BED00030462846039B60E71C701EE79DB1184A58
:10BEE0001168184A1068884208D200211E4819704B
:10BEF000294BF962116019700CF09EFA96F9003026
:10BF0000002B3FF44CAF0E4B1A68204B196891423E
:10BF10003EBF002232701A6041E7002DDFD13EE7BC
:10BF2000E5800320EC500020E880032038630020E7
:10BF3000C05B0020B85B0020D8800320E68003208F
:10BF400014500320DC460320782000209E3E002071
:10BF5000A13E0020E9800320A8660020288C002054
:10BF6000A966002048800320806F0020CC6F00204D
:10BF70001870002064700020B7800320A491002076
:10BF8000CB660020A89100201F8103204C4E032087
:10BF9000A43E0020A73E0020E78003202DE9F341C6
:10BFA0000E46174600283AD0FF24002563B12DB273
:10BFB000642324B2C5EB0515C4EB04146D006400C2
:10BFC000B5FBF3F5B4FBF3F4002E45DD244B1B6801
:10BFD000B34241DB07F1FF38B8F10F0F3CD808B38B
:10BFE000B3420BDD00238DF804508DF8054039462F
:10BFF0008DF80630701C019A0CF0EEF8012F1DD15F
:10C0000000238DF804508DF80540791C8DF806301A
:10C010003046019A02B0BDE8F0410CF0DDB80446AC
:10C02000FF25C3E7012EE9D08DF8060039468DF8CB
:10C030000450701E8DF80540019ADDE700238DF84D
:10C0400004508DF8054041468DF806303046019A7F
:10C050000CF0C2F8102FD3D102B0BDE8F08100BFC0
:10C06000A05F002070B588B0F7F7E3FC764B1B7833
:10C070000BB1FCF799FD0024022257214C202346E6
:10C0800000940CF019F8714E2346009403224721C6
:10C090004C206F4D0CF010F82346009404224E21E2
:10C0A0004C200CF009F83368AB4216BF694B6C6B3F
:10C0B0001C68631E5C425C41674B93ED000A002CD8
:10C0C00000F0A180654A51781378907843EA012303
:10C0D000062143EA0040FBF701FE0023604A2046A8
:10C0E000116808220139FFF759FF3368AB4240F06D
:10C0F000A980002C4FF000034FF003024FF04C00DA
:10C100000CBF52244724009321460BF0D5FF572043
:10C110000BF092FFC0F307238DF80800C0F307402F
:10C120008DF809308DF80A004E200BF085FFC0F322
:10C1300007238DF80C00C0F307408DF80D308DF803
:10C140000E0020460BF078FFC0F307238DF8100097
:10C15000C0F307408DF811308DF8120002980BF0F3
:10C1600073FEC0F30724C0F30746C5B203980BF073
:10C170006BFEC0F307238DF81800C0F307408DF85D
:10C180001930F6B28DF81A0004980BF05DFEC0F37A
:10C190000723E1B2334C8DF81D30090263688DF836
:10C1A0001C00C0F3074041EA05418DF81E003143F1
:10C1B000994203D02C4861600CF086F99DF81D105F
:10C1C0009DF81C30090241EA03419DF81E301943D5
:10C1D000A368994203D02548A1600CF075F99DF839
:10C1E00019109DF81830090241EA03419DF81A30F0
:10C1F0001943E368994225D01D48E16008B0BDE8C5
:10C2000070400CF061B91B4B1B78C3B9FF228DF84D
:10C210001D3000238DF81C2006218DF81E30079854
:10C22000FBF75CFD144B0C221B88B3FBF2F102FB05
:10C2300011339BB2052B8CBF002301234EE722460E
:10C24000FF23E4E708B070BDC8660020B85B00209B
:10C2500034650020B45B0020E8970570964E0020FE
:10C26000A05F002054590020CC6F002018700020DF
:10C2700064700020375C0320DE590320954B1A7848
:10C280002DE9F04F804693B082B1934A904205D099
:10C29000924A904202D0924A904207D1914B924AE0
:10C2A0001968924B00290CBF98469046FAF762FA3B
:10C2B0008F4D904A10682A6842450AD08E490A6814
:10C2C00032B18E4C24781CB9821A4F2A40F29483E2
:10C2D00008600BF089FF00228949824E0A70894864
:10C2E0008949824F0A70326002702A68874CBA42CC
:10C2F000226002D07C4B9A420FD1B84500F0708387
:10C30000794B984500F068834FF0000C81F800C02D
:10C310007F4980F800C081F800C07E498A4240F021
:10C320005F83904502D07C4A002151627B4A1168AC
:10C330007B4A11602A68424500F07082DFF82CA227
:10C34000524503D1D04501D00CF06EF8754BDFF8A3
:10C3500090911A78F2B12A684A451BD1C84519D084
:10C36000DFF80CB29BF800202AB100200BF0D8FEB9
:10C3700000228BF8002000226B494FF0FF30694B00
:10C380000A606A491A70086069490A7069490A7046
:10C3900069490A60DFF8DCB122685A4505D1D84501
:10C3A00021D0F7F746FBFAF738FEB84502D04E4BDE
:10C3B000984516D122685A4511D0604882420ED065
:10C3C0005F4882420BD05F48824208D05E4882427A
:10C3D00005D05E48824202D0524540F0F982F9F71A
:10C3E0009FF9D84507D122685A4504D0F9F7AEF92C
:10C3F000574A01211170C845C5F8008041D1494B09
:10C400001A785AB1494A71684A4B116000221A7071
:10C41000494BC8F82C201A604E4B1A704E4B4FF007
:10C42000000803932B68039803EB8803D96B0CF087
:10C430004BF82F68B8F1010F07EB8803D3F80CA075
:10C44000D3F81C9040F09880284A974203D0264A9F
:10C45000974240F09180414B1B686BBB1D4B1B7892
:10C460003BBB0BF0C1FE0BF087FC81463C4B1C68CC
:10C47000002C40F37A824C45A8BF4C464FF0010A8D
:10C480008FE0B84502D0184B9845C7D1114B1A78A8
:10C4900052B1344A1268716A49B18A4228BF0A46C9
:10C4A0007262C8F83820B9E74FF48072F3E70122CE
:10C4B000F6E74FF00109D9E773682B4A03F2CA3354
:10C4C00052F82340102CA8BF102424EAE4744FF043
:10C4D0001009FAE1016803202C5D0020506400205F
:10C4E000D0630020EC50002038630020C05B0020A7
:10C4F000B85B002014500320248500205A690320D3
:10C50000A8800320EF8003202A810320A861002057
:10C51000FC800320E461002064DCFE703A8003208C
:10C52000EB800320E5800320E04603200C6100201F
:10C53000E8800320E6800320DC460320945E002090
:10C540009C6200203465002084630020106100207C
:10C5500073680320E7800320806F0020008C002098
:10C560000C5C0020A05F0020E8970570E8620020C6
:10C5700022810320A45F0020DFF808B35F4540F06C
:10C58000C581A94A1278002A00F0C081B8F1000FD5
:10C5900040F07C81C7F82C8000244FF001094FF057
:10C5A000FF3A494603980BF0DFFF514603980BF022
:10C5B000BBFC2B689D4A934240F0D9819C4B9D4A1D
:10C5C0001B68934203D0214603980BF035FF039B71
:10C5D00008F101084C33B8F1040F03937FF422AF44
:10C5E0002B68924A93422AD1934B944C18680028A6
:10C5F00040F0C581736800F07F4003EB4303E2180D
:10C60000E35C5178927843EA012343EA02431843FA
:10C610000BF022FD01468A480BF056FF736803EBCE
:10C620004303E218E35C5178907843EA012343EA3C
:10C6300000400BF011FD014682480BF045FF2B68CE
:10C640007C4A934203D0794A934240F09A810BF09E
:10C65000B3FEFAF78FF82A687B4B9A4268D1202103
:10C6600077480BF08DFE74680027082CA8BF0824BB
:10C67000012CB8BF01242046F6F7A0FE2046F7F7AC
:10C680009DF8724B04EB440429681C4491F838204F
:10C69000637902F03F02277103F0030343EA820348
:10C6A000A279637122F00F02088F03F0FC03C0F33C
:10C6B0008310637102436648A2710F6339460BF021
:10C6C00033FC394662480BF04FFF394660480BF0A7
:10C6D000B3FE604B2A681C88936B012C1F46B8BFC1
:10C6E0000124002B40F354819C42C0F2518193639A
:10C6F000012154480BF018FC214652480BF034FF3E
:10C70000394650480BF098FE002153480BF00CFCC2
:10C71000642151480BF028FF316B2B6800294E48EB
:10C72000D8BF64216429A8BF642159630BF084FE3B
:10C730002A684A4B9A4215D173680F2B05D823B14A
:10C740004FF41642DA40D20701D501237360444A00
:10C75000D9B2D05C0BF0D4FB202139480BF010FE8D
:10C760000BF0FAFE2A683F4B9A4224D1002134484C
:10C770000BF0AAFE002138480BF0A6FE3A4B3648D3
:10C7800019782B6802298CBF0339002119630BF03B
:10C7900053FEFC2130480BF0E7FE00212E480BF041
:10C7A000C3FB324B2A4819684B1E594259412B682A
:10C7B00059630BF041FE2A682D4B9A4222D12D4B32
:10C7C0005A68002A40F0E7802B4905A80BF020FBAF
:10C7D0002A4B05AAD3F88814D3F884040BF084FDFF
:10C7E0002B68014608B1264A1178596318480BF0A6
:10C7F00023FE002113480BF097FB40F2E73111486C
:10C800000BF0B2FE2A681F4B9A4207D1064B1B78E9
:10C8100023B101201C4B18700BF082FC13B0BDE853
:10C82000F04F0BF0CDBC00BFE58003203863002043
:10C83000A8610020C05B0020288C002048800320D5
:10C84000806F002064700020E8620020F09705707F
:10C85000187000207C5A0320CC6F00202C5D002033
:10C86000B880032034650020D5660020B45B00202A
:10C87000945E0020E8970570893B0020D07100206D
:10C8800037660020D063002022810320B8F1020F18
:10C8900020D177685A4B384603EB470213F817103C
:10C8A00005AB92F90120009304AB0BF0A5FD20B17C
:10C8B00038460BF019FA00280ADB2028A8BF2020F0
:10C8C00004464FF02009CBF834404FF0000A68E6E8
:10C8D0000024F6E7B8F1030F02D10023BB635BE647
:10C8E000DC6A484B9F427FF45CAEB8F1030F7FF4E3
:10C8F00058AE7368444A03F2CA3352F82340102CEE
:10C90000A8BF102424EAE474BC63E0E5B8F1020F88
:10C91000DC6AE6D13D4B9F4202D03D4B9F423FD166
:10C920003C4B3D4A1B68934201D05B4538D1D6F859
:10C9300004B0334B584603EB4B0213F81B1005AB06
:10C9400092F90120009304AB0BF056FD00283FF450
:10C9500028AE58460BF0C8F90446786321E6012456
:10C960004FF00B097C63A2461BE60124FBE7274A34
:10C9700093427FF428AE274B254A1B6821E600210D
:10C9800049E64FF0FF33254A1360254A136062E6FB
:10C9900001231F46ABE6234905A80BF0F5FD17E779
:10C9A000184B9F427FF4FDAD55201F4AD6E909136D
:10C9B00003EB830300FB0133D118D35C002BCED0F3
:10C9C000C8784FF00B090BF00BFC0446786355E573
:10C9D000D8457FF410AD09E514498A423FF4A3AC71
:10C9E00013498A4203D00C498A427FF49FAC242128
:10C9F00010480BF0C5FC99E413B0BDE8F08F00BF00
:10CA0000A864202050640020E8970570C05B0020D7
:10CA100038630020A86100202C5D0020E45700202E
:10CA2000DC5700208D3E0020395FF670E461002065
:10CA3000E8620020806F002008B5154B1B7833B3E7
:10CA4000144B1A7832B10021552019700BF0F0F90F
:10CA50000BF0CAFB104B1A68022A07D002213120C2
:10CA600019600BF0E5F90D4B00221A600C490D4BD3
:10CA700008681A680C4B08B99A4208D100209A42FB
:10CA8000086004D10948BDE80840FFF7F7BB08BDBE
:10CA9000D180032043810320DC6100203C51002031
:10CAA000EC500020B85B002038630020C05B002001
:10CAB000634B1B782DE9F047624C2DED028B63B17F
:10CAC0002068614B614ABDEC028B00280CBF104608
:10CAD0001846BDE8F047FFF7D1BB5D4EE26833680A
:10CAE000DB6A934223D02268DFF86C81E360002A7E
:10CAF00000F09A80B7EE003B07EE903AB3EE002BC1
:10CB0000B8EE670BB0EE431B9FED4B4B0BF040FDB7
:10CB10005521B8FE400BFCEEC07BD4E9092303EBA2
:10CB2000830301FB023317EE902A43445A703168A5
:10CB3000484A0B6B1068984213D01360013B55258F
:10CB4000032BD4E9090294BF03EB8303642302EBB4
:10CB5000820298BF03EB830305FB00223E48024498
:10CB600093703E4B4A6B1868904214D0501E1A6066
:10CB70000A2894BF3A480120D4E9095398BF1218F3
:10CB800003EB830398BF12F8010C552202FB053317
:10CB9000314A1344D87060680E280FD8314B53F8CF
:10CBA00020305BB1304B00F2CA32896B53F822401F
:10CBB0008C4203D043F822100BF092FABDEC028BAA
:10CBC000BDE8F047FCF76AB8D4E9092303EB830317
:10CBD0000AFB02336A7918F803309A4214D1B7EE8F
:10CBE000003BD4ED037AB0EE484BB8EE670BB3EEE2
:10CBF000002BB0EE431B0BF0CBFCB8FE400BFCEE61
:10CC0000C07B17EE903AAB7109F101090535B9F116
:10CC1000110FD9D1013740F201139F4287D00AFB8F
:10CC200007854FF00109CFE79FED038B01274FF0F8
:10CC3000550AF4E7AFF300800000000000C05F4039
:10CC400001680320EC50002038630020C05B002006
:10CC5000B85B0020B8580020395FF670B458002047
:10CC600038860160345B0020E89705702DE9F74FA6
:10CC70000023DFF8D8902D4EDFF8D4809A462C4C54
:10CC80002C4DD9F800202C4FDFF8C8B0F37088F88D
:10CC90000330E370EB700092032328483B600BF0F5
:10CCA00027FA98F803301BBBE3780BBBD9F80020B8
:10CCB000DBF80000A2EB0A0C844504D20BF04CFB1D
:10CCC00052469246E8E71E491846013308704870FC
:10CCD0000331B3F5007F01F8010CF6D1009B01216F
:10CCE0000192D01AFAF7ECFBFAF797F9019AE8E704
:10CCF0000023134AE3701C46F37088F80330EB708E
:10CD00000133147054700332B3F5007F02F8014C04
:10CD1000F6D1FAF782F90B48F8F7F6FC0A4B1C60DB
:10CD200003B0BDE8F04FFFF7A9BA00BF3A80032077
:10CD3000D980032036800320048C002064700020FA
:10CD4000647B2020C05B0020EC50002014500320A6
:10CD5000F8800320385100202DE9F04FADF5557DC6
:10CD6000F4F760FC714B1B68002B15DD8342A8BFF4
:10CD700003461D466E4B1B689D420FDC8342A8BFD5
:10CD800003461E46741CA0420ADA6A480DF5557D1A
:10CD9000BDE8F04FFFF772BA0125EBE72E46F1E749
:10CDA000654B0021A84601271A68012AACBFA318C9
:10CDB000631C1022013B8342D4BF039303900CA851
:10CDC0000BF0C6FB5D4B6A1ED3F800A00AFB02F213
:10CDD000013246450FDA002F41D1594B0122C6EBF3
:10CDE000C6091A70039B9C423DDD554B00221A7008
:10CDF0000BF0FAF9C9E70AEB020B40F201135B45AD
:10CE000094BF0493CDF810B0049B9A4203D308F169
:10CE100001085A46DDE755214A4B01FB0233012147
:10CE200001EB810013F80090B9F10F0F0BD84846C1
:10CE30000593F4F7EDFB0828059B1FBF01270CA8FD
:10CE400000F80970002701311129E9D10132DBE72F
:10CE500012F8010B0CAF3954013BF9D1BDE70C239B
:10CE6000394A0121F8E7354B40F2011255274FF0BE
:10CE7000000C1968631E64264FF0010E4B434FF0FF
:10CE8000FF0801331944914228BF114699423AD80C
:10CE9000C4EB44164FF4807100202B4F4E440BF02E
:10CEA0006BFB002322460644294610A80093234624
:10CEB00007F10B0AF4F71AFC0DF1300B324610A9FA
:10CEC00007A8F4F767FD3346224610A909A8F5F72D
:10CED000EDFB17F8018B1BF8083083B1234622467F
:10CEE000294672A8CDF80080F4F700FC09AB72AABD
:10CEF00041460093204607AB0196F4F784FF57455F
:10CF0000E7D101346EE70F4A012007FB032201300D
:10CF100082F805C0967105321128967082F803E0F8
:10CF200082F80480F3D10133B0E700BF2C5B00200E
:10CF3000285B0020C05B0020305B0020A05F002049
:10CF4000FC800320395FF670B54E00200148FFF7E2
:10CF500095B900BF1061002070B51D4C1D4D2368B0
:10CF6000AB4205D02846FFF789F92368AB422DD1A3
:10CF7000194B00245A68312A04D0013410330C2C88
:10CF8000F8D10024154A00235168222904D0013326
:10CF900010320A2BF8D100230022114901260B2060
:10CFA0000A701049AC630A700F490A700F490A7081
:10CFB0000F4A16700F4A13600F4B1C60F4F726FEE1
:10CFC00021460E480BF038FA0D4B1E7070BD00BFA5
:10CFD000B85B0020A45F00204C5C0020F05F0020C4
:10CFE000D3800320D5800320D4800320D680032063
:10CFF000D2800320108C0020088C00206470002058
:10D00000736803202DE9F04FDFF8F48085B0394EC6
:10D0100040F6C36AD8F800304FF0B40B376803F11C
:10D02000010900903368DB1BB3F57A7F08D3009BBE
:10D03000002B5BD0304805B0BDE8F04FFFF71EB9BC
:10D040003068F6F7F6FCC01BBAEBC00F4FEAC0051C
:10D050002ABF4FF4D2730825B5FBF3F5772819D80A
:10D060003C2310FB0B307823B0FBF3F000F12803D6
:10D0700000248DF80D30214B8DF80C408DF80E40BA
:10D08000A5421AD1F9F7C9FF0BF08EF810200AF06B
:10D0900057FEC7E7B0F5437F0DD96FF0C703A0F582
:10D0A00043705843DC236E3890FBF3F30028B4BF81
:10D0B000DC33DD33DCE7DC23DAE793F9000000EB57
:10D0C000590000280FDDD8F8002082420BDB93F9CD
:10D0D0000110CA1DD2B20F2A05D8039A0831019354
:10D0E0000BF07AF8019B01340233C9E705B0BDE8C3
:10D0F000F08F00BF14500320C05B0020C04E002002
:10D10000A05F00202DE9F04F0123C1B0934A944C59
:10D11000137002900BF088F8924A4021029B30A8CD
:10D120000AF0DAFD30AAD4F88814D4F884040BF09D
:10D13000DBF818B930A920460BF0BEF8DFF848B28A
:10D140000125DFF84892BBF80030DFF84482DFF8B1
:10D1500044A20493C5F10A030022049803EB43039D
:10D1600001929BF802200AEB0301ADF800008DF854
:10D17000022001204A781AF8033043EA02238A7811
:10D18000092143EA02432A460AF0C6FE764A0120F4
:10D190005178137843EA0123917843EA0141FBF780
:10D1A00049FDF9F73AFF2B46704A402120A80AF0C2
:10D1B00093FD4021029B6E4A0DEB010000950AF0A1
:10D1C0008BFD19F8013F002B4AD020AAD4F888140F
:10D1D000D4F884040BF088F8002841D010AAD4F8C1
:10D1E0008814D4F884040BF07FF818B110A95C48B7
:10D1F0000AF012FF06A8002320AA59490AF0C0FE2F
:10D200000A9E30460BF05CF880B10BA8012310AAEF
:10D2100053490AF0B5FE0F980BF052F800283CD1A4
:10D2200006A80AF07DFE0BA80AF056FE06A80AF032
:10D2300053FE013508F10408092D8BD100244D4B14
:10D240001C605C60F9F714F84B4B1C700AF0ACFFE3
:10D25000424B01201C70FFF7D5FE41B0BDE8F08FB6
:10D26000D8F80430D4F88404D4F88814002B34D1CE
:10D2700010AA0BF039F818B110A939480AF0CCFE01
:10D280000BA8012310AA36490AF07AFE0F980BF07A
:10D2900017F800284ED10BA813E00AF0A9FF0746A3
:10D2A0003A46364930460AF043FD024670B906A8B0
:10D2B0000AF036FE0BA80AF033FE0BA80AF00CFEAB
:10D2C00006A80AF009FE0AF06FFFB2E72B490BA887
:10D2D0000AF042FE0AF068FFE2E710AA0BF004F839
:10D2E00018B110A91E480AF097FE0BA8012310AA36
:10D2F0001B490AF045FE0F980AF0E2FF08B90BA897
:10D3000095E7012310224AF644410BA80BF028F8B8
:10D31000D8F804601A490AF06BFF1A4A76000346EF
:10D32000002701FB05220392B74207D331460BA821
:10D330000AF07EFE0BA80AF0F3FDACE7F21B0593A2
:10D340000BA89A4228BF1A46039BF9180AF004FE5C
:10D350000AF02AFF059B1F44E6E700BF056803208B
:10D36000D07100207B4100209F4E0020D33C002044
:10D37000AA3E002061A80570FC800320C88B0470C1
:10D38000AAAA1A00ACA80570243B002060A805706A
:10D3900068970570758003202DE9F04F0446ADF5C0
:10D3A000177D20B9AB4B5B68002B00F04B810AF076
:10D3B000A3FD0123A84A13700AF036FF6CB3A749F6
:10D3C00009A80AF025FDA64DA64AD5F88814D5F877
:10D3D00084040AF089FF28B1A24928460AF01CFEFD
:10D3E0000AF0E2FE01239F4A9D4904A80AF0C8FD05
:10D3F00008980AF065FF0090D8B9994D994AD5F878
:10D400008814D5F884040AF06FFF002800F0948097
:10D41000944928460AF000FE8EE0F6F70AFB8D4B91
:10D42000914909A85A680BF0AFF8CCE7384667462F
:10D430001EE04FF000084FF0010ADFF850B20DF186
:10D44000580947464646552508F1100305FB0AB51D
:10D45000019307F1040C6879BCF5007F0644E5D917
:10D460003A46494604A80BF0ABF8F0B10427002077
:10D4700095F805C008F1010809F800C0484495F87E
:10D4800006C018F01F0F80F801C095F807C080F89B
:10D4900002C095F808C080F803C001D10AF084FEEC
:10D4A000019B05354345D4D100980AF1010A40F2A9
:10D4B0000115AA4546D00028C5D100276B4B6C4DFD
:10D4C00003F1100E1868083353F8041C2A467345FC
:10D4D00003C21546F6D10023664967480022CD18DD
:10D4E00003EB000818F802E005F802E01032B2F58C
:10D4F000807FF7D10133102BF0D1002F36D10027D8
:10D5000004A80AF00DFD002F3FF477AF544D09AA8F
:10D51000D5F88814D5F884040AF0E6FE28B109A9E4
:10D5200028460AF079FD0AF03FFE09AA4D49534802
:10D530000AF0A2FF002872D1002C79D15048FEF7E2
:10D540009DFE75E00028B8D03A4616A904A80BF055
:10D5500037F80028B1D04FF6FF63022203A904A8D0
:10D56000ADF80C300BF02CF80746A7E741F2C409E0
:10D570004FF00008374FB9F5807F4D4607EB0801A3
:10D5800004A828BF4FF480752A460BF019F8B9EBB0
:10D59000050903D0A8440028EDD1B0E70028AED09B
:10D5A0000822384904A80BF00BF882460028A6D0C0
:10D5B0004A460125552316A920E002F1010C99F8ED
:10D5C00009E0BCF5007F01F802E0624608D104A83A
:10D5D0000AF0F6FF07460AF0E7FD002216A95523D8
:10D5E00008F1010809F10509B8F1110FE5D101357C
:10D5F00040F2011C654507D0002F80D003FB05B920
:10D6000057464FF00108D8E7002F3FF478AF002AC3
:10D610003FF476AF04A80AF0D3FF074670E7AEB92F
:10D6200034B909A90E480AF0F7FC0120FFF7EAFC1B
:10D63000154B00241C700AF0B7FD074B04A81C70A2
:10D640000AF04AFC0DF5177DBDE8F08F002CECD0F8
:10D65000EEE700BFE897057005680320893B0020CE
:10D66000D0710020973B0020B43E0020C8782020D5
:10D6700050A7057060A70570D8782020D4710020CD
:10D68000C05B0020014E0020FC800320395FF67053
:10D6900038B5094B094C1D68236823B1EB1A41F2D8
:10D6A0008732934206D90120FFF776FE044B002211
:10D6B00025601A7038BD00BF14500320F08600208A
:10D6C000FC8003202DE9F04FF9B001240AF0ACFEF4
:10D6D000A94B0026DFF8E0B21C70A84BA84F1E70C3
:10D6E000A84BABF800601E703E70BBF80030B3F57D
:10D6F000006F2CD2013C60215F2220A801FB047145
:10D700000AF016FF0278034680F85F60002A5AD0BC
:10D710009D4AA02150A80AF0DFFA05A8002350AACC
:10D720009A490AF02DFC099D28460AF0C9FD0028F7
:10D730004ED128460AF0C4FD10B105A80AF0F0FB4E
:10D740000AF032FD05A80AF0C7FB002CCDDC8F4C97
:10D750008F4AD4F88814D4F884040AF0C5FD18B9A7
:10D760008B4920460AF0A8FD8A4AD4F88814D4F8D8
:10D7700084040AF0B9FD18B1864984480AF04CFCCB
:10D7800050A80123834A81490AF0FAFB54980AF011
:10D7900097FD002840F0EA800023BBF80040764A5D
:10D7A00050A8E41A13704FF0010218BF0124734B04
:10D7B0001C70744B1C70784B1A700AF08DFB20465D
:10D7C00079B0BDE8F08F754950A80AF021FBA4E7B5
:10D7D00028460AF0A5FE0028ABD0714B00258DF835
:10D7E00034600395CDE90A364FF47A730C93002226
:10D7F00005A938A80AF070FC1DB10AA80E950AF018
:10D800000FFB3C9D3C9628460AF05AFD814638A8FD
:10D810000AF062FBB9F1000F09D105A80AF080FBFC
:10D820000AF0C2FC0AA80E950AF056FB8AE70DF131
:10D830003C0928460AF0E8FD49460AF0C5FB99F87C
:10D8400000306BB32E2B2BD0564948460AF0C4FD4E
:10D8500030B3554948460AF0BFFD08B3534948461E
:10D860000AF0BAFDE0B1524948460AF0B5FDB8B138
:10D8700020A80AF0FDFC804648460AF0F9FC8044E6
:10D8800020AB08F10108B8F15F0F0DF128080DD9A0
:10D890004046C8F810500AF043FBD8F81050A6E7ED
:10D8A0000AA80E950AF03CFB0E9DA0E71A7832B349
:10D8B000404A602138A8CDF800900AF00DFA2846B9
:10D8C0000AF02EFE10B34046C8F810500AF028FBAC
:10D8D0003F2CD8F8105009DC60235F2238A903FBE5
:10D8E000047001340AF024FE80F85F60039B01336A
:10D8F0005A0703937FF47BAF0AF056FC77E74B4659
:10D90000214A602138A80AF0E7F9D8E70FA80AF001
:10D91000A3FA88B128460AF0BFFA81464046C8F803
:10D9200010500AF0FDFAB9F12B0FD8F81050DDD9DC
:10D9300038A80AF0E9FBD9E70AA80E950AF0F0FA30
:10D940000E9DD3E7A1B250A806FB01810AF0F4FCBA
:10D950002B0701D10AF028FC0134A5B2BBF8003036
:10D96000AB42EFD850A80AF0DBFA15E70024602696
:10D97000DFF84880F1E700BF05680320D08003206E
:10D98000C8DF0070E380032061410020D0710020D7
:10D99000AE3B00203C3C0020856600202641002054
:10D9A00004290020BB3E0020D53E0020DB3E0020A5
:10D9B000E83E0020344100207A5A0320C8F7007066
:10D9C000864B2DE9F04F1B6889B00024DFF878A260
:10D9D0000293834B2646DFF874921A680392029AE8
:10D9E0001A60804B4C221C607F4B02FB043840467F
:10D9F0000AF07EFB40460AF02BFC784B02460546B7
:10DA00001F687A4B9F4202D0794B9F4208D1002C6D
:10DA10007CD1102AA8BF1022012A1546B8BF0125C3
:10DA2000744B1B782BB1D9F80030AB4201D0F4F71E
:10DA3000B1FE714B49F8045B9F4240F0C6806F4BCA
:10DA40001B78002B00F04A84002C40F09C80A542FB
:10DA50004FD0CCBF4FF0FF370127694B002D694AEB
:10DA60004FF000011F70D8BF0025674BC8BF0125CC
:10DA70005D481B68FA331360644B1D700AF0DCFCD0
:10DA8000634A936A023B072B33D81579082D30D8A7
:10DA90007B1C604B18BF01275A57BA4229D05E4AF7
:10DAA00052F825B0BBF1010F54D85F55BBF1000F00
:10DAB0001FD007A8594F0AF03BFB4FF4A07303FB9C
:10DAC000057738460AF06CFB554B56493846D3ED7E
:10DAD000007A554AFCEEE77A02FB0512242117EE84
:10DAE000903A9BB200935B460AF0AAFC07A80AF0A2
:10DAF000E7FC3A4B1F68454B1B78FB6207EB84073A
:10DB0000FB6AC3F3090343EA8626ADE0012C0DD17D
:10DB1000464B1B68002B83D10AF02EF9012A0546DB
:10DB2000B8BF01229042A8BF154679E7032C7FF4C5
:10DB300077AF3F4B1B7853B13E4B1B68012AB8BFF0
:10DB400001229A421046A8BF1846054668E74FF4DE
:10DB50008073F3E7344B0BF1FF3E324A03FB05229F
:10DB60000023911E02EB4B0231F9020F013332F90F
:10DB700002CDA1F800C01080AEEB03008342F3D3C6
:10DB8000244B5F5595E7032C40F0A883002D17D058
:10DB90004FF000012848CCBF01254FF0FF350AF0B7
:10DBA0004BFC1B4B5B68013B072B09D8234B2846DA
:10DBB000234A1D70144B1B68FA3313600AF06CFA89
:10DBC000064B1F680023BB6398E71E4B9F4240F043
:10DBD0008583012C3CD17D6390E700BFB85B0020BA
:10DBE00058860020048C0020806F0020C05B00203D
:10DBF000386300204E6C0320D0630020E5800320B2
:10DC0000E6800320DC46032014500320E780032035
:10DC1000EC500020F97A202068970570C88B0570B9
:10DC2000D8610020ACA80570AAAA1A00008C0020B8
:10DC300001680320A05F0020647000201F81032082
:10DC40004C4E0320E86200203A8003206C860020BE
:10DC5000022C40F021831DB10021A6480AF0ECFB04
:10DC6000A54B00221B681A631AF8013B21460134B8
:10DC7000404603F0F703012B1CBF00230AF8013CC8
:10DC80000AF0CEF9042C7FF4ACAE9C4B01229C48E8
:10DC900000211A7010F8013B0BB1F4F77BFD013144
:10DCA0000429F7D1944C974A2368934254D1964F54
:10DCB00097F80080B8F1000F00F01783934D2A7891
:10DCC000092A06D10021924A92481170D9620AF0BD
:10DCD000B3FB6B78092B3FD100204FF000090AF00D
:10DCE0001FFA8D4B4FF0FF318C4A83F800908C4B1C
:10DCF00088481D68C3F800908A4B4D4508BF1546FB
:10DD0000894A19604946894B92F8008083F800904F
:10DD1000874B82F80090C3F800907D4B83F8009009
:10DD2000844B83F80090844BC3F80090724B1B68BF
:10DD3000C3F82C900AF080FB804B012228461A7011
:10DD4000FEF79CFA7D4B87F8009083F800907C4B9F
:10DD5000C3F800800AF068FB2268704B9A4203D037
:10DD6000784B9A4240F04684774BDFF8348219684A
:10DD7000734DB14200F055811E60744B1B78002B2F
:10DD800000F0C382724B1968936B002B00F0C082C5
:10DD90008B4228BF0B4693636E480AF0E5FB564B57
:10DDA0001868836B6B620AF05FFAC36A102B1E4619
:10DDB00028BF1026012E38BF01269E4208D0102110
:10DDC000C66254480AF0D0FB314652480AF034FB90
:10DDD000614BAE62D3F800901E60604B1B78002B45
:10DDE00000F098820AF0BCF9552206EB860302FB8C
:10DDF00000335B4AD25C42B110460AF0A1F820B170
:10DE000010460AF065F900B96A60564B6F681B78D6
:10DE1000BBB1B145544B02D11A68BA4211D01F6050
:10DE20007B1E072B0DD8514B01221F60504B1A70DF
:10DE3000504B514A1B6803F54873136000224F4B47
:10DE40001A704F4B384603EB470213F8171007AB15
:10DE500092F90120009306AB0AF0CEFA68B1384679
:10DE600009F042FF0746014622480AF0E5FA236816
:10DE70006A685F63434B23F81270434B01221A70A8
:10DE8000424B434F1868002840F04C826B6800F00A
:10DE90007F4003EB4303FA18FB5C5178927843EA26
:10DEA000012343EA024318430AF0D6F80146194811
:10DEB0000AF00AFB6B6803EB4303FA18FB5C51782A
:10DEC000907843EA012343EA00400AF0C5F801468E
:10DED00020480AF0F9FA2F4A1C4B12781B78002AC6
:10DEE00000F022822C4A1278002A00F01D822B4A70
:10DEF000127857E018700020B85B00204E6C0320A9
:10DF0000D9800320D0630020E58003203A800320DD
:10DF1000E7800320806F002022810320C05B002067
:10DF2000E04603200C610020E8800320E680032007
:10DF3000DC4603201F8103204C4E03205A69032036
:10DF4000EC50002038630020FC46032001680320C9
:10DF5000A05F0020647000204C590020D180032075
:10DF6000395FF670DD66002044590020187A0020E1
:10DF70005269032014500320F079002074680320B4
:10DF8000A864202080650020CE660020288C002018
:10DF90004880032043810320D88003202081032070
:10DFA000008C0020002A40F0B586002B40F0BD8197
:10DFB0006969A44B01291F6838BF01216B6A0139C7
:10DFC0007943481C7A18834201D3934216D9013B06
:10DFD00093FBF7FC07FB1C330133012BACBFC918C3
:10DFE0000131994B814238BF01469848914228BF80
:10DFF00011465962236899630AF01EFA2368944A0D
:10E0000093420ED1B1450CD0924B1B784BB1924B41
:10E010001B7833B9914B1B781BB98B4B58680AF0AE
:10E020008BF88F4A8F4910780A788F4B82421B6891
:10E0300000F0C0818D4A0870136000228C490A608C
:10E040008C490A608C490A608C498D480E780278A8
:10E05000B24200F0BE818B4A06701360DFF8E8A17F
:10E06000DAF828B00BF1FF330E2B00F274820AF0BD
:10E0700077F87B4B06461B78002B00F02C82824BF6
:10E080001B78002B6ED12368714A93426AD158469F
:10E090000AF086F9002800F01E8255220BEB8B0156
:10E0A000DFF8F09102FB061109EB010219F801708B
:10E0B00076490978002900F0F1816D4A1268B24270
:10E0C00005D16C4A1168B1EB0B0118BF01216A4AF6
:10E0D000D2F800A0BAF1000F40F09281002F40F07A
:10E0E0008681384609F0ACFF82460AF1FF32072AE2
:10E0F00033D8504609F0ECFF014670BB002F40F0CA
:10E100007881AA6A552102EB820201FB0622642172
:10E110004A4491700121D170FF211171AA6A5521E1
:10E120006423504602EB820201FB062209EB020146
:10E1300009F802A04B700021F8F7F4FB4E4BC3F82E
:10E1400000A04B4BAA6A1E604A4BC5F804A01A6097
:10E15000404B1B780BB10AF047F8414B1B78002B62
:10E1600000F0B98122684A4B9A4240F0B481464B94
:10E170001B78002B40F0AF81AA6A5521DFF814917B
:10E1800002EB820301FB063309EB030A19F8037063
:10E190003E4B1B78002B00F0A98235490968B1423B
:10E1A00004D1344B1B689B1A18BF01233249D1F8A4
:10E1B00000A0BAF1000F40F06E82002F40F06282A2
:10E1C000384609F03DFF82460AF1FF33072B00F283
:10E1D0008281504609F07CFF0146002840F07B8197
:10E1E000002F40F05182AB6A552203EB830302FB00
:10E1F000063364224B449A700122DA70FF221A71AE
:10E20000AB6A55220021504603EB830302FB063321
:10E2100009EB030209F803A064235370F8F782FBAB
:10E22000154BC3F800A0124BAA6A1E60114BC5F82B
:10E2300004A01A60074B1B78002B00F04C8109F0FA
:10E24000D3FF48E1A05F0020EC5000206470002064
:10E25000C05B00204381032020810320016803204C
:10E26000EF8003204C6C03201450032068860020AC
:10E27000648600205C860020608600202A810320BE
:10E280004D6C03207C860020FC800320D18003207D
:10E2900038630020395FF670032C1DD16C4B586831
:10E2A0000828A8BF08200128B8BF012009F054FDA4
:10E2B000002D0ADD8542AB46A8BF8346854206DCB9
:10E2C000644B1F68C7F838B018E44FF0010B59468B
:10E2D00061480AF0B1F8F3E7FD620FE407EB84034D
:10E2E000022CDD627FF40AACBEE45C4D01235C4A83
:10E2F0002B70574B18685B4B40450CBF10461846B7
:10E30000FDF7BCFF85F8008026E54FF480713BE502
:10E31000012340E52368524A93427FF4B1AD731E56
:10E320006B6072E50021C2E52BB101234E4A6B619F
:10E3300013602B6162E64D4B1B78002B7FF45EAEC1
:10E340004B4B1A684B4B1B782BB14B4B1B7813B1C3
:10E35000032A7FF453AE686A09F0D6FF032A074602
:10E3600026D16B6983423FF449AE434B68611A780A
:10E37000A2B12A69824214BF034600233F4A1360B8
:10E38000D8F80030002B7FF439AE236839463C487A
:10E390001F630AF051F8344B1F602FE63949431EC2
:10E3A000286109684B43384901330B601346E5E7A0
:10E3B000686123E6002A3FF447AE344947F2305003
:10E3C0000A689A1A82427FF63FAE002230480270F5
:10E3D00039E6002A3FF442AE2E4A10681B1A47F273
:10E3E0003050834282BF00230B70136036E6BA467A
:10E3F0007BE6294A5046C2F800A0F8F793FA8DE66A
:10E40000002968D00AF1FF32072A64D8504609F083
:10E410005FFE00285FD15FB955210BEB8B0201FB3A
:10E42000062264214A4491700121D170FF211171AB
:10E4300055220BEB8B0B6423002102FB06BB5046DD
:10E4400009EB0B0209F80BA05370F8F76BFA78E6AA
:10E45000EC500020B85B0020647000205A69032053
:10E46000C05B0020386300200C5C0020208103206A
:10E47000AC610020CA5B0320D880032078470320CA
:10E48000CC6F0020A05F0020705B00206886002019
:10E49000EF8003207C860020845E0020DAF80410E0
:10E4A000084609F015FEB0B92FB96420907001201C
:10E4B000D070FF20107155220BEB8B0B642302FBF5
:10E4C00006BB09EB0B0209F80B1053709D4B1B7830
:10E4D000002B7FF440AE9C4B1B78002B3BD0236875
:10E4E0009A4A934202D09A4A934234D1994B18786F
:10E4F00088BB994F4FF0550C984ABB6A396803EBBB
:10E5000083030CFB0633002900F0118112F803C0CD
:10E51000D61879688C451ED1D05464237370B370BB
:10E520000123F370FF23337109F05EFED8F8003049
:10E530008BB98B4B1B780BB93B6863B12368834A5B
:10E54000934202D0824A934205D109F015FC01465C
:10E5500084480AF009F8844BD8F800601B78002B37
:10E5600000F0208196B9814A23681168012902D1FF
:10E57000196B01293CD00121002011607C4A1963EC
:10E5800010607848C5E9041109F056FF794B1B6803
:10E59000012B2DD1704F784ABB6A11682668136031
:10E5A0006A4A964240F0CD82012B40F0CA82734AFB
:10E5B000DFF8E8811268D8F80030002A40F0E281E4
:10E5C000012B6F4E0CBF6F4B6F4B1D683368AB4216
:10E5D00003D15E4B1B6BAB4206D05C4B29466148B6
:10E5E0001D6309F029FF356000215E4809F06CFFCA
:10E5F00009F0FEFB2768554BDFF8A4819F4206D047
:10E6000098F80030002B3AD0604B9F4237D1524EE1
:10E610005F4A746802EB440312F81450204693F9E1
:10E6200001A0294693F8019007AB5246009306AB30
:10E6300009F0E2FEF0B1574B7F6B33F91400B8429A
:10E6400018D0204623F8147009F04EFBB84211D0C0
:10E650003B4652462946204609F00EFC012D00F0AB
:10E660004983022D00F04D8325B92A46716848463A
:10E6700009F0AEFB98F800300BB109F0B9FB09B016
:10E68000BDE8F08FBA469FE5434B5046C3F800A063
:10E69000F8F748F9B4E5002B3FF41DAF0AF1FF335A
:10E6A000072B3FF618AF504609F012FD00287FF403
:10E6B00012AF5FB9552102EB820301FB06336421DF
:10E6C0004B4499700121D970FF211971552302EB38
:10E6D00082020021504603FB062209EB020309F8DF
:10E6E00002A064225A70F8F71DF99CE56968084693
:10E6F00009F0EEFC00287FF4EEAE77B1B9427FF46A
:10E70000EAAE552302EB820203FB062209EB020369
:10E7100009F8021064225A708CE564238AF80230EA
:10E7200001238AF80330FF238AF80430E9E7D01880
:10E73000D1546423437083700123C370FF2303719A
:10E74000F2E600BF438103202A810320C05B002042
:10E7500038630020FC800320EC500020395FF67005
:10E76000CB5B0320CC6F0020016803200C5C0020F1
:10E7700078470320008C002050590020B046032029
:10E7800048590020D4460320905E0020D06300202A
:10E79000A864202080650020845E0020E0610020C5
:10E7A000E5800320002E7FF4F1AE23689B4F1A6BA7
:10E7B0003B689A423FF41CAF994B1B78002B7FF4C7
:10E7C00017AF09F011FD09F0D7FA236880463D68BC
:10E7D0001A6BB24240F394808242A8BF024691462F
:10E7E000904A1278A2B1904A934202D08F4A934243
:10E7F0000ED18F4BD3F804A0504609F071FE0028CB
:10E8000000F081808145A8BF8146504609F040FB59
:10E81000236849468748C3F8309009F00DFEA945A2
:10E82000C7F800903FF4B2AE834B09F1FF32DFF836
:10E8300000821968D8F824304A43013B93FBF1F079
:10E8400001FB10330133012BB8BF01238B42D4BF2E
:10E8500002EB030A02EB010A784BBAF5807F1B78C2
:10E86000A8BF4FF4807ABAF1010FB8BF4FF0010A88
:10E87000ABB123686C498B4202D06C498B420ED1FC
:10E880006F4B0121C3F800906E4B19706E4B6F49AE
:10E890001B6803F548730B6000216D4B19706D4BBD
:10E8A000634F1B68032B3DD16B4BC8F814901B784A
:10E8B000002B31D0D8F81020914514BF4B460023CF
:10E8C000664A51466648136009F0B6FD2368C7F8EA
:10E8D00024A0C3F838A0534B1B7873B1504B1B785E
:10E8E0005BB978680F2808D84C4B19684B1EFE2B73
:10E8F00003D85C4B195409F0CBFC09F0B5FC45E694
:10E900004FF001096CE701214A4809F00DFB41462F
:10E91000484809F029FE7BE701325349C8F81090B6
:10E920000A60CDE751464E4809F086FD2368C8F8D5
:10E9300024A0C3F838A0394BD3F800904B4B1B7878
:10E94000EBB1002D19DD102D28BF1025484B03EB2E
:10E9500005153046013609F0E7FD05F8010F102EC8
:10E96000F7D1394B434A1B68C8F8149003F5FA6392
:10E9700013600122404B1A70ADE70125E6E7C8F8A5
:10E980001490A8E73D4A4FF0FF3001293C4D10603C
:10E9900003D1DDE902218A4204D0012200212A703C
:10E9A000384A1170012B204BDFF8E49014BF0F2779
:10E9B0003F271B6ABB426DD039461E4809F0D4FD83
:10E9C00000211C4809F0B0FA236800221F621A6176
:10E9D00001232B70D8F800301648012B0CBF2A4EAB
:10E9E0002A4E316809F028FD336822680021114859
:10E9F0001363C9F80030D8F800302970012B0ABF22
:10EA00000B463723372143EA014109F05DFD2668B3
:10EA10003946306BF3F7AEFF3FE000BF0C5C0020DF
:10EA20002081032043810320C05B00203863002045
:10EA3000EC500020CC6F0020A05F0020DD6600209D
:10EA4000C07900207468032014500320D47900207A
:10EA500052690320AC610020D8800320784703204E
:10EA60006470002033810320705B0020CB5B0320A7
:10EA7000C778202000470320F0800320E4570020BF
:10EA80009266002055690320D4460320905E002042
:10EA9000405900202B78002B9CD1356BD9F80030E1
:10EAA0009D423FF4A5ADBD42D8F80030A8BF3D4619
:10EAB000012B25EAE57533D19F4E29469F483560E5
:10EAC00009F0DEFB96ED000A9FED954BB8EE400A8B
:10EAD0009FED953B9FED962BB0EE431BB7EEC00A22
:10EAE00009F056FD0321B7EEC00B954809F01CFB59
:10EAF00029469448C9F8005009F09EFCD8F8003027
:10EB00009048012B07BF002337213723002143EA18
:10EB1000014109F0D9FC39462846F3F72BFF67E598
:10EB2000894EE9B28548356009F03EFC96ED000A51
:10EB3000B2EE0E2BB8EE400A9FED794B9FED7A3B7B
:10EB4000CAE7D7F80480DFF8189208F2CA32DFF873
:10EB500014B2DFF814A259F82250102DA8BF1025C6
:10EB6000102B25EAE57517D1336BAB4203D1DBF8E7
:10EB70000030013309D029467248356309F05CFC46
:10EB800023687048196C09F09FFC4FF0FF33CAF8F6
:10EB90000050CBF800302BE5DBF8003098450493AB
:10EBA00008D0294667483563CBF8008009F044FC5B
:10EBB000CAF80050654B78681A6800F2CA33116BC6
:10EBC00059F82350102DA8BF102509F06DFB80F0D7
:10EBD00001030390DAF8000025EAE57513F0FF035E
:10EBE0000290059348D11029A8BF102121EAE17BAA
:10EBF0002268116B594505D059465248C2F830B0C9
:10EC000009F01AFC029B5FFA8BF69B4550D0039BE0
:10EC1000CAF800B0002B3CD0D7F804A0BAF10E0F10
:10EC200016D84B4A52F82A2092B1BBF1000F2DD0D2
:10EC3000484A5946504602F80A600AF2CA3249F870
:10EC400022B009F04DFAB7EE000A504609F0E0FA9A
:10EC50005846F3F775FEF7F7E3F8BBF1100F1BD139
:10EC60002021384809F090FA10B11020F3F768FE1F
:10EC7000029B9B451ED00FE0A94201D1AB46B7E7EE
:10EC800029463048156309F0D7FBF7E79FED320AB4
:10EC9000DBE72846F3F754FE16FB06F6CBF1140229
:10ECA0002848F1B2120242EA014109F00DFC04E0E9
:10ECB000039B5BBB049B9845EED1284A1278002A3F
:10ECC0007FF496AC029B9B453FF492AC78680F288A
:10ECD0003FF68EAC059B934218BFAB46BBFA8BF553
:10ECE0006D092946F7F71EFE7B6803F2BA3349F82F
:10ECF00023507DE470680B287FF4BCAC09F0ECFA7B
:10ED0000B8E47168484609F033F9B3E4BBF1100F79
:10ED1000D0D1A5E7002B3FF471A9FFF706BB00BFD8
:10ED2000000000605555C53F0000000000000000D5
:10ED30000000000000804F40D4460320404E0320D6
:10ED400064DCFE70CC6F0020905E0020B85B002079
:10ED5000345B002065822020000000000168032051
:10ED6000E8970570E4570020DC57002008292DE9BA
:10ED7000F04F04469BB00D4644D809F0BDF809F0A9
:10ED800053FA2A467C490AA809F0FEFB64B37B4A81
:10ED900041F2780300210AA82A44D1542346784A34
:10EDA0004021009508F098FF9DF828303BB3754C42
:10EDB0000AAAD4F88814D4F8840409F095FAF0B1BA
:10EDC00005A800230AAA214609F0DAF8099E304670
:10EDD00009F076FA00BB284609F02EF809F0E4F9AC
:10EDE00005A809F079F80DE0664B0AAAD3F8881453
:10EDF000D3F8840409F078FA38B98DF82800284649
:10EE000009F01AF81BB0BDE8F08F5C4B41F27802B4
:10EE100001212B449954C7E730465B4F09F03CF879
:10EE20000323044604AA03A905A847F8253008F0DF
:10EE3000B3FF30B92C230393A4F12C0323EAE3732B
:10EE40000493002C01DD049818B905A809F068F8AE
:10EE5000C1E757F825204FF0640C4C4B5200DC6A98
:10EE6000B0FBF2F159631B6B04FB01F8002B08BFE8
:10EE70006346B8FBFCF8013B02FB08F89C4203D355
:10EE8000631C634528BF634603FB01F464234FF012
:10EE9000000BDFF818A1B4FBF3F48C4228BF0C463A
:10EEA0005443844294BFC8EB0404C8EB00042846D2
:10EEB00009F02AFB039A00233046424408F08CFFF5
:10EEC00009F096F9324B81469C4203FB05F828BFB6
:10EED0001C46A3450CD2A4EB0B020BEB08013046F9
:10EEE0004A45514428BF4A4608F022FF002836D13F
:10EEF00005A809F015F8274B57F825204FEA5B00C5
:10EF000043F82520244BB3EB5B0F2FD3234A06464F
:10EF1000904228D998422CD01C1A22B2002108EB2A
:10EF200040005200504409F013FBA3191C4A284624
:10EF3000242142F825301B4AD2ED007AFCEEE77A14
:10EF400017EE902A92B200920AEB080209F010FA2A
:10EF5000154B012228465A5509F09EFA3EE7834494
:10EF600009F022F9B5E74FF48064D6E700241E4685
:10EF7000DBE70024D9E700BFD33C0020E897057009
:10EF8000AA3E0020D0710020A8A8F570EC50002007
:10EF9000AAAA1A00A897057055550D0055510D00E5
:10EFA00068970570D8610020F97A2020ACA8057018
:10EFB0002DE9F04F87B00E461446894D059008F0B4
:10EFC0009BFF059B0021874A05A8B3F57A7F28BFE0
:10EFD00000231360844A28BF05939360042208F03D
:10EFE000C7FE08F0D5FFEB6A002203932B6B049356
:10EFF0006423C5E90B23002C58D17C4B0127DFF893
:10F000000892DFF800821C605C60F7F731F9C7F105
:10F010000A04002E38D198F80030202098F80120FA
:10F0200098F8021043EA022343EA0141F9F702FE8D
:10F030006F4B04EB44046F491A19019608888978CC
:10F04000ADF8000001208DF8021051781B5D927818
:10F0500043EA0123092143EA02433A4608F05CFFF0
:10F06000394601370598FFF781FE092FCFD1039B61
:10F070006148EB62049B2B63FDF700F95F4B0022B4
:10F080001A7007B0BDE8F08F04EB44035C4809EB4D
:10F09000030219F803305178927843EA01230221E0
:10F0A00043EA02430B22F8F72DFDC1E7DFF860B118
:10F0B0000127DFF83C91D846DFF838A118F8013F66
:10F0C00063B3C7F10A04002E66D14E4A202051785E
:10F0D000137843EA0123917843EA0141F9F7AAFD45
:10F0E00004EB4404BAF800109AF80230012009EB4E
:10F0F00004020196ADF800108DF80230517819F82D
:10F100000430927843EA0123092143EA02433A4654
:10F1100008F002FF39460020FFF728FE0137092FCB
:10F12000CCD10127DFF8C880DFF8C890DFF8D8A07D
:10F130001BF8013F63BBC7F10A04002E3DD1314AE1
:10F1400020205178137843EA0123917843EA014162
:10F15000F9F770FD04EB4404B9F8001099F8023097
:10F16000012008EB04020196ADF800108DF8023082
:10F17000517818F80430927843EA0123092143EAD0
:10F1800002433A4608F0C8FE39460598FFF7EEFDFF
:10F190000137092FCCD16AE704EB44031A491B4815
:10F1A000CA18CB5C5178927843EA0123022143EAE2
:10F1B00002430B22F8F7A6FC92E704EB4403104845
:10F1C0000AEB03021AF803305178927843EA0123DC
:10F1D000022143EA02430B22F8F794FCBAE700BF8E
:10F1E000EC5000202C4E0320E897057061A80570B4
:10F1F00075800320243B0020C05B0020FC8003209E
:10F20000CE3C00209F4E002048800320F23E00208C
:10F2100060A8057070B50020194B0125194E1A4CD5
:10F2200018703570F9F77CF9F7F7F7FE08F0FCFF76
:10F230002946606809F014F808B9307070BD294695
:10F240006068F9F7F3F9F7F713F86320F9F768F94D
:10F25000F7F7E3FE0D4B1B780BB9F7F717F90C48DE
:10F260006569FDF70BF800230A48294665612360AC
:10F27000094B1B681D63BDE8704009F0DDB800BF95
:10F28000CC800320FC800320EC500020D880032099
:10F29000C05B0020CC6F0020B85B00202DE9F04F50
:10F2A000B04DD5B08346029109F076F86C68AE4B4C
:10F2B000082C1B78A8BF0824012CB8BF012413B167
:10F2C0002046F4F77BF8DFF8E8A2DAF800309A6B12
:10F2D000013A00F1B581A54B1B88934240F3B08100
:10F2E000104609F045F9022840F0AA810023A04900
:10F2F00002EB8212E6018DF830309E4B1A4401EB8E
:10F30000C413895D00293AD0009280219A4A0CA842
:10F3100008F0E2FC994C06F127007F220CA920445A
:10F32000344409F005F90023954AA02184F8A63059
:10F330002CA80CAB08F0D0FC924B1C7844B9EB6ABB
:10F3400033B92B6B642B00F07581002B00F03281F8
:10F350008D4E96F88530DBB907AF08F0FDFF00232E
:10F360002CAA3846894908F00BFED7F81080404691
:10F3700008F0A6FFE8B9384608F0AEFD60E1134694
:10F380008021834A0CA808F0A7FCC3E71C463EE195
:10F390000CA9304609F020F80028DDD196F8843019
:10F3A0007C4A13605B00D6F88020B2FBF3F26A63FC
:10F3B0006DE0404608F070FD06AA044605A93846EF
:10F3C00008F0EAFC28B92C3C2C2324EAE4740593C9
:10F3D0000694704B03210620059A1960069BB3FB27
:10F3E000F0FC1C46C5F834C0BBF1000F1DD16A49C2
:10F3F0008B421ADDEB6A642403FB0CF3B3FBF4FECF
:10F400002B6B03FB0CF3B3FBF4F4644528BF644699
:10F410007445CBBF00FB0EFEDE4644430C467244EF
:10F42000A4EB0E048C42A8BF0C464FF00009D31782
:10F43000404608F0D1FC08F0DBFE0390A1450DDA50
:10F44000039BA4EB090240469A4228BF1A46534B3D
:10F4500003EB090108F06CFC002874D1384608F071
:10F460005FFD7F220CA9484809F062F80022384667
:10F47000C6F8809086F87F20464AC6F888901268C1
:10F4800086F88420012286F8852008F025FD6C6B23
:10F490006421EF6A6743B7FBF1F7BBF1000F56D168
:10F4A0002B6B6343B3FBF1F39C4228BF1C46394DE1
:10F4B0002B685F435C43D6F880307A006400B3EB7E
:10F4C000470F98BF00229C4228BF1C46002A24F008
:10F4D000010444DB9A4228BF1A461646002CC0F2AB
:10F4E000AF809C4228BF1C46A64280F2A980002023
:10F4F000A41B08F0A1FE2A4B07A8D3ED007AFCEE6E
:10F50000E77A17EE903A9FB208F012FE234A631092
:10F51000242132442348009708F092FF07A808F0FE
:10F52000CFFF214A01231370029A002A00F088803D
:10F5300029686422002001EB4101890001F0FC01EF
:10F5400008F0FAFC7CE0814408F02EFE76E7DAF859
:10F55000003016485963296308F06EFFA7E70026BC
:10F56000BCE700BFEC500020D26600207C5A03208C
:10F5700048DB00704859007034410020E89705705E
:10F58000A33B0020AD680320004A0320D071002077
:10F590006141002034510020AAAA1A00ACA80570CD
:10F5A000D8610020C88B05701B810320CC6F002020
:10F5B000B85B0020029B002B3FD06421DAF80030BA
:10F5C00021485963296308F037FF204B00250CA917
:10F5D0001F4883F88550C3F88050C3F8885008F05E
:10F5E000FBFE38B17F220CA9194808F0A1FF184B87
:10F5F00083F87F50174A1368002B08DD164B1B68F1
:10F60000012B3FF4C3AE022B01D1144B1C7884F0C4
:10F61000010313490B7034B9146021464FF40062A2
:10F62000104808F095FF9DF8B0304BB12CA808F0B9
:10F6300073FB05E0029B002BC7D10B4B01221A7014
:10F6400055B0BDE8F08F00BFCC6F0020004A03200A
:10F650004F6C0320284703208C4A0320D8800320C6
:10F66000D3660020808A20201B8103200121FFF720
:10F6700015BE0020FFF7FABF2DE9F04F9C4EA1B058
:10F680000021054632688DF80B10824246D00123D6
:10F690009848994C037099480370994803709948A9
:10F6A000037099480370994803709948037099480A
:10F6B0000370994803704FF0FF302060974C23701F
:10F6C000974B1860A2F13200052826D82923C340A1
:10F6D000DF0722D5372A9348934F4FF0010404BF28
:10F6E000924B1970012108F01FFC01218D4808F090
:10F6F0003BFF01218B4808F09FFE3B6821468C4868
:10F70000DC6208F011FC2146894808F02DFF2146F3
:10F71000874808F091FE3B681C6335600DF10B03D0
:10F72000281F0393352801F22587DFE810F0360003
:10F73000230F230F29016C013907CD07D50A8F004C
:10F74000AE01230F1B0B9E0B08083B08230F230F52
:10F75000230F230FD508D10B5809230F8F0CE10C71
:10F76000270D5E0D9E0D8A09C109230F230FFD0D84
:10F77000230F1F0A230FEB0320048A00B904FF01A3
:10F780008302EC064F0A1A06230FF1023202980395
:10F79000360E6E080D057B06B306584D624F2B786A
:10F7A000644EABB1644B65481C68013C18BF012432
:10F7B000214608F041FE0121604808F0D5FE0021F5
:10F7C0005E4808F0B1FB3B6834605C6300232B703B
:10F7D0003B6832685B6B934233D0002B564D5748E1
:10F7E00014BF4FF0FF3401242C60013C18BF0124EA
:10F7F000214608F021FE3B6895F9001000205C636B
:10F800003460F6F7F7FC29684D4C481E41424141EF
:10F810004C48216008F074FE23684A48012B0ABF57
:10F82000494B0021196808F02BFDF3F719F9042161
:10F8300003A808F039FE0420F8F76EFD01238DF8C7
:10F840000B309DF80B0021B0BDE8F08FDFF8088188
:10F850003E4C98F80030002B38D12568DFF89C909A
:10F86000314F99F800303A4E8BB12946334808F0B1
:10F87000E3FD0421314808F077FE00212F4808F00D
:10F8800053FB3B6835605D63002389F800303B68BB
:10F89000596B33689942D4D098F80030002B5DD072
:10F8A000022526482946256008F0C6FD3B68294602
:10F8B00006205D633560F6F79DFC264B00221A603A
:10F8C0000C210DEB010008F0EFFDBAE72368022BD5
:10F8D00001D10225C2E7022106202160F6F78AFC49
:10F8E0001C4B00221A6098F80030002BF1D1B4E7CD
:10F8F000E0590020AB660020005A0020AA660020D4
:10F90000B0660020AF660020AE660020B166002021
:10F91000AD660020AC660020B26600208366002041
:10F92000205A0020806F0020B85B0020C880032090
:10F93000CC6F0020345A0020E061002018700020B5
:10F94000FC4D0320404E0320D4460320DC61002000
:10F95000605A00203C510020D18003200429A54892
:10F96000A8BF042121EAE171216008F065FD21684A
:10F9700006203B683160596349B2F6F73BFC9FE7CC
:10F980009D4DDFF888822C6898F80030621C9B4FF0
:10F990009B4E08BF00248BB12146964808F04CFDD1
:10F9A0000221944808F0E0FD0021924808F0BCFADA
:10F9B0003B6834605C63002388F800303B68596B17
:10F9C000336899423FF43DAF002917DB022918DC68
:10F9D000002908BF4FF0FF3121EAE1748548296012
:10F9E000214608F029FD3B6895F9001004205C636E
:10F9F0003460F6F7FFFB072103A864E74FF0FF31FF
:10FA0000EAE70221E8E77F4DDFF800822C687B4FB0
:10FA1000631C98F800307C4E08BF00248BB121464F
:10FA2000744808F009FD0221724808F09DFD00218C
:10FA3000704808F079FA3B6834605C63002388F80A
:10FA400000303B68596B336899423FF4FAAE0029A5
:10FA500016DB022917DC002908BF4FF0FF3121EA2D
:10FA6000E17464482960214608F0E6FC3B6895F99A
:10FA7000001002205C633460F6F7BCFB0821BBE792
:10FA80004FF0FF31EBE70221E9E7604C5B4E237852
:10FA90005F4D93B15F4F5748396808F0CDFC0221A4
:10FAA000544808F061FD0021524808F03DFA3B68D7
:10FAB00032682B6053630023237033682A685B6BC2
:10FAC00093423FF4BEAE022B1946524CA8BF02210E
:10FAD000002B21EAE17121601ADC4F4B1A680023E8
:10FAE00002F1FF38D8F1000242EB08024B4849B25C
:10FAF000027018204A4A1370F6F77CFB21683D48D3
:10FB000008F09AFC236832680D212B60536373E779
:10FB1000012B09D0404B1A68012302F1FF3EDEF1B0
:10FB2000000242EB0E02E1E70022DFE7374F334EDF
:10FB30003B783C4D93B13C4B2E481C78214608F055
:10FB40007BFC01212B4808F00FFD0021294808F01B
:10FB5000EBF933682C605C6300233B7033685C6BAB
:10FB60002B689C423FF46DAE04F1FF3C2E4B2148C4
:10FB7000DCF1000444EB0C0421461C7008F05CFC32
:10FB8000336821461C205C632C60F6F733FB2C2184
:10FB900032E71E4F194E3B78244D93B1244B154844
:10FBA0001C78214608F048FC0121124808F0DCFCD2
:10FBB0000021104808F0B8F933682C605C6300231A
:10FBC0003B7033685C6B2B689C423FF43AAE671E17
:10FBD000174B08487C427C4121461C7008F02CFCE5
:10FBE0003368214625205C632C60F6F703FB332144
:10FBF00002E700BF187000209C640020B85B002062
:10FC00000C5A00204C640020545A0020AA660020A0
:10FC1000405A002008610020B45B002032660020BA
:10FC200035660020DC59002034660020EC590020A5
:10FC300033660020DFF89C82D8F800301F6B002F5D
:10FC40004CD19E4A9E4E92F900403278DFF8AC9239
:10FC50009C4D3AB3003F04F17F049B4818BF012735
:10FC600024EAE474394608F0E7FB0121964808F0DD
:10FC70007BFC0021944808F057F92146934808F08E
:10FC8000DBFBFE21914808F06FFC00218F4808F053
:10FC90004BF9D8F800300022C9F800702C6032709F
:10FCA000C3E90C74D9F80020BA4219D1586B2C68FA
:10FCB000FE280246A8BFFE22844222EAE272A2F196
:10FCC0007F013FF4BEAD49B22A605A63E7B97B4B6E
:10FCD0001D201970F6F78EFA2D218DE67C4AB1E7CA
:10FCE000C9F8007077B9754B93F9004077487F34B5
:10FCF00024EAE474214608F09FFBD8F800305C63E6
:10FD00002C609EE5724BEFE7714B1F201970E1E705
:10FD1000DFF8ACB16F4C9BF80030DFF8E4816E4E39
:10FD20006E4D002B3CD06E4B012193F800A06D4B23
:10FD30001F7808F0EDF881466B4808F0F5F832219D
:10FD4000694887F0010708F00FFC5146664808F043
:10FD500073FB00215C4808F0E7F801215A4808F0DD
:10FD600003FC3946584808F067FB0021574808F063
:10FD7000DBF80821554808F0F7FB4946534808F0DE
:10FD80005BFB2368594AC3F83490C8F800A0376079
:10FD9000C5F80090C3E90BA7002313708BF800305F
:10FDA0002368D86AD8F80030984219D03228A8BF02
:10FDB00032200128B8BF0120C0B208F0ADF9484B8D
:10FDC00049481F78394608F037FB23680222322160
:10FDD000DF6203A8454BC8F800701A7008F064FB96
:10FDE0002368186B3368984219D080F3010080F0C3
:10FDF000010000F0010008F0E3FA3A4B32481F78A6
:10FE000087F00107394608F017FB236801223221E9
:10FE10001F6303A8354B37601A7008F045FB236851
:10FE2000586B2B6898423FF40CAD0828A8BF0820F7
:10FE300020EAE070C0B208F00FFA08F069F8064650
:10FE40000146224808F0F8FA2368002232215E6356
:10FE5000264B2E601A700122254B1A70CCE5184CE7
:10FE60001C4E2378234F93B1234D1848296808F07E
:10FE7000E3FA0321154808F077FB0021134808F046
:10FE800053F82B6832683B60536300232370336858
:10FE90005C6B3B6884F30204A3423FF4D2AC164B84
:10FEA00021460A481C603C6008F0C6FA336801220B
:10FEB00034215C630E4B1A709EE500BFDF660020A4
:10FEC000AA660020085A0020CC6F0020187000207D
:10FED000DE660020B85B0020D4590020FC590020C9
:10FEE0007966002056690320806F0020FA6703209E
:10FEF000736803206857002064780020045A0020AB
:10FF0000245A0020814D824F2B78824E93B1824B30
:10FF100082481C78214608F08FFA01217F4808F0BA
:10FF200023FB00217D4807F0FFFF3B6834605C63E2
:10FF300000232B703B68586B336898423FF481ACC8
:10FF4000451E6842684108F0D7F8734B73481C7827
:10FF5000214608F071FA3B6861B219205C63346095
:10FF6000F6F748F96E4B012228211A7044E5674CD8
:10FF7000674E23786B4D93B16B4F6848397808F022
:10FF80005BFA0321654808F0EFFA0021634807F0A7
:10FF9000CBFF3B7832682B605363002323703368B8
:10FFA0005C6B2B689C423FF44CAC002C26DB032C92
:10FFB00002DCE4B2032C09D15C4C5D4AD4F888140D
:10FFC000D4F8840408F090F9D0B90324204608F04E
:10FFD0006FF8584B01221A70534B61B216201C70F7
:10FFE000F6F708F921464D4808F026FA3368012251
:10FFF00029215C634A4B2C601A70FDE40024E5E77C
:02000004600199
:10000000214604A800234A4A07F0BAFF089C20466C
:1000100008F056F920B90020002408F049F83BE028
:10002000204607F039FF5A2871F10001F3D35A2214
:1000300009A9204607F07CFE044604A807F070FFDB
:100040005A2CE8D109AB3C4A0020194601304F78C0
:100050008C78033211F803CB0F2802F8027C02F8E7
:1000600003CC02F8014CF1D1344A0021013193F85C
:100070002E4093F82F00033293F82D700F2902F8C9
:10008000024C03F1030302F8037C02F8010CEDD1EA
:10009000284B012203241A7004A807F01DFF9BE7D8
:1000A0001A4D1B4F2B78264E93B1264B1B481C78BC
:1000B000214608F0C1F90121184808F055FA00213D
:1000C000164807F031FF3B6834605C6300232B70F7
:1000D0003B68586B336898423FF4B3AB441E6042B0
:1000E000604107F0C5FE174B0C481C78214608F00C
:1000F000A3F93B6861B21B205C633460F6F77AF8C1
:10010000074B01222B211A7076E400BFAA6600205B
:10011000B85B0020C85900207866002018700020C5
:1001200073680320B4590020A6800320D0710020FA
:10013000E43B0020A2800320488003207580032038
:10014000E459002039660020A14BA24A1978002307
:100150001C4612F8010B884208BF1C4601330D2BC8
:10016000F7D19D4F3B78012B40F08E809B4B1C7844
:100170000826082CA8BF0824DFF890A2984D9AF80A
:100180000010984B984ADFF890B2DFF89092DFF8B1
:10019000908200297ED1197800297BD01168B14264
:1001A00078D13A78DBF800309A4240F095802B689D
:1001B000DC6AD9F800309C421DD0042CDFF840A244
:1001C0008A48A8BF0424012CB8BF012421468AF81C
:1001D000004008F031F92B689AF900102D20DC62FC
:1001E000C9F80040F6F706F8814B0122372103A831
:1001F0001A7008F059F92B681C6BD8F800309C4233
:100200001DD0192CDFF8FC917A48A8BF1924012CC5
:10021000B8BF0124214689F8004008F00DF92B6889
:1002200099F900102C201C63C8F80040F5F7E2FF94
:100230006F4B0122372103A81A7008F035F92B689B
:10024000DFF8C4815C6BD8F800309C423FF4F9AA17
:10025000B4423B78A8BF3446012B24EAE47472D13F
:100260005E4B61B22E201C70F5F7C4FF2146624838
:1002700008F0E2F82B68012237215C635C4BC8F878
:1002800000401A70FFF7B8BB022B01D15B4B6EE741
:100290000C2671E70121554807F046FE042153481A
:1002A00008F062F90121534807F03EFE1921514838
:1002B00008F05AF90021504807F036FE31464E4802
:1002C00008F052F9484A474B166001221A709AF812
:1002D0000030002B3FF465AF4948017800292ED04B
:1002E0000429A8BF0421474A137853B3192BA8BF88
:1002F000192301703D481370CDE9001308F09CF8F4
:100300000099019B2A683B48D162C9F80010194640
:10031000009308F091F8009B21462A683648136341
:10032000C8F8003008F088F82B685C63364B1C6016
:100330003B78CBF8003000238AF8003037E7012102
:10034000D1E70123D5E7022B04D12C4B61B22F203A
:100350001C7089E71F4B2B20195D1D4B197049B28A
:1003600082E72A4D1E4F2B78294E93B1294B224804
:100370001C78214608F060F801211F4808F0F4F8C5
:1003800000211D4807F0D0FD3B6834605C6300230A
:100390002B703B6832685B6B93423FF452AA581E45
:1003A0001C4C434243412370F6F7E4F92478124889
:1003B000214608F041F83B6861B224205C63346058
:1003C000F5F718FF0A4B012230211A70FFF714BB12
:1003D000CA8003202A4F0020C8800320C980032040
:1003E000B85B0020546D0320505A0020806F00201D
:1003F00073680320CC6F002018700020CF660020A7
:10040000D1660020D0660020BC590020AA660020DA
:10041000B059002001680320185A0020F859002024
:100420001C5A0020964D974F2B78974E93B1974BBF
:1004300097481C78214607F0FFFF0121944808F0F7
:1004400093F80021924807F06FFD3B6834605C63CD
:1004500000232B703B685C6B33689C423FF4F1A92E
:10046000611E8A4D8A484C424C4121462C7007F04F
:10047000E3FF3B68214630205C633460F5F7BAFE49
:100480002B780BB1FCF7D8FA824B012238211A7075
:10049000FFF7B2BA7A4D7B4F2B787F4EABB17F4BD3
:1004A0007B481C78022CA8BF0224214607F0C4FF19
:1004B0000221774808F058F80021754807F034FD0C
:1004C0003B6834605C6300232B703B685C6B336873
:1004D0009C423FF4B6A9022C704B6D48A8BF022481
:1004E00024EAE47421461C7007F0A6FF3B6861B261
:1004F00031205C633460F5F77DFE664B01223921C3
:100500001A70FFF779BA5E4D5E4F2B78644EC3B117
:10051000644B5F481C88FF2C96BF0A231A24B4FB47
:10052000F3F4214607F088FF1A21594808F01CF817
:100530000021574807F0F8FC3B6834605C630023F7
:100540002B703B685C6B33689C423FF47AA9002CAB
:1005500025461DDB192C1EDC05EB8501490089B2FF
:10056000504B20201980F5F79FFE04212120F5F73C
:1005700041FEF2F71FFA2946454807F05DFF3B6848
:1005800001222E215C63434B35601A70FFF734BAA9
:1005900000242546E0E71A244FF480712546DFE762
:1005A000374C384E2378404D404FC3B12968481C22
:1005B000374808BF002107F03FFF0321344807F008
:1005C000D3FF0021324807F0AFFC2B685A1C3B6078
:1005D000326814BF19460021002351632370336829
:1005E0005C6B2B68591C14BF1A460022944203D13D
:1005F0003A6893423FF425A9002C37DB032C39DC01
:10060000002C14BF23464FF0FF33214620482B60B7
:1006100007F012FF3368032029685C63396049B230
:10062000F5F7E8FD2B68224A9C1E61426141032BCD
:1006300011701EBF00221F4B1A60F2F753FEF5F730
:10064000F7FA33681C4A934202D01C4A93420AD1FB
:100650001B4B1B788BB107F0C7FD07F08DFB0146E4
:10066000184807F081FF0921FFF7C6B900244FF0B1
:10067000FF33CAE703242346C7E71021F0E700BF92
:10068000AA660020B85B0020A8590020D180032072
:100690001870002073680320B8590020C966002034
:1006A0006C5A0020B8650020AC610020445A00203C
:1006B0002081032078470320C05B0020386300209E
:1006C000CB5B0320CC6F0020764D774F2B78774E95
:1006D000ABB1774B1C68601E4442444175482146CB
:1006E00007F0AAFE0121734807F03EFF0021714880
:1006F00007F01AFC3B6834605C6300232B703B6896
:1007000032685B6B93423FF49CA8012B684D6948AB
:100710000EBF1C4600244FF0FF3321462B6007F02C
:100720008BFE3B68002295F9001008205C63624B49
:1007300034601A60F5F75EFD0A21FFF75DB9594D87
:10074000594F2B785D4E9BB15D4B5A481C68013C5C
:10075000214607F071FE0121564807F005FF0021F0
:10076000544807F0E1FB3B6834605C6300232B7066
:100770003B685C6B33689C423FF463A884F30104DC
:100780004F4D4C48631C21462B6007F055FE3B68DB
:100790000B2095F900105C633460F5F72BFD1121F7
:1007A000FFF72AB93F4C404F2378464E93B1464D50
:1007B0004048296807F040FE08213E4807F0D4FE73
:1007C00000213C4807F0B0FB2B683A683360536364
:1007D000002323703B68596B336899423FF431A87A
:1007E0000829394C3348A8BF082121EAE17121606A
:1007F00007F022FE21680C203B683160596349B242
:10080000F5F7F8FC1221FFF7F7B8DFF8C88098F881
:1008100000401CB12D4B1C7884F00104214D224F67
:100820002B782B4E83B12146224807F005FE01218B
:10083000204807F099FE00211E4807F075FB3B6831
:1008400034605C6300232B703B685C6B33689C42B4
:100850003EF4F7AF1D4B1B7883B1002415482146A9
:1008600088F8004007F0E8FD3B6821462A205C63D9
:100870003460F5F7BFFC3621FFF7BEB8611E0D48A6
:100880004C424C41214688F8004007F0D5FD3B68BA
:1008900021462A205C633460F5F7ACFC07F0A4FC29
:1008A000E9E700BFAA660020B85B0020C05900201D
:1008B000F05D002018700020BC460320E85900209D
:1008C000346300202C5A0020C8460320D180032026
:1008D000105A002043810320DFF87482914E98F86B
:1008E0000030914FCBB1914A914B14781B789148CD
:1008F00004EB4304E4B2651E294607F09DFD032185
:100900008C4807F031FE00218A4807F00DFB336860
:100910003C605D63002388F8003033685C6B3B68A3
:10092000013B9C423EF48DAF002C52DB032C53DC88
:100930000134E4B2012C4DD0032C14BF0223012357
:10094000022C7A4A7C4D136094BF00210121784A21
:100950001B0111702B6007F0A7F93368774A9342A7
:1009600002D0774A934220D14FF480782D687548A1
:10097000B8FBF5F5294607F0F7FD4146724807F048
:10098000F3FD33681A6B954204D229466D481D6306
:1009900007F052FD33689A6BB2F5807F05D94FF4AA
:1009A00080716948996307F047FD651E61B20D20AB
:1009B000F5F720FC29465F4807F03EFD33683C60B0
:1009C0005D63F3F736F8614B012217211A70FFF7C8
:1009D00013B801242346B3E704240223B0E75C4C98
:1009E000504F23785B4E93B15B4D5248296807F016
:1009F00023FD01214F4807F0B7FD00214D4807F0C6
:100A000093FA2B683A6833605363002323703B6882
:100A1000596B336899423EF414AF81F301014E4C97
:100A20004448216007F008FD21680E203B683160D2
:100A3000596349B2F5F7DEFB07F0BEFC1921FEF75A
:100A4000DBBF434D374F2B78444E93B1444B39486D
:100A50001C78214607F0F0FC0121364807F084FDA0
:100A60000021344807F060FA3B6834605C6300237F
:100A70002B703B685C6B33689C423EF4E2AE84F3BF
:100A80000104374D0021122004F001032B70F5F70B
:100A9000B1FB95F900101320F5F7ACFB2146254872
:100AA00007F0CAFC3B68202134605C63FEF7A4BFFA
:100AB000274D1C4F2B782B4EBBB12B4B1D481C6870
:100AC000022CA8BF022424EAE474214607F0B4FCF7
:100AD0000221184807F048FD0021164807F024FAC3
:100AE0003B6834605C6300232B703B685C6B33684D
:100AF0009C423EF4A6AE022C1B4D0E48A8BF022419
:100B000024EAE47421462C6007F096FC3B6895F9D2
:100B1000001014205C633460F5F76CFB2121FEF7B4
:100B20006BBF00BFB85B0020C45900208C5E002062
:100B3000E280032018700020A05F0020C05B00202E
:100B400038630020CC6F002064700020736803209D
:100B5000AA660020F0590020008C0020285A0020AE
:100B6000DD660020D85900208C4A0320724C734F58
:100B70002378734E93B1734D7348296807F05CFC7A
:100B80000121714807F0F0FC00216F4807F0CCF913
:100B90002B683A6833605363002323703B68596BBA
:100BA000336899423EF44DAE81F30101654C6648CD
:100BB000216007F041FC216815203B6831605963D2
:100BC00049B2F5F717FB2621FEF716BF5A4F3B78BF
:100BD000002B33D05D4C0026238823FA06F2D2077F
:100BE00075D5002E08BF10263146594807F024FC61
:100BF000524D1021564807F0B7FC0121544807F028
:100C000093F92B6830461E6307F0AEF82488C44081
:100C10004D4804F00104214607F00EFC01214A482A
:100C200007F0A2FC0021484807F07EF92B685C63BE
:100C3000484B1E60484B1C6000233B703F4F454AA9
:100C40003B6811681E6B444D102EA8BF1026012E64
:100C5000B8BF01268E4218D031463D481E6316604B
:100C600007F0EAFB394B304607F07EF81C88C44099
:100C7000354804F00104214607F0DEFB3B682F21D4
:100C800003A85C632C6007F00FFC3B682A685C6B70
:100C900084F3010191423EF4D4AD304607F064F88C
:100CA000596306462848296007F0C6FB0120274BF8
:100CB000002C00FA06F0198880B2CCBF01438143B2
:100CC00022201980F5F7F0FA2F21FEF795BE0136A4
:100CD000102E82D1012687E7174C184F23781F4E1C
:100CE00093B11F4D1848296807F0A6FB0321164849
:100CF00007F03AFC0021144807F016F92B683A680F
:100D000033605363002323703B68596B3368994207
:100D10003EF497AD81F30201114C0B48216007F0BE
:100D20008BFB216805203B683160596349B2F5F7B8
:100D300061FA0B21FEF760BEAA660020B85B0020B6
:100D4000F4590020288C002018700020DE65002057
:100D5000CC6F0020305A0020AC590020385A0020B7
:100D6000E88E0020A64C237843B3A64BA64819680A
:100D700007F062FB1021A44807F0F6FB0121A2480E
:100D800007F0D2F8A14BA248196807F055FB1021D3
:100D90009F4807F0E9FB01219D4807F0C5F89D4BEE
:100DA0009D48196807F048FB10219B4807F0DCFBC1
:100DB0000121994807F0B8F800232370974C984D0B
:100DC00023682A68DB6A934210D0012B914E4FF0C2
:100DD0000F00B8BF0123102BA8BF10233360F7F713
:100DE0009BFA01238DF80B3033682B6023688D4EFE
:100DF000196B3368994217D00129844B814DB8BFD4
:100E000001211A681029A8BF10219142296003DD31
:100E10007F48196007F010FB0F20F7F77DFA0123D8
:100E20008DF80B302B68336023687F4C596B236837
:100E300099423EF406AD0129724B744DB8BF0121B1
:100E40001A681029A8BF10219142296003DA6E4860
:100E5000196007F0F1FA0F20F7F75EFA01238DF819
:100E60000B302B682360FEF7ECBC704D6B4C2B787D
:100E70006F4F93B16F4E6648316807F0DDFA052178
:100E8000634807F071FB0021614807F04DF83368B3
:100E900022683B60536300232B7023683A68596BC8
:100EA00091423EF4CEAC0529624C5948A8BF0521B9
:100EB00021EAE1715963216007F0BEFA1020F7F7CB
:100EC0002BFA01238DF80B3023683B60FEF7B9BC89
:100ED000DFF87481584E98F8004033784F4D64BB6A
:100EE000564F7BB121464A4807F0A6FA01214848EF
:100EF00007F03AFB2146464807F016F82B683C609D
:100F00005C6334702B685C6B3B689C423EF499AC2C
:100F1000012C06D14A4B4FF0FF3288F80040347064
:100F20001A6084F301043A48214607F085FA2B68D9
:100F30003C605C631821FEF75FBD414FABB1414B94
:100F4000188807F0C1F904460146314807F074FAE1
:100F500063212F4807F008FB00212D4806F0E4FF2D
:100F60002B683C605C63002333702B685C6B3B68D0
:100F70009C423EF466AC002C0EDC00240123244885
:100F80002146337088F8004007F056FA2B685C63FE
:100F90004FF0FF333B60CDE7632CA8BF63249C4236
:100FA0001CD007EE904AB3EE044BB7EE001BB8EE30
:100FB000E70B9FED0F3B9FED102B07F0E9FABCEE1E
:100FC000C00B204A03A810EE103A11889BB2994238
:100FD0004FF0180118BF138007F066FA21460C483D
:100FE0003C6007F029FA2B685C63FEF72ABC00BF5F
:100FF0000000000000C072400000000000C0584027
:10100000AB6600202C5B0020CC6F0020285B00200A
:1010100018700020305B0020806F0020B85B00203B
:101020004C5A00205C5A0020585A0020AA66002022
:10103000485A0020104E0320B0660020D0590020EE
:10104000205A00200C002020F7800320DFF8D082F7
:10105000A14F98F80030A14D4BB3A14E0A23A148EF
:10106000B46863430A2C98BF1C46642CA8BF642450
:1010700024EAE474214607F0DFF96421994807F077
:1010800073FA0021974806F04FFF07EE904A3B683D
:10109000B8EEE70ADFED947A5C630023934880EEB4
:1010A000270A2C6088F8003007F0BAF8B4603B6873
:1010B0005C6B2B689C423EF4C4AB642C884E8B481E
:1010C00028BF642407EE904AB460B8EEE70ADFED6B
:1010D000867A80EE270A07F0A3F896F90810112007
:1010E000F5F788F81B2103A807F0DEF9FEF708BE24
:1010F0007F4FDFF8E4813B787E4D0BB37E4E79481D
:1011000034780C3C132CA8BF1324012CB8BF012445
:10111000214607F091F91321724807F025FA0121C1
:10112000704806F001FF3178D8F80030C1F1200195
:101130006E485C630023C9B22C603B7006F074FFFC
:10114000D8F800305C6B2B689C423EF47AAB132CD1
:10115000694E664828BF1324012C38BF012404F1CE
:101160000C013170C1F12001C9B206F05DFF96F9A2
:1011700000100F20F5F73EF81C21B4E75F4E564DE6
:1011800033785F4FCBB15F4B56481C68322CA8BFF9
:10119000322424EAE474214607F04EF93221514802
:1011A00007F0E2F900214F4806F0BEFE2B683C60D4
:1011B0005C6300233370F2F707F82B685C6B3B68C5
:1011C0009C423EF43EAB322C4E4B28BF32241C6076
:1011D000F1F7FAFF61B20720F5F70CF81D2103A81B
:1011E00007F062F93C60FEF72CBB474FDFF8E88060
:1011F0003B78464DEBB1464E3A48346884F30604DA
:10120000214607F019F93F21364807F0ADF90021D2
:10121000344806F089FED8F80030002133485C637A
:101220003C4B39701B682C60012B08BF316807F0FC
:1012300027F8D8F800305C6B2B689C423EF401AB79
:10124000344B3F2C324E1B6828BF3F242748012BCC
:1012500034600CBF2146002107F012F896F9001007
:101260000920F4F7C7FF1E213DE7DFF8B8801A4ECA
:1012700098F80030284DCBB1284F1A483C6884F3C9
:101280000404214607F0D8F80F21164807F06CF93E
:101290000021144806F048FE336839785C63002367
:1012A00012482C6088F8003007F07EF833685C6BD9
:1012B0002B689C423EF4C5AA0F2C184E0B4828BF41
:1012C0000F24E1B2346007F06FF896F90010102097
:1012D000F4F790FF1F2106E7B85B0020745A002046
:1012E000EC500020187000200000C842404E03203F
:1012F000AE660020785A0020D6660020B166002035
:101300007C5A0020B8610020AD660020CC59002036
:10131000D4460320FC4D03203C5A0020905E002060
:10132000AF660020AC66002002219748974F07F077
:101330001BF90021944806F0F7FD3B78944D954E3B
:10134000BBB1954B172093F90040022CA8BF022493
:1013500024EAE47461B21970F4F74CFF21468A481C
:1013600007F06AF833682C605C6300233B70F1F788
:1013700047FA33685C6B2B689C423EF462AA022CED
:10138000854B4FF0170028BF022461B21970F4F7A3
:1013900031FFF1F735FA2421A5E6804B7D4C1B780F
:1013A0007F4EDFF82892DFF828827E4FDFF824A2F4
:1013B000002B45D003227C4B4FF0010B00211A700B
:1013C0007A4B7B481D7886F800B0142DA8BF1425F1
:1013D00006F0AAFD14217648C5F1140507F0C4F8FB
:1013E0007348294607F028F80021724806F09CFD52
:1013F0001421704807F0B8F86F4A6E48117807F06A
:101400001BF80021604806F08FFD14215E4807F0AC
:10141000ABF86A4B5C48197807F00EF8664A674BE0
:10142000127821681B780A634B63C8F800203B6080
:1014300000235A4ACD62C9F80050CAF800B01370B0
:101440003378DAF8002093421AD0002B00F08A801B
:101450005A4B1D7800214C4806F066FD14214A487D
:1014600007F082F82946484806F0E6FF2368352150
:1014700003A85D6333783D60CAF8003007F014F8C4
:101480002368DD6AD9F800309D4221D0142DDFF8A1
:101490001CA14748A8BF142525EAE575C5F114032A
:1014A00029468AF8003006F0C7FF236800229AF820
:1014B00000102620DD623C4BC9F800501A70012252
:1014C00007F012F8F1F7C2F9352103A806F0ECFF96
:1014D0002368196BD8F8003099421BD01429364D77
:1014E0003448A8BF142121EAE171297006F0A4FF55
:1014F0002978012223682720C8F8001019632A4B95
:101500001A70022206F0F0FFF1F7A0F9352103A8C6
:1015100006F0CAFF23685D6B3B689D423EF491A9CB
:10152000142D3378A8BF142525EAE5755FFA85F8F0
:10153000D3B1224B83F800802946134806F07CFF84
:1015400023683D605D63337883B902232820042239
:1015500015490B70414606F0C7FFF1F777F93521C1
:10156000FEF74ABA164B74E7154BE3E7032329202D
:101570000822EDE70123134A1370084A1370124A38
:101580001370FEF75EB900BF18700020B26600202D
:10159000005A0020B85B002021810320AA660020A9
:1015A00077660020705A002076660020D7660020FB
:1015B000806F0020CC6F0020D8660020D966002004
:1015C000DA660020AB660020B0660020645A002076
:1015D000685A0020145A00202DE9F043824F87B04A
:1015E000824D3B6829689A6B814C8A42814E10D0AB
:1015F000226891420DD04FF0FF32996322600122A0
:1016000032707D4806F018FF2B682360002333708A
:1016100002E03378002BF4D10920F0F7F7FA3B68A9
:1016200022689B6B934206D023EAE373092BA8BF81
:1016300009232B6023602E68704F07EB06135C684C
:1016400006F05EFD054640B96D4B1B68B34204D100
:101650006C4B1B68A34200F0A380F2F7EAF9012368
:101660000422472100934C200023002506F024FD8E
:10167000654BDFF8A8911B68A3F10908B8F1010FC9
:10168000B8BF4FF00108614B08EB05001021AE42D6
:1016900008BF4B4601351A889B78ADF814208DF8A9
:1016A0001630059A06F098FD0A2DECD10F2C4FF05C
:1016B00047007FD106F0C0FCC0F307238DF8080077
:1016C000C0F307408DF809308DF80A00592006F064
:1016D000B3FCC0F307238DF80C00C0F307408DF86E
:1016E0000D308DF80E00572006F0A6FCC0F307233E
:1016F0008DF81000C0F307408DF811308DF81200FE
:10170000582006F099FCC0F307239DF808208DF8B7
:1017100015309DF809309DF80A101B028DF8140051
:10172000C0F3074043EA02438DF8160019433848D6
:1017300006F0CAFE9DF80D309DF80C201B029DF8A6
:101740000E10344843EA0243194306F0BDFE9DF8EB
:1017500011309DF810201B029DF8121043EA02433D
:1017600019432D4807EB061706F0AEFE9DF815301D
:101770009DF814201B029DF816101F4843EA0243EF
:10178000194306F0A1FE2046F7F710FF3B7A13B18C
:101790002046F6F7C1FD1A4B01251E60194B1C604F
:1017A0002046FDF769FF05B9D0B107B0BDE8F043A9
:1017B000F5F733BC06F040FCC0F307238DF81400A6
:1017C000C0F3074000218DF815308DF81600104841
:1017D00006F07AFE00210F4806F076FE0021C0E7F1
:1017E00007B0BDE8F08300BFB85B0020108C00207C
:1017F000845A0020B566002064700020F05F00204D
:101800008C5A0020885A0020A05F0020934E0020B0
:10181000806F0020CC6F002018700020904E0020B8
:101820002DE9F04FDFF8108285B0DFF81092D8F87C
:10183000007009EB07135E6806F062FC044640B9CD
:10184000704B1B68BB4204D16F4B1B68B34200F066
:101850009280F2F7EEF8002406F09AFDC0F3072319
:101860008DF80C00C0F307408DF80D308DF80E0098
:10187000039806F009FE06F08BFDC0F307238DF8F0
:101880000000C0F307408DF801308DF80200009889
:1018900006F09AFDC0F307238DF80400C0F307405B
:1018A0008DF80530594B8DF806001D680B3D012D54
:1018B000B8BF0125BC4204EB050004F101044FF060
:1018C00010010CBF6B4601AB1B68ADF808301B0C58
:1018D0008DF80A30029A06F07FFC0C2CEAD106F053
:1018E00057FD192EC0F30725C0F3074B5FFA80FAA6
:1018F0008DF808008DF80950EDB28DF80AB05FFA46
:101900008BFB06DC082E01DC00240AE0404CF4408E
:1019100005E0A6F12003162BF6D83E4CDC4004F07F
:1019200001042D0200213C4809EB071945EA0A454C
:1019300006F0CAFD0021394845EA0B0506F0C4FD52
:10194000002C374814BF2946002106F0BDFD29466A
:10195000344806F0B9FD3046F7F728FE99F808300C
:1019600013B13046F6F7D8FCF5F757FB254B0124A9
:101970001F60254B1E60D8F800102B4F2B4DDFF851
:10198000C090A1B93B689B6B8BB12B687BB14FF0CA
:10199000FF332B60012389F80030224806F04CFD0C
:1019A000D8F800302B60002389F8003003E099F864
:1019B0000030002BF1D10B20F0F728F93B682A68A2
:1019C0009B6B934207D023EAE3730B2BA8BF0B2337
:1019D000C8F800302B603046FDF74EFE054614B9BE
:1019E00008B1F5F71AFB386806F04EFA104B1A6882
:1019F000824204D015B90F4A01211170186005B058
:101A0000BDE8F08F1059002014590020A05F00207D
:101A10000006860343804000806F0020CC6F0020CA
:101A20001870002064700020B85B00200C59002062
:101A30004C860020736803200C8C0020E05E0020A0
:101A40008F6600202DE9F047DFF8708286B08E4F58
:101A5000D8F8006007EB06135D6806F051FB0446FA
:101A600040B98A4B1B68B34204D1894B1B68AB4217
:101A700000F09E80F1F7DDFF06F08AFCC0F307233B
:101A80008DF81000C0F307408DF811308DF812006A
:101A9000049806F0F9FC07EB06135B68042B12D1DF
:101AA000072006F035FCC0F307238DF81400C0F3BF
:101AB00007408DF815300A228DF816000221059B8B
:101AC0007448F6F71FF806F063FCC0F307238DF89F
:101AD0000400C0F307408DF8053000248DF806009F
:101AE000019806F071FCC0F307238DF80800C0F3DD
:101AF00007408DF80930684B8DF80A001B68A3F188
:101B00000409B9F1010FB8BF4FF00109A64204EB77
:101B1000090004F101044FF010010CBF01AB02AB4E
:101B20001B68ADF80C301B0C8DF80E30039A06F0D4
:101B300053FB052CEAD1A5F10B03012B01D9042D90
:101B400053D106F025FCC0F30723C0F307425FFA28
:101B500080F9DCB200215FFA82FA8DF80C002402D1
:101B60004E488DF80D3044EA09448DF80E2006F0F9
:101B7000ABFC00214A4806F0A7FC44EA0A014948A8
:101B800006F0A2FC44EA0A01474807EB061706F0F4
:101B90009BFC2846F7F70AFD3B7A13B12846F6F777
:101BA000BBFBF5F73AFA394B01241E60384B1D6038
:101BB000D8F800103D4F3E4EDFF80491002937D190
:101BC0003B689B6BA3B3336893B34FF0FF33336031
:101BD000012389F80030344806F02EFCD8F8003094
:101BE0003360002389F8003026E006F0D1FBC0F313
:101BF00007238DF80C00C0F3074000218DF80D304D
:101C00008DF80E00254806F05FFC0021244806F000
:101C10005BFC0021234806F057FC9DF80D309DF831
:101C20000C201B029DF80E1043EA02431943ABE758
:101C300099F80030002BCED10420EFF7E7FF3B6886
:101C400032689B6B934207D023EAE373042BA8BF4F
:101C50000423C8F8003033602846FDF70DFD054623
:101C600014B908B1F5F7D9F9386806F00DF9114B38
:101C70001A68824204D015B90F4A01211170186008
:101C800006B0BDE8F08700BF306200202859002070
:101C90002C5900202F3D0020A05F0020806F0020E5
:101CA000CC6F00201870002064700020B85B00200A
:101CB000245900205486002073680320188C0020CB
:101CC000916600202DE9F04F8D4E85B0DFF86482DB
:101CD000376808EB07135D6806F012FA044640B94E
:101CE000884B1B68BB4204D1874B1B68AB4200F09A
:101CF000AC80F1F79EFE002406F04AFBC0F30723F8
:101D00008DF80C00C0F307408DF80D308DF80E00F3
:101D1000039806F0B9FB06F03BFBC0F307238DF8F0
:101D20000000C0F307408DF801308DF802000098E4
:101D300006F04AFBC0F307238DF80400C0F3074008
:101D40008DF80530714B8DF806001B68A3F106096C
:101D5000B9F1010FB8BF4FF00109A74204EB090028
:101D600004F101044FF010010CBF6B4601AB1B687E
:101D7000ADF808301B0C8DF80A30029A06F02CFAE8
:101D8000072CEAD106F004FBC0F30743C0F3072495
:101D90005FFA80FA5FFA83FB8DF80A30EB1F8DF84B
:101DA00009408DF80800E4B2012B6CD90D2D6AD0E2
:101DB000A5F12C03012B66D9A5F13209B9F1010F68
:101DC0008CBF4FF000094FF0010924020021504858
:101DD00044EA0A4406F078FB322D44EA0B0455D15C
:101DE0004C4B6FF07F414A4893F800904A4B93F870
:101DF00000A006F069FB4948BAF1000F0CBF4FF490
:101E00007F414FF47F0106F05FFBB9F1000F0CBF7B
:101E10004FF47F014FF47F41414808EB071806F06B
:101E200053FB21463F4806F04FFB2846F7F7BEFB21
:101E300098F8083013B12846F6F76EFAF5F7EDF882
:101E4000304B01241F60304B1D603168364FDFF886
:101E5000E880DFF8E89031BB3B689B6B1BB3D8F898
:101E6000003003B34FF0FF33C8F80030012389F886
:101E700000302C4806F0E0FA3368C8F80030002340
:101E800089F8003013E04FF001099EE72D2D23481B
:101E90000CBF2146002106F017FBB9F1000F14BF5B
:101EA00021460021B8E799F80030002BE1D1062047
:101EB000EFF7ACFE3B68D8F800209B6B934207D04D
:101EC00023EAE373062BA8BF06233360C8F800306B
:101ED0002846FDF7D1FB054614B908B1F5F79DF882
:101EE000386805F0D1FF114B1A68824204D015B949
:101EF0000F4A01211170186005B0BDE8F08F00BFD6
:101F0000148C00201C59002020590020A05F0020C4
:101F1000806F00208666002056690320CC6F002069
:101F20001870002064700020B85B002050860020EC
:101F300073680320986000201859002090660020E4
:101F40002DE9F04F814E85B0DFF83882376808EB15
:101F500007135D6806F0D4F8044640B97C4B1B6853
:101F6000BB4204D17B4B1B68AB4200F09680F1F77B
:101F700060FD002406F00CFAC0F307238DF80C0076
:101F8000C0F307408DF80D308DF80E00039806F071
:101F90007BFA06F0FDF9C0F307238DF80000C0F3CB
:101FA00007408DF801308DF80200009806F00CFA19
:101FB000C0F307238DF80400C0F307408DF8053007
:101FC000654B8DF806001B68A3F10609B9F1010FF6
:101FD000B8BF4FF00109A74204EB090004F1010466
:101FE0004FF010010CBF6B4601AB1B68ADF8083019
:101FF0001B0C8DF80A30029A06F0EEF8072CEAD195
:1020000006F0C6F92E2DC0F30724C0F307435FFA8C
:1020100080F98DF808008DF809405FFA83FBE4B27F
:102020008DF80A3057D0352D58D0A5F12B03D3F1B8
:10203000000A4AEB030A00214848240206F044FA49
:10204000352D474944EA094418BF0021454806F0A8
:102050003BFA352D44EA0B0445D1434B43491B78E9
:10206000002B18BF4FF47F41414808EB071806F0DA
:102070002BFA21463F4806F027FA2846F7F796FA4A
:1020800098F8083013B12846F6F746F9F4F7C5FF7B
:102090002F4B01241F602F4B1D603168364FDFF836
:1020A000E880DFF8E89021BB3B689B6B0BB3D8F866
:1020B0000030F3B14FF0FF33C8F80030012389F846
:1020C00000302C4806F0B8F93368C8F80030002317
:1020D00089F8003011E04FF0010AACE74FF0000A38
:1020E0004CF6C801A8E7BAF1000F14BF2146002141
:1020F000BAE799F80030002BE3D10620EFF786FD10
:102100003B68D8F800209B6B934207D023EAE37327
:10211000062BA8BF06233360C8F800302846FDF719
:10212000ABFA054614B908B1F4F777FF386805F043
:10213000ABFE124B1A68824204D015B9104A012135
:102140001170186005B0BDE8F08F00BF208C002032
:10215000DC580020E4580020A05F0020806F0020A1
:102160000064C800CC6F002077660020C828C80033
:102170001870002064700020B85B002034850020B7
:1021800073680320C4640020E05800208C6600209F
:102190002DE9F04FDFF8A4928BB0DFF8A4A2D9F8B4
:1021A00000600AEB06135C68954B1B68B3421FD1B5
:1021B000944B1D682D1B18BF012505F0A1FF272C8E
:1021C00007462AD0342C15D18F4A9049136813F052
:1021D000010F8F4B03D10868186001201060086858
:1021E0001A68821AC72A40F2E3800A681A6014E06B
:1021F0000125E2E7312C40F0C780864B864A1978EA
:1022000005F05EFF13788B42844B04D193F800C035
:10221000844500F0CD8011701870F1F70AFCDFF8EA
:1022200024B206F0B5F8C0F307238DF81000C0F310
:1022300007408DF8113000258DF81200049806F043
:10224000C3F8DBF80070C0F307238DF814000B3FD0
:10225000C0F307408DF81530012F8DF81600B8BF78
:102260000127AE4205EB070005F101054FF0100113
:102270000CBF04AB05AB1B68ADF824301B0C8DF80C
:102280002630099A05F0A8FF0C2DEAD164490B68A5
:10229000B34207D0634B4FF0FF320E60C3E9002218
:1022A000C3E902220F2C40F0D180002501224721F2
:1022B0004C202B46009505F0FFFE4FF47F41284649
:1022C00005F016FD592005F0B7FEC0F307238DF881
:1022D0001C00C0F307408DF81D308DF81E005720FC
:1022E00005F0AAFEC0F307239DF81C208DF82130CD
:1022F0009DF81D309DF81E101B028DF82000C0F3C4
:10230000074043EA02438DF822000120194305F0FB
:10231000EFFC9DF821309DF8202002201B029DF843
:10232000221043EA0243194305F0E2FC06F030F8BC
:10233000C0F307238DF82400C0F307408DF8253043
:102340008DF82600099806F09FF89DF825309DF835
:1023500024201B0243EA02439DF826201343314AFE
:10236000D3600AEB061A2046F7F720F99AF80830EE
:1023700013B12046F5F7D0FFF4F74FFE204B0125AF
:102380001E60204B1C6018E02A2C11D126491F4AE0
:102390000B6813F0010F254B03D110681860012062
:1023A000086011681868091AC72901D912681DE761
:1023B0003D4315F0FF057FF430AFD9F800101C4FF6
:1023C0001C4EDFF88480002940F0AA803B689B6B9C
:1023D000002B00F0A5803368002B00F0A1804FF0A7
:1023E000FF333360012388F80030134806F024F8E7
:1023F000D9F800303360002388F8003095E000BF42
:10240000D4580020D8580020C8770020145003204A
:102410002C850020B85E0320006A0320016A032097
:10242000CC580020BC580020CC77002030850020FC
:10243000B85B0020D058002064700020088C002079
:102440004C5C0020A05F00208B66002005F0A0FF00
:10245000C0F30743C0F30725102C8DF81A30DBB208
:102460008DF819505FFA80F8EDB28DF818000293DC
:102470004FD0A4F12803112B4DD8404FDF4007F077
:10248000010709AB08AA07A9042005F05DFD3C4A35
:10249000099B1268022A40D1DBF80020102A3CD99F
:1024A00001334FF0010B9342A8BF1346069A012156
:1024B0000798039305F090FE069A0121089805F00D
:1024C0008BFE069A0121099805F086FEBBF1000FEC
:1024D00004D0069A0121039805F07EFE00212D020A
:1024E000084645EA084505F003FC0021012005F0F7
:1024F000FFFB029B002F4FF0020045EA03050CBFD3
:102500000021294605F0F4FB2946032005F0F0FBE5
:1025100027E70127B5E70027B3E74FF0000BC5E732
:1025200098F80030002B7FF460AF0B20EFF76EFBC4
:102530003B6832689B6B934207D023EAE3730B2B13
:10254000A8BF0B23C9F8003033602046FDF794F88C
:10255000064615B908B1F4F760FD272C0BD0386892
:1025600005F092FC074B1A68824204D016B9064A5D
:102570000121117018600BB0BDE8F08F03910300CA
:102580008C5E002028850020736803202DE9F04F21
:102590002A209BB005F064FD5A284FD0744C0025CA
:1025A000744AD4F88814D4F88404049505F09CFE89
:1025B000002800F0BB8105A82B466E4A214605F095
:1025C000DFFC099805F07CFE40B105A805F0F0FF9E
:1025D000002840F0ED8005A805F0A2FC002505A824
:1025E00005F07AFC002D00F0A181049B5A212A20DD
:1025F000614DB3F57A7F4FF02B0424BF0023049381
:1026000005F016FC0422002104A805F0B1FB2046C9
:10261000013415F8011B05F00BFC5D2CF7D1574D6B
:10262000C9242046013415F8011B05F001FCD12C0A
:10263000F7D1049B524A1360524A93602B2005F055
:102640000FFD514B40B20128186006D0013004D074
:10265000012100201960F3F7CDFD2C2005F000FDCD
:1026600043B2012B494B00F2448218602D2005F043
:10267000F7FC474B42B21A60013207D001380128FB
:1026800004D9022108461960F3F7B4FD2E2005F0A5
:10269000E7FC404B42B21A60013207D001380228F1
:1026A00004D9012103201960F3F7A4FD2F2005F0C0
:1026B000D7FC394B42B21A60013208D001380128E8
:1026C00005D94FF0FF3104201960F3F793FD012481
:1026D000324B052021461C60F3F78CFD312005F0BC
:1026E000BFFC43B2042B2E4B00F21E821860322036
:1026F00005F0B6FC40B2431E312B2A4B00F21A8281
:102700001860332005F0ACFC274B40B2441C186025
:1027100007D0012805D04FF0FF3108201960F3F7EA
:1027200069FD5520214C05F09BFC01280CBF0123BD
:102730000023237003D90021552005F079FB562092
:1027400005F08EFC0F2800F2FB81DFE810F0FD01A0
:10275000FE01FE01FE01FE01FE01FE01FE01FE0181
:10276000F901F901FE01F901FE01FE01FE0100BFC0
:10277000D07100202F3C0020165000700E500070C9
:102780002C4E0320E8970570E0610020B45B002028
:102790004C640020AC6100209C640020E88E002086
:1027A000DC610020B8610020F05D0020438103203F
:1027B000D349D44805F09CFD00287FF40CAF05A850
:1027C00005F0F6FE00283FF406AF0422CE49CD48BE
:1027D00005F0B6FE00287FF4FEAECC4805F034FCD0
:1027E000064605A805F0E4FE00283FF4F4AEC8490B
:1027F0000422C44805F0A4FE014600287FF4EBAE95
:102800001022C24805F058FA804605A805F0D0FE0F
:10281000054600283FF4DFAE0522BE49B94805F061
:102820008FFE044600287FF4D6AE731F392B3FF687
:10283000D2AEB94805F01CFDB0EB460FFFF4CBAEAD
:10284000B04F0DF128092146787905F039FB421C7B
:1028500004463FF4C0AEB87905F032FB431C3FF4A8
:10286000BAAE013140EA041002378E4209F8010B7A
:10287000EAD131460AA805F0CFFD80457FF4ABAE22
:10288000A64C371F0A9B322200212046049305F0F4
:102890005FFE0123072FDFF88C820BA984F8253017
:1028A0004FF0000386BFA6F10C0708261E469B4882
:1028B0003A46C8F80030C8F8043005F01DFD5EB196
:1028C00007F168030DEB030252F83C3CC8F80030F6
:1028D00052F8383CC8F80430252F15D8012384F865
:1028E00025302B468E4926220A20BA4203D20C7884
:1028F000142C00D803B10870013201312A2AF4D116
:1029000005A805F00DFB6AE6262FEAD094F82720EB
:1029100094F82630134394F82820134394F8292080
:102920001343DBB2B3FA83F35B09DBE701245A21DB
:102930002A2005F07DFA042200210AA80A9405F055
:1029400017FA21462B2005F073FA21462C2005F0BA
:102950006FFA02212D2005F06BFA21462E2005F09A
:1029600067FAFF212F2005F063FA2146302005F099
:102970005FFA2146312005F05BFA1421322005F080
:1029800057FAFF21332005F053FA0A21342005F0CD
:102990004FFA1821352005F04BFA0C21492005F09B
:1029A00047FA2146362005F043FA0021372005F08A
:1029B0003FFA2146382005F03BFA0021392005F086
:1029C00037FA1E213A2005F033FA08213B2005F0A2
:1029D0002FFA64213C2005F02BFA00213D2005F060
:1029E00027FA00213E2005F023FA00213F2005F0C0
:1029F0001FFA0021402005F01BFA0021412005F0BC
:102A000017FA0021422005F013FA0221432005F0B5
:102A10000FFA0021442005F00BFA4021452005F073
:102A200007FA2146462005F003FA2146472005F023
:102A3000FFF90021482005F0FBF900214A2005F0AC
:102A4000F7F94FF4807302224B210AA8ADF8283021
:102A500005F08EF904214C2005F0EAF90623022244
:102A60004D210AA8ADF8283005F082F900214F2049
:102A700005F0DEF92146502005F0DAF90A2151204F
:102A800005F0D6F90A21522005F0D2F90A21532087
:102A900005F0CEF90A21542005F0CAF9002155208D
:102AA00005F0C6F90021562005F0C2F9082157208B
:102AB00005F0BEF92146582005F0BAF90021592049
:102AC00005F0B6F908215A2005F0B2F900215B2083
:102AD00005F0AEF92146C9245C2005F0A9F920468D
:102AE0000134002105F0A4F9D12CF8D105F050FAF9
:102AF000A4E5012108461960F3F77CFBB6E500BFA9
:102B0000FC3B0020485000700E3C00204C500070F0
:102B1000133C0020183C00204D50007016500070EF
:102B20003C5000700E500070214606201C60F3F7E8
:102B300061FBDCE5142107201960F3F75BFBE0E59E
:102B400000212B20F3F756FB0020BC4B18705720B8
:102B500005F086FA431EDBB2182B04D92C2008217D
:102B6000F3F748FB0820B64B1870582005F078FAA8
:102B7000431EDBB2032B04D92D200121F3F73AFBCE
:102B80000120B04B1870592005F06AFA082804D9C2
:102B90002E200021F3F72EFB0020AB4B18705A209B
:102BA00005F05EFA082804D92F200821F3F722FB4C
:102BB0000820A64B18705D2005F052FAA52807D012
:102BC00000215B2005F034F9A5215D2005F030F9E6
:102BD0005B209F4D05F044FA012800F29C8100F033
:102BE000010028702B782BB12378002B40F09981BD
:102BF000F9F722FF5C2005F033FA022804D95C20A3
:102C0000012105F015F90120924B1870342005F0D0
:102C100027FA40B2431E3E2B8F4B00F28C81186086
:102C20003620DFF87C8205F01BFA431E012B00F2F0
:102C30008881C8F800003720884F05F011FA08286D
:102C400000F286813860382005F00AFA431EDBB2B4
:102C5000032B40F2838101210D20F3F7CBFA0120F1
:102C6000034602287E4A7F4E94BF00200120136055
:102C70007D4B1870392005F0F3F943B2012B00F2B7
:102C8000758130603B2005F0EBF90F28774B00F29F
:102C9000738118603D2005F0E3F918B1002112207E
:102CA000F3F7A8FA3E2005F0DBF90038704B18BFA7
:102CB00001201870402005F0D3F943B2012B6D4B71
:102CC00000F260811860422005F0CAF908286A4BBA
:102CD00000F25E811870EFF793FD432005F0C0F914
:102CE00043B2022B00F25A81644B1860442005F075
:102CF000B7F9012800F2598100F0010005F0FCF954
:102D0000462005F0ADF9012800F2558100F00100E0
:102D100005F0AEF84F2005F0A3F9012800F251812B
:102D200000F00100564B1870F3F724FD472005F022
:102D300097F9012804D91C200121F3F75BFA01203F
:102D400000F001004F4B1870502005F089F9012860
:102D500004D925200121F3F74DFA01204A4B00F058
:102D600001001870512005F07BF90446522005F04F
:102D700077F90190532005F073F98346542005F04C
:102D80006FF9019A824642EA04034BEA03030343C4
:102D9000DBB2002B00F01B81152C34BF21460A2129
:102DA000152A34BF91464FF00A09BBF1150F34BF05
:102DB0005B460A231428019394BF05460A25A142C5
:102DC00000F00A815120CDE9021205F031F8029C91
:102DD0000123039A914504D04946522005F028F872
:102DE0000123019A934504D01146532005F020F8A1
:102DF0000123554504D02946542005F019F8012334
:102E0000224A01991470224A82F80090214A1170D6
:102E1000214A15700BB105F0BBF84820DFF884A0FB
:102E200005F01EF981464A201C4D05F019F9FF28CE
:102E30004FFA89F440F0D28036E000BFCA80032008
:102E4000D0660020D1660020C9800320CF66002014
:102E5000D1800320C9660020D4460320C846032041
:102E60008C5E0020008C0020E2800320905E002019
:102E7000DD660020288C00202181032008610020CD
:102E8000016803203466002033660020D7660020E6
:102E9000D8660020DA660020D9660020DE660020B1
:102EA00034630020DF660020492005F0D9F8002CAB
:102EB00040B2BCBF4FF011094C4600284946B8BF8C
:102EC00011208AF800402870482004F0B1FF2978CA
:102ED0004A2004F0ADFF0C21492004F0A9FF05F0C1
:102EE000CFF800254C2005F0BBF804464B2005F038
:102EF000B7F860F307054C2005F0B2F860F30F2532
:102F0000601EABB2032800F2E381DFE810F09C0101
:102F100071015801740000215B20297004F088FFC2
:102F200060E600215520217004F082FF2B78002BF1
:102F30003FF460AE5CE60A2109201960F3F75AF904
:102F40006EE601210B20C8F80010F3F753F972E682
:102F500000210C203960F3F74DF974E601283FF4A5
:102F60007EAE032814BF022301237AE600210E203F
:102F70003160F3F73FF985E6082110201960F3F777
:102F800039F987E6002115201960F3F733F99AE63D
:102F9000002117201970F3F72DF99CE60221B24B9E
:102FA00018201960F3F726F9A0E619200021F3F79D
:102FB00021F90020A2E61B200121F3F71BF90120D3
:102FC000A6E624200021F3F715F90020AAE60A2539
:102FD0002946A9460195F5E60023FBE66FF07E033E
:102FE00040B29C42B8BF1C469842B8BF18468AF807
:102FF0000040287073E7B3F5807F00F2DD8005D0D4
:103000000A22B3FBF2F303EB83035B00ADF8283035
:10301000964B0024BDF828204D201A8005F020F89A
:1030200060F307044E2005F01BF8914B60F30F246A
:103030001C80904B1A68322A04D914210720196089
:10304000F3F7D8F88C4B00228C4C5A628C4B8D4A8B
:103050001B681B0113602368042B04D9012106207F
:103060002160F3F7C7F8DFF86092D9F80030591CF7
:1030700008D0012B06D04FF0FF310820C9F800100E
:10308000F3F7B8F8D8F80030013B012B05D901213E
:103090000B20C8F80010F3F7ADF87B4D2B685A1CD5
:1030A00008D0013B012B05D94FF0FF3102202960E8
:1030B000F3F7A0F83B68082B04D900210C203960F5
:1030C000F3F798F8714F3B68591C07D0013B012B6F
:1030D00004D9012104203960F3F78CF8DFF8EC8182
:1030E000D8F800305A1C09D0013B022B06D94FF00A
:1030F000FF310320C8F80010F3F77CF83368012B88
:1031000004D900210E203160F3F774F8D8F80020BC
:103110005F49531EA2F1020C022B8CBF0023012336
:103120000B70D9F80030591E4B424B4159490B7076
:103130003B685949013B012B8CBF002301230B70D5
:103140002B6856495D1E9E1E684268417342087096
:10315000734153490B70534B1968534B19602368E3
:1031600052495F1E7B427B41DCF100020B6042EB67
:103170000C024F4B1A704F4B4F4A1B6803F1FF383C
:10318000D8F1000343EB080313604C4B4C4A1B6817
:1031900003F1FF39D9F1000343EB09031370324BFC
:1031A0001B6823B1012B04BF002313700123454A80
:1031B00013701BB0BDE8F08F4FF4807326E74AF61A
:1031C000A84164208B4228BF0B469AB2B2FBF0F4B0
:1031D00000FB14229B1A9AB245F2546303EB0223BC
:1031E000B3FBF1F3B3F5807F1FD09BB20A2217E047
:1031F000B3F5FA7F4FF00A024FF4FA7128BF4FF48B
:10320000FA739BB2B3FBF2F303EB83035B009BB255
:103210001B02FA33B3FBF1F3B3F5807F05D09BB209
:10322000B3FBF2F303EB83035B0002220AA84B21FA
:10323000ADF8283004F09CFD04214C2004F0F8FD8A
:1032400004F0A6FEE4E645F2F05164208B4228BF6C
:103250000B469AB2B2FBF0F400FB14229B1A9AB20E
:1032600042F6F823BAE700BF08610020B8650020E5
:10327000DE650020B861002064DCFE70DC610020A7
:103280008C5E0020A05F00204C6400209C64002025
:10329000CB5B0320CA5B0320C95B0320366600209A
:1032A000C85B0320E88E0020A47600203C5100205B
:1032B00020810320E0610020FC4D0320B45B00204E
:1032C0003266002035660020F05D0020AC610020F1
:1032D000A3F5BB5243F2B061103A92B28A421BD8B6
:1032E0006420B3FBF0F200FB123292B232B90F4805
:1032F0000F4A00FB0323B3FBF1F39BB26422B3FB41
:10330000F2F3534342F6F8229BB202EB032345F259
:10331000F052B3FBF2F365E75A1E45F2EF5042F26A
:10332000107192B2824288BF0B46E7E710AAFFFFF6
:1033300058F9391A244B1B68013B10B5042B41D8AE
:10334000DFE803F003202830380005216FF0030088
:1033500005F012F900F1800407EE904A1B4B1C4A5D
:10336000F8EEE77A1268C3ED007A1A4B9A429C6332
:1033700003D12146184805F05FF82046BDE810400B
:1033800004F072BD04216FF0020005F0F5F800F1C1
:103390005504E1E705216FF0030005F0EDF800F1B9
:1033A000AE04D9E705216FF0030005F0E5F800F160
:1033B0007C04D1E706216FF0040005F0DDF800F190
:1033C0004604C9E76424C7E78C460320E8970570E4
:1033D000B85B002034650020647000202DE9F041C6
:1033E00011214FF0550EDFF8A88000246426012734
:1033F0004FF0FF0C40F21115A1F110020EFB0283F9
:10340000012001305C719C71053311289E70DF70C2
:1034100083F804C0F5D101328A42EFD102F11001E4
:10342000A942E9D10124174D174E2B68A34208D2B7
:10343000FFF780FFF2F75EFD1448BDE8F041F8F7B2
:103440001DBF33682101013BA1F10F00042B07D8F8
:10345000DFE803F003080C1014002246F1F786F8A9
:103460000134E2E72246F1F75AFAF9E72246F1F78A
:103470001EFCF5E72246F1F7B9FDF1E72246F1F728
:1034800097FFEDE7805E00208C460320C05B0020A4
:10349000395FF67008B52E4B1B68012B2DED048BA0
:1034A00046D12C4B1B6893ED0E7A2B4BB8EE477A26
:1034B000B5EEC07A83ED007AF1EE10FA38DDB1EEA8
:1034C000009B264BB7EEC77A25489FED1D6B27EE74
:1034D000097B86EE078BB8FE487BFCEEC77B83ED4D
:1034E000008B17EE901A04F0ABFEB4EEC98BF1EE30
:1034F00010FA1BDBB5EE007B28EE078B9FED127BED
:10350000B4EEC78BF1EE10FA10DCB3EE086BBEEE32
:10351000007BA8EE067BFCEEC77B17EE903A102BE3
:1035200004D9104A12680AB1C2ED007A05F044F8D5
:10353000BDEC048BBDE80840F8F794BDAFF3008004
:1035400000000000389C8C41000000545555A541F6
:10355000B45B0020B85B0020E8970570D8500020CD
:10356000B06100200C5D0020F8B5F8F77BFD354D0B
:10357000354A2B681168354E9942354C47D00021A9
:10358000136031604FF0FF312160324A1168481EEC
:10359000414241413048596304F04EFF2B685A6B59
:1035A00022601A6B32605A6B21688A4220D0012A4D
:1035B000164628BF0126012A34D90121264859631D
:1035C00004F03AFF0121234F01203960F2F712FE87
:1035D000224B1B685BBB3A68511E4A424A41204954
:1035E0000A70204A137004F07FFDF8F73BFD266057
:1035F0001D4A2B68D2ED007A9B6BFCEEE77A17EE42
:10360000902A93421DD0BDE8F840FFF743BF2268DF
:103610000132BAD0196B32689142C4D004F0F4FC84
:103620002B68BEE7002ACDD14FF0FF31CBE7012B4D
:1036300005D03A68531E5A425A410123CFE700226F
:10364000CDE7F8BDB85B0020088700200C8700207C
:10365000B85A0020B45B00201870002008610020D8
:103660003266002035660020E89705702DE9F04F9E
:103670000546ADF5177D04F03FFC04F0D5FD002DA7
:103680004CD0F0F7D6F98E4909A804F0C1FB002D03
:1036900052D18C4B5B68B3FA83F84FEA58188A4CC6
:1036A00009AAD4F88814D4F8840404F01DFE002874
:1036B00044D1854EEFF742FE09AAD6F88814D6F811
:1036C000840404F011FE0446B8F1000F40F01F829C
:1036D000002D40F038827D4B1D70002C00F03C82A4
:1036E000F0F7A7F9FF227A480321ADF8582000220D
:1036F0008DF85A200822169BF4F704FAF3F78DFC94
:103700004FF42F7004F01CFB002D00F02A82714B47
:1037100001221A70704B00221A7088E16B4B012253
:103720001A70F0F786F9674B5A68002AABD06B49DC
:1037300009A804F029FFACE7A846B0E7002309AACE
:10374000214604A804F01CFC089E304604F0B8FD95
:103750008146002800F02281304604F09DFB44F2AF
:103760000203984271F10001C0F0CE814FF0000ACF
:103770004FF0010BEFF7E2FD5F46514654468C4295
:1037800011D804A804F040FB002800F0BD814FF4DC
:10379000007216A9304604F0CBFA041E40F3B4813F
:1037A00004F002FD0021621A032A1BD829B116A8D1
:1037B0000192014404F0A0FA019C04A804F024FB47
:1037C000002800F0A18116ABC4F50072304619192B
:1037D00004F0AEFA002840F39781044404F0E4FCBE
:1037E0000021CCE7BBF5807F19D87B1E0F2B16D8A4
:1037F000552307EB8702DFF8E8C003FB0B2216AB6B
:1038000013F801E00B440CEB02000CF802E05A78CC
:1038100042709A78DB788270C370FF23037101379E
:103820000AF1010A0431102F84BF0BF1010B0127AB
:10383000BAF5805FA3D116AFA4EB010ABAF1010F6C
:103840001CD916AB5A5CFF2A40F05E815A18527898
:10385000FE2A40F05981023141F2C407A14280F0B2
:10386000EA80641A17481944BC4228BF3C463F1BF3
:10387000224604F041FDDFF84CA037E039B18C421C
:1038800016D9544652463944384604F035FA04A84D
:1038900004F0BAFA38B1C4F500723919304604F0B0
:1038A00047FA002806DC012C40F22E810021C8E7EF
:1038B0000024ECE7044404F077FC0021BCE700BFDF
:1038C000893B0020E8970570D0710020056803202F
:1038D000F63E0020CD800320FC800320B43E002073
:1038E000395FF67004443F1A04F05EFC04A8002F10
:1038F00000F0A38004F088FA60B1B7F5007F3A4683
:103900000AEB0401304628BF4FF4007204F010FAAD
:103910000028E7DC964B9FED977AD3ED007AF4EE22
:10392000C77AF1EE10FA06D49FED937AF4EEC77AD7
:10393000F1EE10FA01DD914A1A605A6840F2E63160
:10394000B2F57A7F24BF01225A609A68013A8A420E
:1039500001D901229A608A4C8A4A04F11006234652
:10396000083203CBB34242F8080C42F8041C1C4650
:10397000F5D10023844900225818F718BC5C845400
:103980001032B2F5807FF9D10133102BF3D1EFF76C
:10399000A9FCF2F74DF904A804F0C2FA04F004FC03
:1039A00004A804F099FAB9F1000F3FF482AE0023A5
:1039B000764EDFED707A33606D4B93ED007AB4EEA6
:1039C000E77AF1EE10FA06D4DFED6B7AB4EEE77A1F
:1039D000F1EE10FA03DD9FED6E7A83ED007AFCEED6
:1039E000C77A6C4CB1EE006B6B4B6C48C4ED0E7A31
:1039F000B7EEC77A9FED5C5B27EE067B85EE076B23
:103A000083ED006BB8FE466BFCEEC67B17EE901A9A
:103A100004F016FCB36800226363614B1A7004F073
:103A2000E3FB002D79D0F3F7A1F904F0BDFB0DF510
:103A3000177DBDE8F08F00241DE704F0E5F90728A5
:103A40007FF768AF082230460DEB020104F070F9F1
:103A5000082802467FF45EAF524902A804F00CFB2E
:103A600000287FF457AF04A804F0CEF9B0F5805FCA
:103A7000FFF650AF4C4CA7F5606316A93046B3F57E
:103A8000007F94BFC7F5805A4FF4007A524604F085
:103A90004FF9504531D116A800225521D31910F8FD
:103AA00001CB01324FEA131E03F00F038CF0800BA1
:103AB00001330EFB011EBBF17E0F03EB830398BFA6
:103AC0004FF0FF0C92457344234483F804C0E5DCB7
:103AD00007F5007704F068FBB7F5805FCBD319E7F3
:103AE00001324E720531112AFAD10133BB423FF443
:103AF00011AF04FB03010122F2E7012355242A48F8
:103B0000FF2640F20117F4E74FF0000943E7F0B158
:103B100009A9304604F080FADAE5244C23781BB971
:103B20004FF4FA7004F00CF9F3F720F923781BB97D
:103B30004FF4FA7004F004F91D48F8F79FFB04F005
:103B400033FB1C4BE7E5002C3FF4E4ADC8E5002D4A
:103B50007FF4E0AD174B1D70054B5B68002B3FF405
:103B6000D9ADF9F7F3F9D5E500000000389C8C4198
:103B7000E897057000002042000096430000C8420C
:103B800050A70570C8782020D8782020EC5000205D
:103B90000000C84234650020D8500020B0610020E9
:103BA000FC800320014E0020395FF670D88003208E
:103BB000C05B00200568032010B50E4C0E4AD4F8F7
:103BC0008814D4F8840404F08FFB60B90B4AD4F84D
:103BD0008814D4F8840404F087FB20B1064A201D21
:103BE000064904F049FC0120FFF740FD044B002288
:103BF0001A7010BDD0710020893B0020973B002037
:103C0000FC8003202DE9F04F8DB0EFF78DFEE04AE8
:103C1000002382F88530C2F88030C2F88830DD4A4F
:103C2000117801B11370DC4DEFF703FFDB4806217B
:103C3000B5F8A623002495F8A8330127ADF8042091
:103C400008228DF806304FF00A09019B4FF0640BF3
:103C5000F3F758FFD24EF3F7E0F9DFF87083EFF790
:103C60006DFBD04B38207760C8F8003005F55175F2
:103C70003460C6E90477C6E90977C6E902B904F0F9
:103C8000EFF9431E3946DBB2042B34BF8246BA46F5
:103C90002B2004F0CDF839462C2004F0C9F802217D
:103CA0002D2004F0C5F839462E2004F0C1F8FF217C
:103CB0002F2004F0BDF83946302004F0B9F8394619
:103CC000312004F0B5F81421322004F0B1F8FF21BE
:103CD000332004F0ADF84946342004F0A9F8182147
:103CE000352004F0A5F80C21492004F0A1F839464C
:103CF000362004F09DF82146372004F099F851460B
:103D0000382004F095F82146392004F091F81E215E
:103D10003A2004F08DF808213B2004F089F8594638
:103D20003C2004F085F821463D2004F081F821462E
:103D30003E2004F07DF821463F2004F079F821462A
:103D4000402004F075F82146412004F071F8214626
:103D5000422004F06DF80221432004F069F8214666
:103D6000442004F065F84021452004F061F839460C
:103D7000462004F05DF83946472004F059F8214602
:103D8000482004F055F821464A2004F051F84FF439
:103D9000807302224B2101A8ADF8043003F0E8FF44
:103DA00004214C2004F044F8062302224D2101A8EE
:103DB000ADF8043003F0DCFF21464F2004F038F862
:103DC0003946502004F034F84946512004F030F8C8
:103DD0004946522004F02CF84946532004F028F8B4
:103DE0004946542004F024F82146552004F020F8D8
:103DF0002146562004F01CF80821572004F018F83A
:103E00003946582004F014F82146592004F010F8DF
:103E100008215A2004F00CF821465B2004F008F831
:103E200039465C2001AF04F003F8FEF7AFFBF1F771
:103E3000D1FC4FF03C0C4FF02C0E0FCD0FC70FCD27
:103E40000FC795E8070001AD87E807004FF08440F1
:103E500000224FF0834755F8043B0CFB03810B2BEA
:103E600001F66C09C9F8000001F50769C9F80020DE
:103E700001F67409C9F8002001F67809C9F8002094
:103E800001F67C09C9F8007001F50869C9F80070ED
:103E900001F50A69C9F8002001F2AC49C9F800002F
:103EA00001F2B449C9F8000001F5976901F2BC417B
:103EB000C9F800000A6003D0A3F10D01012922D83E
:103EC0000EFB038303F62C410A6003F543610A608D
:103ED00003F634410A6003F638410F6003F63C41B3
:103EE0000A6003F628410A6003F544610A6003F69C
:103EF00044410A6003F648410A6003F64C4103F569
:103F000045630A601A6001340B2CA4D110220021F1
:103F1000254804F01DFB00211022244804F018FB62
:103F2000002323491C46234800225F18C518BC54AF
:103F3000AC541032B2F5807FF9D10133102BF3D19C
:103F4000402200211C4804F003FB1C4DEFF7CAF986
:103F5000402200211A4804F0FBFA1A4B1C605C60F6
:103F6000F2F786F90124184B0422002168461C60F0
:103F7000C8F80840009403F0FBFE04F009F80022A2
:103F800020461146FBF714F898ED007A20E000BFB8
:103F9000004A0320D880032078200020803E0020A3
:103FA000EC5000200000C842C878202050A70570BF
:103FB000D878202060A70570D0A605703465002051
:103FC00069A8057061A805702C4E0320E89705705C
:103FD000B1EE006B4A4BFCEEC77A4A489FED465B58
:103FE000C5ED0E7AB7EEC77A27EE067B85EE076B36
:103FF00083ED006BB8FE466BFCEEC67B17EE901AA5
:1040000004F01EF9B368204600246B6300EB400304
:10401000C0F3831182000130434409285A739A7B0C
:104020001C7322F00F0242EA01029A73EED104F0EF
:10403000DBF8354B01254FF496701C70334B1D7027
:10404000334B1D60334B1C7003F07AFE3248F8F797
:1040500015F9B16A314804F0EFF97169304804F09C
:10406000EBF920212F4804F0E7F9716A2E4804F09B
:10407000E3F92E4BB26A1B682D4CDA6272691A633F
:1040800020225A63726A9A63736803EB4303E2184F
:10409000E35C5178907843EA012343EA004003F05F
:1040A000DBFF01461D4804F00FFA736803EB43037E
:1040B000E218E35C5178907843EA012343EA004038
:1040C00003F0CAFF0146184804F0FEF9F2F7A8FE13
:1040D000F1F710FF0D2004F02BF90E2004F028F961
:1040E000EFF7A7FCF2F799FFEFF746F928460DB076
:1040F000BDE8F04FF9F750B900000000389C8C4142
:10410000D8500020B061002020810320CB5B032029
:10411000AC610020FC800320C05B0020806F002089
:10412000CC6F00201870002064700020B85B002065
:10413000488003200138F0B59DB0382800F2158181
:10414000DFE810F039003F004D0055007A00130100
:104150007C009100C800050115012401A200130193
:1041600036013B018B029702470273027902BC02BF
:10417000BE0256035D037F021301130113011301F5
:104180001301630270038502130113011301580226
:1041900013017F03C1031301B703130113011301BB
:1041A00013011301130113011301A903B203A602A2
:1041B00013018B039C0398481DB0BDE8F040F8F74D
:1041C0005DB89648F8F75AF8954B96489968964B1B
:1041D0001B6899631DB0BDE8F04004F02DB9934B06
:1041E0005B68013B072B00F2C0809148E4E7914CEB
:1041F000002021684942216049B2F1F7FBFF2168A4
:104200008D4C4D1E8D4869426941216004F078F95A
:1042100023688A48012B0ABF894B0021196804F0E2
:104220002FF8EEF71DFC0420F5F7C0F904201DB0AF
:10423000BDE8F040F4F770B88248BDE7824B1A68D9
:10424000541C0ED0012A0CBF02214FF0FF31042074
:104250001960F1F7CFFF07201DB0BDE8F040F5F77A
:10426000A5B90121F3E7794B1A68501C0AD0012A3D
:104270000CBF02214FF0FF3102201960F1F7BAFFA5
:104280000820E9E70121F7E7714A032311680131AA
:1042900091FBF3F303EB4303C91A116031B96D4B82
:1042A0001B685F1E7B427B410A4607E001290FD055
:1042B000684B01221B685E1E73427341664849B217
:1042C00003701820654B1A70F1F794FF0D20C3E7B7
:1042D0000023E9E7624C23685D1C32D0012B32D009
:1042E000022B0CBF03214FF0FF3103202160F1F7B7
:1042F00081FF0920F5F75AF923685A4A981E41426E
:104300004141032B11701EBF0022574B1A60EEF77C
:10431000E9FFF1F78DFC444B544A1B68934202D0ED
:10432000534A934221D1534B1B7873B103F05CFF86
:1043300003F022FD014650481DB0BDE8F04004F0F6
:1043400013B90121D1E70221CFE71021F3E74B4B4D
:10435000082019684942196049B2F1F74BFF0A2059
:10436000F5F724F9464B00221A601DB0F0BD454A0E
:1043700005201168013103298ABF00230B46194625
:10438000136049B2F1F736FF0B2065E73E4B1A7810
:104390003E4B5AB9196801310529A8BF11460620BC
:1043A000196049B2F1F726FF0C2055E70221F6E724
:1043B0001DB0BDE8F040F8F7CFBC354B1B68052BAE
:1043C000D3D8DFE813F00D0006000B006B009E0051
:1043D000E9001DB0BDE8F04003F0B6BCFFF712FCE9
:1043E000EFF727FB2B4A2C4851781378927843EA51
:1043F0000123022143EA02430322F3F783FBF2F78E
:104400000CFEF9F75FF903F0B7FE01201DB0BDE81F
:10441000F040F8F7F7BD00BF945E00209C620020DA
:10442000E897057064700020B85B0020EC50002015
:10443000E8620020E0610020FC4D0320404E032094
:10444000D4460320346500209C6400204C64002086
:1044500008610020B45B0020326600203566002031
:10446000AC6100202081032078470320C05B00203E
:1044700038630020CB5B0320CC6F0020F05D002070
:10448000BC460320E88E0020D1800320DC610020A0
:10449000104E0320994E0020FA3E0020EFF7C9FA93
:1044A000AE4B0221AE485A781C789B7844EA02242D
:1044B0000A22AC4D44EA03442346F3F723FB234688
:1044C000012403220221A848F3F71CFBF2F7A5FD03
:1044D0002246A64905A804F057F805AAD5F888147D
:1044E000D5F8840403F000FF18B105A9284603F0AD
:1044F00093FD0134B4F57A7FEAD10120F8F782FD0B
:1045000033E7EFF796FA954B022195485A781C78D5
:104510009B7844EA02240A22924D44EA034423464B
:10452000F3F7F0FA23460024032202219048F3F720
:10453000E9FAF2F772FD012C8E49684608BF0224A1
:10454000224604F021F86A46D5F88814D5F8840488
:1045500003F0CAFEC8B1012622468749334605A8A2
:1045600004F012F805AAD5F88814D5F8840403F0ED
:10457000BBFE18B105A9284603F04EFD0136092EF1
:10458000EAD169467D4803F013FC0134B4F57A7F23
:10459000D1D103F0F1FDB0E7EFF74BFA6F4B0221F9
:1045A0006F485A781C789B7844EA02240A2244EA2D
:1045B00003442346F3F7A6FA234603220221704858
:1045C000F3F7A0FAF2F729FDEEF7D6FEEEF7B6FE06
:1045D0001BE76C4B012400211C706B4B19606B4B6B
:1045E0006B481B68996303F027FFF1F7A3F8694B49
:1045F0001C70BAE6684B15201968B1FA81F14909B7
:104600001960F1F7F7FD262026E6644C0021122000
:10461000237883F001032370F1F7ECFD132094F964
:104620000010F1F7E7FD202016E65D4B0124002184
:104630001C705C4BD2E75C4B012400211C705B4B6F
:10464000CCE75B4B012400211C705A4BC6E75A4B48
:10465000012400211C70594BC0E7594B0B201A68EC
:10466000012A14BF012102211960F1F7C3FD1120B5
:10467000F2E5544A0C20116801310829CABF002311
:104680000B461946136049B2F1F7B4FD1220E3E579
:104690004D4B1A784D4B32B100212A201970F1F799
:1046A000A9FD3620D8E519782A2081F0010119707A
:1046B00049B2F1F79FFD03F097FDF2E744487BE52F
:1046C0004449454A0B781078013B03EB4003DBB2C9
:1046D000022B40D84148C55C032D14BF022301239F
:1046E000022D0B603E4C4FEA031394BF00210121C1
:1046F000264E1170236003F0D7FA3368394A93428B
:1047000002D0394A934220D14FF480772468374849
:10471000B7FBF4F4214603F027FF39461C4803F0A9
:1047200023FF33681A6B944204D221462F481C633E
:1047300003F082FE33689A6BB2F5807F05D94FF49F
:1047400080711348996303F077FE0D2069B2F1F789
:1047500051FD172080E501252B46C1E7A24E002020
:10476000FF3E0020D07100203B430020B43E0020DB
:104770001F4300207B410020AA3E0020D47100206E
:10478000C03C0020D38003200C8C0020B85B0020AC
:104790006470002073680320288C0020DD660020F0
:1047A000D5800320188C0020D4800320148C002096
:1047B000D6800320208C0020D2800320088C00208B
:1047C00034630020C8460320D180032043810320A6
:1047D000846300208C5E0020E2800320893A002060
:1047E000A05F0020C05B002038630020CC6F002059
:1047F000734A1820137883F0010313702CE5714C71
:1048000019202368B3FA83F35B092360F4F7CEFE23
:1048100003F0D2FD94F900100E201DB0BDE8F04069
:10482000F1F7E8BC684B196849B14A1E5142514141
:10483000490014201960F1F7DDFC21200CE501216D
:10484000F7E7624B1C7884F00104204603F054FC27
:10485000192061B2F1F7CEFC0CE05D4C30202178DC
:1048600081F00101217049B2F1F7C4FC23780BB14A
:10487000F8F7E2F8574B01221A7076E5564A0323FF
:10488000312011780131B1FBF3F303EB4303C91A73
:10489000117049B2DEE7514B1A88514B1A80514BC7
:1048A0001A88514B1A80E5E71DB0BDE8F040F0F7DB
:1048B00015BF4E4B1C7884F00104204603F0D8FA53
:1048C0001B2061B2C6E74A4C4A4E20783568013059
:1048D00000F00303032B184623706BD1464F474A61
:1048E000D7F88814D7F8840403F0FEFC00285DD0C4
:1048F000394668460023414A03F042FB049F38468C
:1049000003F0DEFC20B90020207003F0D1FB3CE076
:10491000384603F0C1FA5A2871F10001F3D35A2244
:1049200005A9384603F004FA0746684603F0F8FA8A
:104930005A2F4FF00000E7D105AB314A194601303C
:1049400091F801C08F78033211F803EB0F2802F8B9
:1049500002CC02F803EC02F8017CF0D1294A0021D4
:10496000013193F82E7093F82F00033293F82DC085
:104970000F2902F8027C03F1030302F803CC02F8CA
:10498000010CEDD1204B01221A70684603F0A4FA05
:1049900094F900101620F1F72DFC1C4B29461C48F9
:1049A0001B6835609D6303F047FD63E7207003F0EB
:1049B0007FFBEDE703F07CFB134B01221A70E7E766
:1049C000F7800320008C00208C4A032078660020AA
:1049D000D180032073680320C9660020005A032099
:1049E000025A0320045A0320065A03203966002085
:1049F000A6800320088C0020D0710020E43B00201A
:104A00004880032075800320A2800320B85B00202B
:104A1000647000202DE9F04FDFF8BC9287B0964D0E
:104A2000044699F800302E680591039303B3934B25
:104A30009E4240F09B81924B9B78002B00F0968128
:104A4000904B914A5B6803EB430313449A7959797D
:104A500002F00F021B7901F00300920143EA0020EB
:104A600042EA910103F06CFB884B01221A707DE150
:104A7000874BDFF868821B78002B6BD1854B1B6856
:104A8000012B67D1464502D0834B9E4267D1DFF8A8
:104A9000F4A1DAF828700F2F5CD8804B1B78002B1C
:104AA00058D00023012220461946009303F028F92C
:104AB000014628B1012007B0BDE8F04FF1F7A0B9D9
:104AC000024600900123204603F01AF9014608B17E
:104AD0000220F0E74FF0010B024603462046CDF8D6
:104AE00000B003F00DF9024608B10320E3E70346E6
:104AF00000905946204603F003F9024658B1684B2E
:104B0000684A1B6812689A4200F2308107B0BDE81B
:104B1000F04FF1F7A3B8034600900221204603F0BE
:104B2000EFF8002801F048825F4B5E4A19785C4B31
:104B300071B9DAF8241007EB8707552000FB0177DD
:104B40005A49C95D21B11B6803F5487313600DE133
:104B50001B68D7E7464505D04F4B9E4202D0544BC9
:104B60009E420FD100260123204632463146009650
:104B700003F0C6F830B14F4B1B78002B57D1012002
:104B800003F032F9424B1B7863BB3E4FBB6A102BDC
:104B900028D02E68464505D03F4B9E4202D0444B5C
:104BA0009E421FD10023022220461946009303F0A3
:104BB000A7F8B8B1404803F0CBFA98B13F4A137850
:104BC00083B901233E4813703E4A13703E4B3F4A5F
:104BD0001E603B68003B18BF01231370F7F74EFBC4
:104BE000F1F78AFD2B68364A93422BD1334B1B7861
:104BF000002B78D000230126022220461946009679
:104C000003F07EF8014638B9034602460096204676
:104C100003F076F8002866D01A4B5B68013B072B3F
:104C200000F2A48007B0BDE8F04F03F0C1BB1C4BFD
:104C3000274A1B6812689B1AC82BA3D9304603F079
:104C4000B3F89FE743454BD100260922204633465F
:104C50003146009603F054F8002844D0164803F07B
:104C600073FA00283FD01B4B1B7813B1304603F07A
:104C700057FA03F081FB36E0B85B0020E4610020C6
:104C8000F8800320EC500020F0970570A7800320E7
:104C900001680320288C002038630020FD67032072
:104CA00014500320944F0320CC800320395FF6700A
:104CB0005C610020D8800320EB800320E580032086
:104CC000D0630020E9800320E0460320E880032031
:104CD000FC49032022810320DD800320C05B0020EB
:104CE000874A9342B0D02B68DFF814A2534540D1D5
:104CF000844EB36A102B40F03881002701222046F1
:104D00003B463946009702F0FBFF002800F02D815A
:104D100008257D4B01247D48294635641C704FF0E1
:104D2000FF08C6E90E5503F087FB2946784803F0D3
:104D300083FB784BDFF81CC264201D68764B1B6830
:104D40005D43234655249E46AB4246D9D6F804C05F
:104D500001244FF0550EDFF80082DFF8F891AC42E5
:104D60004BD96E48F7F78AFA0123336007B0BDE8E4
:104D7000F08F6B4EB34240F0F880002301212046B3
:104D80001A46009302F0BCFF002800F0EE80654F49
:104D9000DFF8BCB13B789BF80010002B41F0068196
:104DA000614A1278002A41F0FC80604A1278002A99
:104DB00041F0F7805E4A1278002A41F0F280002923
:104DC00000F0CC800393F0F7CDFD0F28039B2ED18C
:104DD00007B0BDE8F04FFFF7ADB904FB03C20121F6
:104DE00001315771907105321129907082F803E0FA
:104DF00082F80480F4D10133A6E70EFB048101237D
:104E00000EFB04920F4617F8050F604509D003EB1F
:104E10008300D1F8051002EB000A115039798AF8A5
:104E2000041001333946112BECD1013497E7002BE4
:104E300041F0BF803C4B1B78002B54D13B4B1B787F
:104E4000002B52D13A4B1B78002B50D1994214BF02
:104E5000092119460023344A2C481370334A3B7009
:104E60001370334A8BF800301370324BB163196002
:104E700003F0E2FA304B1B781BB1304B1B78002B50
:104E800037D02F48F7F7FAF900231E4D2D4C2B6031
:104E90002D4B186890BB6B6800F07F4003EB430319
:104EA000E218E35C5178927843EA012343EA024333
:104EB000184303F0D1F80146244803F005FB6B6862
:104EC00003EB4303E218E35C5178907843EA012353
:104ED00043EA004003F0C0F801460C4807B0BDE8C3
:104EE000F04F03F0F1BA0621B4E70721B2E704213D
:104EF000B0E70348F7F7C2F90123C6E70021DBE773
:104F000038630020EC500020FC80032064700020F7
:104F1000CC6F0020885E0020A05F00205C61002034
:104F2000A45F0020D3800320D5800320D4800320F9
:104F3000D6800320108C0020E4800320D180032041
:104F4000C05B002048800320288C0020806F002058
:104F5000D2800320E5B3F570395FF670F0F702FDFB
:104F60000F2840F0CD80FFF7E5F82E68964B9E4263
:104F700040F003810023012220461946009302F0ED
:104F8000BFFE38B1914B1B7823B1F0F7EBFC102832
:104F90003FF41EAF01232046009300231A46194612
:104FA00002F0AEFE002840F0FF802A68884B9A424B
:104FB00010D10023012620461A461946009602F019
:104FC0009FFE38B18348F7F759F9834B00221E60E2
:104FD000824B1A702E68464501D056451CD10123DC
:104FE0002046009300231A46194602F089FE20B19C
:104FF00000237B4A1370794A1370464501D0564509
:105000000AD10021022320461A46009102F078FEC0
:1050100010B17448F7F732F9734B2E6893F800B06B
:10502000BBF1000F11D1464501D056450DD10022EC
:10503000022320461146009202F062FE28B16B481E
:1050400003F086F8002840F0D782694B1B68002BDC
:1050500000F00883674B9E4202D05E4B9E4209D10E
:105060000221002320461A46009102F049FE002842
:1050700040F02984604B9E42604E12D109232046A5
:10508000009300231A46194602F03AFE002800F069
:105090003184514F3B68002B40F01A845548F7F794
:1050A000EDF82B68B34240F025840123204600939D
:1050B00000231A46194602F023FE002840F00F8410
:1050C00002232046009300231A46194602F018FED8
:1050D000002840F057840023022120461A460093FE
:1050E00002F00EFE002800F00584404803F030F87E
:1050F000002800F0FF83384B586802F031FFF9E3D5
:105100003F4B1B7813B13F4B1B787BB33948F7F704
:10511000B5F80023304F3C4E3B60354B186850BB10
:105120007B6800F07F4003EB4303F218F35C517897
:10513000927843EA012343EA0243184302F08CFFCA
:105140000146324803F0C0F97B6803EB4303F218D1
:10515000F35C5178907843EA012343EA004002F07F
:105160007BFF01462A4803F0AFF9FEE61948F7F73E
:1051700085F80123CEE70021E3E7264B9E4240F06D
:10518000AA800023012620461A461946009602F0FE
:10519000B7FD0246002800F08D801F4B1E7007B03F
:1051A000BDE8F04FFEF71AB9F0F7DCFB074A0346FB
:1051B0001178B1B329283FF40BAE27282ED107B0C0
:1051C000BDE8F04FF7F752BDA45F0020D280032066
:1051D0005C61002038630020EC500020FC8003203C
:1051E000CC8003203465002001680320EB8003207D
:1051F000288C0020C05B0020506400202C5D002023
:10520000E4800320D180032048800320806F0020A9
:105210006470002010610020DC66002010283FF43C
:10522000A5AD042B3FF4C1AEA3F10B02012A7FF61A
:10523000BCAE944A127842B1A3F109001D2804D8EB
:10524000914AC240D6073FF5B0AE904A12784AB1B3
:105250002D2B27DC2B2B3FF7A8AE082B1EDC062BB3
:105260003FF7A3AE8A4A12784AB1A3F12B000A286D
:1052700005D840F20942C240D0073FF596AEB1B121
:10528000A3F128010F2912D848F20312CA40D1070E
:105290003FF58BAE1846FEF74DFF86E60D2B3FF42B
:1052A00084AEDFE7A3F13202012ADBD87DE60F2BC3
:1052B000F0D17AE6034600903146204602F020FD08
:1052C00000283FF472AE734B73481E7007B0BDE800
:1052D000F04FF6F7D3BF704B9E4236D10023012624
:1052E00020461A461946009602F00AFD814650B142
:1052F00000236A4A13706A4A13706A4A13706A4834
:10530000F6F7BCFF51E603460146009032462046C0
:1053100002F0F6FC074650B1644B5B68002B3FF48B
:1053200025AD4846F8F738F85E4B1E701EE503467B
:10533000024600903146204602F0E2FC00283FF48D
:1053400034AE3846FEF792F9EEE7594B9E422CD127
:105350000023012220461946009302F0D1FC0646A4
:1053600030B1524B986807B0BDE8F04FF7F7CABEAE
:105370000346024601210090204602F0C1FC01468E
:1053800040B14A4B32463146986807B0BDE8F04F0D
:10539000F9F70EBE0123024600930346204602F0B1
:1053A000AFFC00283FF401AEA9E7424B9E4240F01B
:1053B00091800022012320461146009202F0A0FCB9
:1053C0000246F0B13C4BDB78002B7FF4CFAC3B4B7B
:1053D000DB78002B7FF4CAAC394B3A4A1B68126861
:1053E0009A423FF6C3AC384B586802F031FE0028B1
:1053F0003FF4BCACF9F70EFF07B0BDE8F04FF8F78B
:1054000047B9034600900121204602F079FC02468C
:10541000A0B12E4B1B68022B04D12D4B1B78002B07
:105420007FF4A4AC284B586802F012FE00283FF429
:105430009DAC07B0BDE8F04FFAF71BB90346022157
:105440000090204602F05CFC01460028E1D10123D7
:10545000024600930346204602F052FC00283FF427
:10546000A4AD154B9B78002B7FF480AC134B9B783D
:10547000002B7FF47BAC144B586807B0BDE8F04FAD
:10548000F0F7D8BDD380032003C38121D48003204B
:10549000D6800320DC660020945E0020EF8003208D
:1054A0002A810320FC800320C05B0020E897057060
:1054B0009C620020E8620020F8800320D98003204D
:1054C0001450032084460320EC5000208C4A032013
:1054D000D8800320534B9E4238D10023012620461A
:1054E0001A461946009602F00BFC00283FF45DAD09
:1054F00099F80030ABB14C4B4C4A5B6803EB43036B
:1055000013449A79597902F00F021B7901F00300D4
:10551000920143EA002042EA910102F011FE444B5D
:105520001E70444802F0F8FE10B1424802F070FFCD
:105530000023414A414F012682F885303B70404BA1
:1055400040481E70F6F79AFE3E702EE53E4FBE4272
:105550007FF42BAD4FF00009012120464B464A460F
:10556000CDF8009002F0CCFB014628B1B36B374A6E
:1055700003F80290FFF7FABB034600900122204691
:1055800002F0BEFB014638B90123024600930346F0
:10559000204602F0B5FB28B1BA6B396B2B4BD154C6
:1055A000FFF7E4BB06460246014600900123204671
:1055B00002F0A6FB00283FF4F8AC254B254F1B78E2
:1055C000254D63B1304602F0EFFB4FF0FF31032071
:1055D0003E70296007B0BDE8F04FF0F70BBE012424
:1055E000022103203C702960F0F704FE012007B07F
:1055F000BDE8F04F02F0F8BB0B4B59680F2905D8F6
:1056000049F20162CA40D2073FF5B0AB46451348A4
:1056100002BF9A6A02F1FF325A600022104B1A60F0
:1056200054E600BFE4610020EC500020F0970570C4
:10563000A780032088470320004A03201B81032002
:10564000CB800320E86200208463002068A80570F6
:10565000D880032020810320AC6100202C5D002035
:1056600080460320BBF1000F7FF4F4ACB44B1B78F1
:10567000002B7FF4EFACB34B1B78002B7FF4EAAC2C
:10568000B14F5521DFF8C892D7E9092303EB830313
:1056900001FB023309EB030219F803300492002BDB
:1056A00000F0818056457ED102235A465946204655
:1056B00000935B4602F024FB002874D0A34802F05C
:1056C00047FD00286FD0049BB7EE003BB3EE004BC4
:1056D00055265B78B0EE431B00EE103A9FED962BFB
:1056E000B8EE400B02F054FFB8FE400BFCEEC07B5E
:1056F000D7E9092317EE901AC7ED037A03EB83006D
:1057000006FB0200814499F80200002800F0CC80DA
:10571000192800F0CC80322800F0CC804B2814BF30
:105720004FF0050A4FF0040A552003EB8303049160
:1057300000FB0233864ADFF830B21344D87802F017
:105740004FFD81468348F6F799FD0123049982486D
:105750003B6002F071FE5146804802F06DFE494602
:105760007F4802F069FE7B687E4803F2CA335BF82B
:1057700023101029A8BF102121EAE17102F05CFE7C
:105780007B682E6803F2CA33C6E90CA95BF82330A4
:10579000102BA8BF102323EAE373B363694B1B7874
:1057A000002B7FF457AC4FF0550ADFF8A491D7E9EE
:1057B000092303EB83030AFB023309EB030B19F8FC
:1057C0000330002B3FF446AC46457FF446AC002343
:1057D0004FF0020820461A461946CDF8008002F024
:1057E0008FFA00283FF436AC584802F0B1FC00288C
:1057F0003FF430AC9BF80130B7EE003BB3EE004B0A
:1058000000EE103AB0EE431BB8EE400B9FED4A2B72
:1058100002F0BEFE7B68544AB8FE400B03F2CA3366
:10582000FCEEC07B52F823B017EE901AC7ED037A56
:10583000D7E9090303EB83020AFB00224A4492786A
:10584000002A3AD0192A07D0322A39D04B2A14BF5D
:105850004FF005084FF00408552203EB8303049131
:1058600002FB0033994499F8030002F0B9FC0023CD
:10587000814638483B60F6F701FD0499364802F04E
:10588000DBFD4146354802F0D7FD4946344802F079
:10589000D3FD5946334802F0CFFD2E68C6E90C8986
:1058A000C6F838B0FFF7D6BB4FF0010A3CE74FF01F
:1058B000020A39E74FF0030A36E74FF00108CBE759
:1058C0004FF00308C8E7F0F7B1F8284BFFF7CDB861
:1058D0002748F6F7D3FC01233B60FFF7E2BB1A4BE6
:1058E0000321244A5B68D05C02F066FA2B68B3425D
:1058F0003FF4E6AB2B68B34252D10022022320468C
:105900001146009202F0FCF90146002863D01A4BC0
:105910001B78002B3FF46AAE184B194A1B681268BB
:105920009B1AB3F57A7F7FF621AA002007B0BDE865
:10593000F04F02F039BA00BF0000000000C05F4025
:10594000D1800320CC800320EC500020EB8003208A
:10595000395FF67050640020806F0020CC6F00200B
:105960001870002064700020E8970570FC80032008
:1059700038630020B8800320D8800320145003200F
:10598000FC4903208D4802F0E3FB00283FF4A3AB61
:105990008B4B586802F0CCFC2B68B3423FF49BABB6
:1059A0002B68884A934240F0EB8000220123204676
:1059B0001146009202F0A4F9002856D0EFF7D2FF6A
:1059C000814B1B78002B3CD032283AD107B0BDE880
:1059D000F04FF0F787BC024600900123204602F00A
:1059E0008FF918BB0023012220461946009302F0CC
:1059F00087F948B1724B0121744A5B68D05C02F0B0
:105A0000DBF92B68B342CBD1002601212046334677
:105A10003246009602F074F90028C1D0684B314636
:105A20006A4A5B68D05C02F0C7F9B9E7644B0221AF
:105A3000664A5B68D05C02F0BFF92B68B342D1D0F4
:105A4000AEE7634B1B7833B1352804D107B0BDE80E
:105A5000F04FEFF743BE5F4B1B7833B1372804D1CB
:105A600007B0BDE8F04F02F0CBBB00220223204676
:105A70001146009202F044F958B1504802F068FB18
:105A800038B1514B1B7823B1EFF76CFF2D283FF451
:105A90003EAF2E68504FBE4202D0504B9E4242D184
:105AA0000922002320461946009202F029F950B13C
:105AB000424802F049FB30B10023494A1370494A79
:105AC0001370494A1370BE4202D0444B9E422AD101
:105AD00009232046009300231A46194602F010F9C4
:105AE00040B10023414A13703D4A13703D4A137080
:105AF0003D4A1370BE4202D0384B9E4213D14FF044
:105B000000080921204643464246CDF8008002F0B5
:105B1000F7F840B1334B83F80080314B83F80080B5
:105B2000314B83F80080324B1B78002B40F0C5804E
:105B3000BE4203D0294B9E4240F0BF800023012289
:105B400020461946009302F0DBF8002800F0B580EB
:105B5000BE42DFF8ACA01A4E54D1B36A012B51D12A
:105B6000DAF80030012B4DD1224903220B680133B2
:105B700093FBF2F202EB42029B1A0B60FFF7F6B8BE
:105B80001D4A934285D100230122204619460093E5
:105B900002F0B6F820B1194A137883F001031370AC
:105BA0000023012120461A46009302F0A9F800289C
:105BB0003FF46FAF0848F6F761FB6AE7EB8003201C
:105BC000EC500020A45F0020D4800320B880032084
:105BD000D6800320D2800320C05B002038630020E1
:105BE000EF8003202A810320FC800320CC80032047
:105BF00001680320B046032034650020C8660020F9
:105C0000008C0020D6F804904846EDF74BFB804608
:105C100080B909F2CA32864B53F82230834209DB3D
:105C2000102B00F3BB802BB1B9F10F0F9CBF814A41
:105C300002F80930F0F7CEFEDAF80030012B3CD143
:105C4000B8F1000F39D04846EDF72CFBA8BBB9F1ED
:105C50000F0F00F2A580774B13F8098008F1FF338E
:105C60000F2B88BF4FF0100809F2CA32704B414623
:105C7000484643F8228002F033FA2B6841466E48CA
:105C8000C3F8308002F0D8FB6C4BC3F80080B36AD5
:105C90006B4E102B00F08780404608FB08F1C8F1DE
:105CA0001408ECF74DFEC9B263484FEA082848EAE9
:105CB000014102F009FC012333702B68BB4202D082
:105CC000604A93422BD101232046009300231A46B9
:105CD000194602F015F810B35B4E3378FBB95B4BF5
:105CE000D3F80080B8F1010F02D0594B1B78B3B143
:105CF00002F036FA574B55229B6A03EB830302FBF3
:105D00000033554AD35C1BB1514B1B78002B51D04B
:105D1000524B01221A7002F0CFF800233370D5F8ED
:105D20000080B84503D0474B984540F000810223DE
:105D30002046009300231A46194601F0E1FFC0B146
:105D4000474802F005FA064698B1B84503D03D4BE6
:105D5000984540F0EC803D4BDFF8EC901B68DFF895
:105D600018A16BBB01228AF800203E4A137089F803
:105D70000030B84503D0334B984540F0D88000261A
:105D80000121204633463246009601F0B9FF002833
:105D90007AD030490B7F73B30E7796E5102343E733
:105DA0004FF0100860E72B682348196C02F08CFB59
:105DB000002381E7B8F1010FAFD102F0CDF9ACE7D4
:105DC00002F0CEF9234B55229B6A03EB830302FBBF
:105DD0000033214AD35C3BB11D4B039A1B78002B47
:105DE00004BF32461E4603921E4B039A8AF8006097
:105DF0001A700023BBE71C4B1B78002B3ED1134BC2
:105E00001B68012B3AD18B6A0F2B37D8174B184AD6
:105E10001B6812689A423EF6A9AF164B1B78002BFE
:105E20007EF4A4AF07B0BDE8F04FEFF7B9BF00BFF5
:105E3000E897057065822020CC6F0020DC57002099
:105E40005869032038630020FC800320288C002040
:105E5000D1800320EC500020395FF670CC80032005
:105E6000EB8003202A8103200168032014500320C3
:105E7000944F0320FD670320EF8003200B681BB1C4
:105E80008B6A102B3FF41FADB84502D04D4B98459F
:105E90004DD10023022120461A46009301F030FF25
:105EA000002844D0484BDFF840911B78DBB9474BC2
:105EB0001B68012B17D1D9F828300F2B13D8444A6F
:105EC00044491078444A60B9D9F8240003EB8303AD
:105ED000552404FB00334148C35C13B10B68FEF743
:105EE00033BE0B6895E7D9F800A03D4EBAF1000F1C
:105EF00009D0D9F82830102B10D1EFF713FE012369
:105F00003370FEF733BFB84508D1D9F82830102BCD
:105F100004D1EFF78BFD89F81CA0F0E702F01CF923
:105F2000304B01221A70002389F81C3033702B6823
:105F3000244DAB421DD10023032120461A46009375
:105F400001F0DEFE30B1284A2848936A013B5360D5
:105F5000F6F794F9059B002B3EF408AF0023244A82
:105F60001360244A1360244A13601D4A1370FEF71D
:105F7000FDBEBB42EED10023032120461A4600930A
:105F800001F0BEFE0028E5D0174C6168A06A01F060
:105F9000CBFE0028DED02846F6F770F901232360F7
:105FA000D8E700297EF40EAFFEF744BF00297EF447
:105FB00009AF0521FEF74EBF46457EF4CDADFEF795
:105FC000E1BD00BF3863002001680320288C002059
:105FD000CC80032014500320944F0320395FF670C7
:105FE000FC8003202A810320EC500020C05B0020AD
:105FF0003A80032036800320D98003202DE9F04F1A
:10600000012355249548642540F201162DED048B9B
:10601000B1B004FB0301012201328D710531112A57
:10602000FAD10133B342F4D18D4B00258D4A0D26B0
:106030008D498E480093012301F06AFE8C4B8D4AF6
:106040008D498E480093002301F062FE8C4B894AF3
:106050008C498D480093012301F05AFE8B4B854AF1
:106060008B498C480093022301F052FE8A4B814AEF
:106070008A498B480093032301F04AFE894B8A4AE0
:106080008A498B480093002301F042FE894B864ADF
:1060900089498A480093012301F03AFE884B824ADD
:1060A000884989480093022301F032FE874B8849D2
:1060B00088487D4A0093032301F02AFE864B43F271
:1060C0003332864CC3E906225A624FF40042844BB5
:1060D000C3E90622C3E908554FF48032814B5A6266
:1060E0001D62814AC3E9065541F69913C2E9063398
:1060F00053627E4AC2E9063353624CF6CC427C4B73
:106100009A61C3E90822ECF7A1FB7A4B5D62ECF7D8
:1061100077FB794BA365794BE365794BA366794BA4
:10612000E366794B2367794B6367794BCDE910338D
:10613000784B2C932D932E932F9312AF0DF10C09C6
:1061400004EBC60A4FF0000807EBC60709EB860907
:106150005AF8040B60B139F9181002F029F85AF80E
:1061600004BC97ED000A584601F0BAFDCBF8205068
:1061700008F1010304374FF00108022BE8D106EBC8
:1061800008030E260F2BD8D100236349634C184611
:1061900051F8042B72B6D461107662B60133032B2A
:1061A000F6D15F4D01244FF4C0465E4F55F8040F01
:1061B00028B19FED5D0AC0E9086702F05DF801347F
:1061C000092CF3D1B6EE008A584E0024DFED588A30
:1061D0009FED589A336853B39D6995F8C831032BE6
:1061E0000CD0032385F8C831B5F9BC31002B05DD8F
:1061F000284601F039FF0023C5F8CC31BCB94E4D1B
:1062000007EE904A0134B8EEE70A20EE280A20EEA5
:10621000090A01F0BDFDF0EE487AB4F5007FE0EE2A
:10622000487AE5EC017AEBD101240436D2E7013457
:10623000092CFAD1414D0024ECF7C4FA55F8040BAF
:1062400002F0D2F82046013401F002FE0B2CF5D109
:1062500031B0BDEC048BBDE8F08F00BF395FF67044
:10626000348C00202CDCFE70504E0320C88B05704F
:106270006C8C0020D4DCFE70744E0320088D0570F9
:106280004C8D0020984E0320488E0570848D002090
:10629000BC4E0320888F0570BC8D0020E04E03208B
:1062A000C8900570F48D00209CDCFE70044F032024
:1062B000089205702C8E0020284F0320489305700B
:1062C000648E00204C4F0320889405709C8E002023
:1062D000704F0320C8950570C4E0FE70984F0320EE
:1062E000FCE0FE70DC28FF708CE0FE7054E0FE7075
:1062F0005CDEFE7064DCFE707850032008520320E0
:106300009853032028550320B856032048580320EB
:10631000050001006666E63DE05100200000FF7FB9
:10632000B45D002000B76D5B0000FA45A06400205A
:10633000DB0F49400000003B1C7C00208C25002026
:106340002DE9F04F6E4D8BB06E4C2E686E4F02F003
:1063500003F8237843B13B78D90705D56B4A2B68FE
:1063600012689B1A0E2B0DD82B6822789B1B1AB92A
:1063700040F2EE22934201E0B3F5FA6F02D801F049
:10638000EBFFE4E70121242001F08EFE0021242010
:106390005F4E01F009FE4FF4FA7001F0D1FC0121CB
:1063A000242001F001FE5B4BD02283F846204022DE
:1063B0001A76D6F80080B368A3EB0809B9F5FC7F1C
:1063C00019DC74684FF4007001F002FE0746A4EB7C
:1063D00008041CB12246414601F08EFFB8F1000FBF
:1063E00003D04946404601F017FD3C44376007F5AD
:1063F00000777460B760484F3B6813F001060DD119
:10640000464C204602F058F8454B464A2046236049
:1064100001234549E6613B6001F0EEFD434F002357
:106420004FF4007242493D4801F05AFD3B6813F0B9
:1064300001060DD13F4C204602F03EF83E4B394A52
:106440002046236001233D49E6613B6001F0D4FD15
:1064500000234FF480723A49364801F041FDEFF7CE
:106460009FFE01F0C9FE002800F099802B684FF0D4
:10647000FF370024DFF8CC8003F52B59BA4601938F
:1064800009F1370901F0B8FE0646002800F08780C0
:106490002B68019A9A1A002C5AD140F6B7318A42D9
:1064A00040F24581EDF7C5FA264B0322264893F8C2
:1064B00002A0B3F800B011468DF812A0ADF810B0EC
:1064C000049BF1F71FFB8DF812A0ADF810B041F25C
:1064D000BC0A049B0A2203211C48F1F713FBF0F7C6
:1064E0009CFD20460134002101F0A2FC5445F8D166
:1064F0004FF0FF3A4FF4C87001F022FC3446C1E778
:1065000014500320308103202F8103205450032096
:106510007C47032000E400E0F87700206887002033
:1065200074280020C85A00205D290000FC77002054
:10653000647B202090870020B028002035290000AF
:106540000E002020A82300205D3D0020DE3D00201D
:1065500042F20F718A4240F22581B84B01224FF47A
:106560007F4600241A70EDF764FAADF8106003223C
:106570008DF812400221049BB148F1F7C3FAADF83F
:1065800010608DF812400A22AE480521049BF1F7F5
:10659000B9FAF0F742FD4FF47A7001F0D1FBAA4F3F
:1065A00000243E462046013401F05AFD07F8010B55
:1065B000042CF7D1336840F2E632013B934208D90C
:1065C000012322460021A048336001F0D1FB01F0F5
:1065D000DFFC336802219D4C1B209D4FA36001F01E
:1065E00063FD0021282001F05FFD0C2001F0F8FE82
:1065F0000321022001F058FD0321084601F054FD5B
:106600000321042001F050FD0321062001F04CFD80
:1066100003211E2001F048FD3C2001F021FD40B285
:10662000431E642B28BF6420B860342001F018FD9D
:10663000431E3F2B874B28BF0A201860322001F0F1
:106640000FFD431E322B844B28BF142018603F20BF
:1066500001F006FD0328814B28BF002018603B2075
:1066600001F0FEFC10287E4B28BF082018603A205D
:1066700001F0F6FCA0F10D03DBB2132B794B28BF20
:106680001E2018702B2001F0EBFC774B40B2012844
:10669000186003D0421C02D001221A600120431E60
:1066A00058425841714B186001F00EFD002800F06F
:1066B000EF806F4CEDF7BDF91420B4F8532494F833
:1066C0005534ADF810208DF812300499F2F7B2FA73
:1066D000B4F8562494F858340321ADF81020012260
:1066E0008DF81230049B6348F1F70CFAF0F795FC33
:1066F0000A21614801F074FC002800F0878004A89A
:1067000001235E4A5C4901F03BFC089801F0D8FD8A
:1067100030B104A85A4901F00FFE04A801F000FCB2
:106720004FF4FA7001F00CFB01F016FEF8E7019A45
:1067300002F69F76F61AB6F57A7F2ABF4FF47A737F
:106740000126B6FBF3F6B3460FB9B24521D0EDF7FB
:1067500070F9B8F800A098F802700322ADF810A004
:106760008DF812701146049B4648F1F7CBF9334679
:10677000454A042104A801F0AFFAADF80CA08DF849
:106780000E700A22039B062104A8F1F7BBF9F0F76B
:1067900044FC00271420DA4601F0D2FA264601F024
:1067A000DBFDABE6A9EB0306B6F57A7F2ABF4FF413
:1067B0007A730126B6FBF3F6012FB34603D1B24537
:1067C00001D10127E6E7EDF734F9B8F800A098F811
:1067D00002700322ADF810A002218DF81270049B04
:1067E0001748F1F78FF93346274A042104A801F02E
:1067F00073FAADF80CA08DF80E700A22039B0621E7
:1068000004A8F1F77FF9F0F708FCDAE7EDF711F9E2
:1068100064238DF812000822ADF810300321049B88
:106820001A48F1F76FF9F0F7F8FB4FF47A7001F0BE
:1068300087FA01F091FDEBF7ADFF59E751690320AD
:10684000BB3C0020F03C00202C4E0320E897057054
:10685000EC500020D4460320B86100208C4A03206D
:10686000905E0020D6660020E0610020FC4D0320F1
:10687000782000204B410020D0710020043F0020F0
:106880000E3F00205D3D00207B4100207041002034
:10689000F0F75EFF4FF0E0234022C3F8882101F0BB
:1068A0002BFBEFF783FEA64800F0B6FD08B100F021
:1068B00027FBFBF76BFEEFF7E7FBFFF79FFBEEF71E
:1068C000DFFF0122306811469E4EF8F771FB9E4BA8
:1068D0002360BC68ECF78AF9BC60ECF79EFCE02111
:1068E0009A4801F019FEE021994801F015FE994CF3
:1068F000994B0494069396ED000B01F065FE04A9F4
:106900000246924801F0C0FB04A801F065FBB1EE1D
:10691000006B96ED007BB4EEC67BF1EE10FA10DB57
:10692000B5EE000B8D4B0494069327EE000B01F09F
:106930004BFE04A90246864801F0A6FB04A801F01C
:106940004BFBFDF739F9ECF791F8EEF743FF4FF009
:10695000E0234022C3F80821F0F708FAECF7C9F861
:106960007F4B1A781AB100221A70F6F7EFFA7D4AB7
:106970000021012664271346002093F802C01C78EA
:10698000BCF1000F05D134B19F70DC781CB9DE700A
:1069900001E0002CF9D1013005331128EDD101318E
:1069A0005532B1F5817FE6D16F4C704AD4F8881426
:1069B000D4F884046E4E01F097FC08B9337843B3E1
:1069C0006A4AD4F88814D4F8840401F08DFC18B114
:1069D0006649654801F020FBFDF714F93378C3B12F
:1069E000EDF727F800244FF47F4303228DF812407F
:1069F0000221ADF81030049B5E48F1F783F8F0F700
:106A00000CFBF6F75FFE204601F0B6FBF6F7FAFA4C
:106A100034700B20584C01F05FFC5848F5F72EFC01
:106A20008022574900265748032701F071FB4FF495
:106A3000007255494FF48039524801F0A1FD0022FF
:106A400047F612214F4801F03FF9636D002247F6E7
:106A500012211868DFF854810368DFF854A1DB695C
:106A600098474FF6FF73A4F8586084F85A6084F88A
:106A7000F8606667C4F8FC6084F87070C4E91A3383
:106A80002B68C4F80031414BE360414BA363414B99
:106A9000C4E91866E36301F027FB3F4BC3F8189085
:106AA000EEF798FE3D4B1E605E603D4B1E603D4B19
:106AB0001E60013F09D101F027F901F0F5F82A68BD
:106AC000394B1A600BB0BDE8F08F58F8044B2046E4
:106AD00001F076F95AF824301BB1C3E90696C3E9F0
:106AE000086601222146104601F072F92146012272
:106AF000022001F06DF921460122032001F068F91E
:106B000021460122042001F063F9214601220520DB
:106B100001F05EF901222146062001F059F92146D3
:106B2000012001F025FA2146032001F021FA214637
:106B3000042001F01DFA2146052001F019FAB8E7FA
:106B4000E0500020D85000200000C842B061002072
:106B50000C5D00207C2E0020F901010069A70000D7
:106B6000CD800320395FF670D0710020043F0020F3
:106B700051690320FA3E0020C0700020C05B002055
:106B8000385E032020520020385C032065AB0000F3
:106B9000C1370100E97700007C8A0020EA812020CB
:106BA000FF8120200F822020C4460320D42400200F
:106BB000785D0020B0B588B05E4802AF00F02CFCD4
:106BC000002800F0AF804FF0E0234022381D5A49E2
:106BD000C3F888210923594A01F0D2F9786901F0F4
:106BE0006FFB002800F0A180554B381D55494FF42C
:106BF0007A741D6801F0A0FB534B544A544900932A
:106C00005448554B01F0C0FC5249381D01F094FB2B
:106C10005249381D01F090FB391D464800F0AAF991
:106C2000381D01F01DF94E49381D01F085FB3C214E
:106C30004FF461630195B5FBF4F4B4FBF3F2B4FBDC
:106C4000F1F003FB124301FB10444248B3FBF1F3A4
:106C50000094444901F098FC3E49381D01F06CFB5A
:106C6000002001F089F987423F498CBF3A1A00227F
:106C7000384801F089FC3749381D01F05DFB3B4B7A
:106C80004FF4C8529FED3A6A93ED007AD3ED006A53
:106C9000384BB8EE477AF8EE666A37491B882D48BC
:106CA000534307EE903A354BF8EEE77A1B8853438F
:106CB00067EE867AC7EE875A07EE903AF8EEE77AE3
:106CC00067EE867A87EEA67AB7EEC77A8DED007BFF
:106CD000B7EEE57A53EC172B01F056FC1D49381D31
:106CE00001F02AFB6023264A0093264B12881B885A
:106CF0002549184801F048FC1649381D01F01CFBD5
:106D00001649381D01F018FB381D01F0A9F8381D8F
:106D100001F006F94FF0E0234022381DC3F80821A6
:106D200001F0DAF81837BD46B0BD1849014800F047
:106D300021F9EFE7E0500020D0710020143F00203F
:106D4000145003201E3F0020A23F0020543F00208B
:106D50008A3F0020D26C0320483F00201F3F0020C4
:106D6000AB3F0020C63F0020EC3F0020E850002051
:106D70000044AC43045A032000400020065A03207C
:106D8000005A0320025A0320204000201052002005
:106D900010B5134C13B9236F9B0420D400F03F00AF
:106DA00021F0604122F0604240F489102067C4F86D
:106DB0008010C4F89020236F23F480532367084B7E
:106DC0001A6F002AFCDAD3F8702122F4000222F4B0
:106DD0000042C3F870211A6F22F480321A6710BD86
:106DE00000800D40B1F5607F28BF4FF46071F0B5B1
:106DF00006468DB00D4672B6254B002470221860F1
:106E00002146244B24481C8001F0A2FB2146224A43
:106E10000124A9422AD1002302364FF48272AB42E8
:106E200030D11E4B1D78F5B9082001F0D1F8802330
:106E30001B4A0446037102A91A4B056008A8009377
:106E40000693029201F008FB174A06A9204600F0BB
:106E5000A7FF069B08A8DB689847009B02A8DB6891
:106E6000984701F0CDF862B60DB0F0BD480901F0C9
:106E70001F03013152F8207004FA03F33B4342F838
:106E80002030C6E702FB03F173520133C7E700BFAE
:106E90001C840020085A032024840020FA6903205F
:106EA00001FD01007C2E00201B10010070B5104C6C
:106EB000D4F880300B2B18D14FF0FF330D4A0E4D14
:106EC000116804324B40202143F300060B4801397E
:106ED00006EA000080EA5303F6D1AA42F0D1D4F8C2
:106EE000A800C31A5842584170BD0020FCE700BFFB
:106EF00000FF272080FF2720A8FF27202083B8ED50
:106F0000184A002370B5C2E92033C2E92233C2E92E
:106F10002433C2E92633C2F8A830BFF34F8F4FF0B5
:106F2000E0248032C4F8702F2032C4F8702FBFF3F1
:106F30004F8FBFF36F8F0C4A0C4E91680C4D9160D0
:106F40001C2113632846C6F8C03F01F0E9F9C6F8D2
:106F5000DC0FBFF34F8FC4F8685FBFF34F8FBFF3F1
:106F60006F8F70BD00FF272000800F4000F02720AA
:106F7000C0FF27202DE9F8430C46FFF797FF0028B4
:106F800000F0D481AE4E2046AE493C2501F060FAB7
:106F9000D6F8A490AC492046B9FBF5F8B8FBF5F754
:106FA000C6F8A47000F094FE182100230A22B7FB53
:106FB000F1F001FB1071204600F082FEA34920464B
:106FC00000F086FE00230A2205FB1781204600F010
:106FD00077FE9E49204600F07BFE00230A2205FB37
:106FE0001891204600F06CFE204600F039FF9849C9
:106FF000204600F06DFE1022D6F89810204601F0D1
:107000006BFAD6F88850002D59D09249204600F0EE
:107010005FFE1022D6F88810204601F05DFAEA07DC
:1070200040F1D5808C49204601F012FA2A062CD571
:107030008A49204600F04CFE10220023D6F890101A
:10704000204600F03DFED6F890201F2A00F2D080A6
:107050008349204600F03CFE00231022D6F8981009
:10706000204600F02DFE7F49204600F031FED6F884
:10707000981000231022204600F022FE7A49204674
:1070800000F026FE204600F0EBFEEB0540F1BA8052
:107090007649204601F0DCF92F0409D574492046D1
:1070A00000F016FE1022D6F89410204601F014FAD3
:1070B000E80340F1BC806F49204601F0C9F9D6F8D9
:1070C0008C5085B16C49204600F002FE204610220B
:1070D000D6F88C1001F000FAA80740F12281674928
:1070E000204601F0B5F96649204600F0F1FD96ED25
:1070F000280A02212046B7EEC00A01F01DFA6149B4
:10710000204601F0A5F96049204600F0E1FD5F4B03
:107110005F490A2218680023B0FBF1F1204600F015
:10712000CFFD5C49204601F093F95B4B9D68AA07AF
:1071300008D51A6B2046594B9A420CBF58495949F9
:1071400001F086F96F0703D55749204601F080F911
:107150002E0703D55549204601F07AF9E80603D5F4
:107160005349204601F074F9A90603D55149204638
:1071700001F06EF96A0603D54F49204601F068F91F
:107180002B0603D54D49204601F062F915F48075B0
:1071900000F0E28020464A4901F05AF93E4A204672
:1071A0004849936823F48073936001F051F946498C
:1071B000204601F04DF9454B07221A64444A936B6F
:1071C00043F040039363BFF34F8F30BFFDE7AB073E
:1071D00001D5404927E72F0701D53F4923E7E806B6
:1071E00001D53E491FE7A9067FF520AF3C491AE7C4
:1071F0003C4B9A42FFF446AF20339A42BFF442AF71
:1072000039493CE7AF0501D5384942E7680501D562
:1072100037493EE7290501D536493AE7EA0401D561
:10722000354936E7AB047FF537AF344931E7A90379
:1072300001D5334940E76A0366D532493CE700BFD0
:1072400000FF2720614300206E4300209848002063
:1072500095430020BA430020C34300208944002006
:10726000AB440020CB4400200B4500206C4500209F
:10727000A6460020C8460020A3470020AC470020B7
:10728000EF4700201248002017480020E850002057
:1072900040420F003548002000800F40F100AD0B48
:1072A00091490020DA4900201B4A0020434A00206F
:1072B0006E4A0020954A0020BF4A0020E14A002083
:1072C000034B00202D4B00204F4B002000C00A40F4
:1072D00000400D40EC4300200E44002038440020C4
:1072E0005E440020A0810320294500208D45002018
:1072F000BB45002000460020404600207446002088
:10730000EC4600201E4700202B0301D53249D3E66E
:10731000EF0101D53149CFE6AD017FF5D0AE30495F
:10732000CAE669007FF5DFAE2E49D9E62E49204630
:1073300001F08EF82D49204601F08AF82C492046AC
:1073400001F086F82B49204601F082F82A492046B0
:1073500001F07EF82949E5E6294FD7F8C030ABB3F4
:10736000D7F8DC601C21274800F0DAFF86422DD1D7
:10737000DFF890800123D7F8C0202E46AB400135BE
:10738000134221D02049204600F0A2FC294608EBF8
:107390008606204600F084FF1C49204600F098FC39
:1073A00000230A227168204600F08AFC1849204612
:1073B00000F08EFC716800231022204600F080FC53
:1073C0001449204601F044F8062DD3D1FFF798FD6B
:1073D0000120BDE8F88300BF474700205E4700203A
:1073E00087470020D347002039480020514800201B
:1073F0009A480020E4480020094900205149002013
:1074000000FF2720C0FF2720924B00200C480020BF
:10741000A14B00201E40002008B5FFF747FD00F0FB
:10742000010008BD0F4BDA6E42F44032DA66DA6EC4
:1074300042F44072DA66A3F5603340F237625A6470
:10744000A0229A649A6C1206FCD4074A40F2376371
:107450005364A0239364936C13F08003FBD1034A1D
:107460001370704700C00F4000800C403E80032026
:10747000074B00040122C3F8A010C3F8A400C3F80E
:10748000B0205A69D207FCD501225A61704700BF6B
:1074900000402A400146002008B5FFF7E9FF01201F
:1074A000FFF7E6FF0220FFF7E3FF134B134AC3F891
:1074B000A010C3F8A4200122C3F8B0205A69D20753
:1074C000FCD5D3F8000121225A6183B245F60D5252
:1074D00093420ED045F69D52934208D1C0F34250DC
:1074E000032806D0031F58425841000108BD002060
:1074F000FCE70820FAE700BF00402A400400030030
:1075000070477047704700BF70474FF0E02300217D
:107510001022C3F8941DC3F89C2D2E4AC3F8A02D49
:107520001122C3F89C2D2C4AC3F8A02D1222C3F8B7
:107530009C2D2A4AC3F8A02D294AC3F89C2D294A1C
:10754000C3F8A02D284AC3F89C2D284AC3F8A02DC3
:10755000274A42F01502C3F89C2D264AC3F8A02DF5
:1075600002F181520D32C3F89C2D234AC3F8A02D9D
:10757000224AC3F89C2D224AC3F8A02D214AC3F801
:107580009C2D214AC3F8A02D204AC3F89C2D204AE7
:10759000C3F8A02D1F4AC3F89C2D1F4AC3F8A02D85
:1075A00000BF00BF00BF00BF00BF0122C3F8942D81
:1075B000BFF34F8FBFF36F8FC3F8501FBFF34F8FD1
:1075C000BFF36F8FD3F8142D42F44032C3F8142D5B
:1075D000704700BF3F000010250008070900100099
:1075E00013002000210002071400002025000813CA
:1075F000A08103200900001027000B131700004092
:1076000033001013180000602F000B0719000070E2
:1076100031000B131A0000803B000B13F7B57E4BB3
:107620007E4A7F49C3F85C22C3F86012C3F8642223
:10763000A2F53042C3F8682202F5E042C3F86C229A
:10764000C3F87022C3F87422C3F878221822DA66CD
:107650001A675A679A67DA67C3F88020C3F88420EC
:10766000C3F888200122C3F82C27C3F83027C3F8B9
:107670003427C3F83827C3F83C27C3F85027694A92
:10768000936923F0604323F4407343F0004343F4D1
:1076900040739361D2F8843043F00C03C2F8843015
:1076A000614B1A6842F002021A6019685F4A21F4BD
:1076B000F14121F073010904090C0A435C491A6085
:1076C0004FF0FF325A6002F57702886802F5605287
:1076D0000240584842F000529A60DA6822F078027C
:1076E000DA601A6A024042F0004242F040021A6236
:1076F0001A6A0240212042F0004242F040025A62DF
:107700004D4A9A62DA62D1F8B82022F03F0242F084
:107710000102C3F8B820D1F8BC20002122F03F02BA
:1077200042F00102C3F8BC2040F2056219611867FB
:10773000C3F880205867C3F884201A683F4822F0B5
:1077400002021A603E4A9A610222DA613D4A42F818
:10775000041B8242FBD11A68334C42F001021A60CA
:10776000266816F00106FBD1354B3046364FA36133
:107770000223E36140F2F563C4F8003240F266434D
:10778000C4F8103240F29943C4F820322F4BC4F8A9
:10779000303242F20143C4F8343240F23543C4F887
:1077A00040322B4BC4F850322A4BC4F854322A4B87
:1077B000C4F8603242F20123C4F86432FFF76AFE73
:1077C000054600B3830231462E0504202366FFF7E9
:1077D0004FFE3046FFF75EFE05443D7028B1800243
:1077E000314660660420FFF743FE1C491C4B387885
:1077F0005A1A002302EB005200930123194800F0AB
:107800004BFD03B0F0BD014638701022154803B09F
:10781000BDE8F04000F09CBE00801F40F9B00100C0
:10782000F910010000C00F4000402A401200FFFF85
:1078300000802A4000FFF07CFF000F8300432A40B5
:10784000F05AF05A00422A40B18003209F041830B9
:10785000EB06180A063201263806180A4037FF7070
:1078600000000070D88E002070B5164B4FF4805188
:107870004FF400504FF440444FF4803543F2420639
:107880001A6912F0020F03D09C615D619E61F7E7F7
:1078900012F4005F01D15861F2E712F4805F01D168
:1078A0005961EDE7002AEBDA12F4803F03D04FF480
:1078B00080329A61E4E7520602D440225A61DFE73F
:1078C00070BD00BF00800D403E4AB3EE096A3E48DD
:1078D000D2F880309FED3D5A23F0010310B5C2F875
:1078E000803003233A4CC2F890303A4BD3F8E03062
:1078F000D9B2016007EE901AC3F30B201B0DB8EE4E
:10790000E77A354907EE900A2060F8EEE76A07EE5D
:10791000903A37EE455A314BF8EEE77A37EE466A41
:1079200077EEE67A81ED006A25EE275AC3ED007AFC
:10793000D2F88030C5EE065A75EEA65AFCEEE55A2E
:1079400015EE901ADFED265A37EE657A43EA0153B9
:10795000C2F8803027EE277A224B66EE277AD2F8DB
:107960009011C7EE065A35EEA67ABCEEC77A17EE2E
:10797000100A87EE867A03EA00430B43C2F890317F
:10798000D2F8901177EE267AFCEEE77A17EE903A6D
:10799000C3F30B030B43C2F89031D2F8803043F0AD
:1079A0000203C2F8803000220F4B83F840200F4BB7
:1079B0000F4AC3F840214FF0E0230122C3F8082109
:1079C00010BD00BF00810D40204E03200000AA42E0
:1079D0001C4E032000441F40244E0320284E032049
:1079E0000000B4420000FF0F00E400E00068002047
:1079F0008F1E0200304B40F6617210B5C3F8202193
:107A000000F0BEFB2D4A2E49D2F8803043F003032C
:107A1000C2F8803040F204422A4BC3F860212A4A5F
:107A20001068084203D1D3F8A8118C071AD04FF080
:107A300000415163D3F8402142F00202C3F84021D3
:107A4000204AD2F840319807FBD44FF0E0234FF49E
:107A500000321920C3F88C224FF000421A4B9A636F
:107A600000F06EF9184B00214FF08042154C17487A
:107A70009A634FF4607219600A23C4F8A83100F0C9
:107A800067FD4FF4810240F2431302604FF480021D
:107A90000264C4F858010E4AC4F848310D4BC3F8CB
:107AA00004224FF0E0234FF40032C3F80C210123ED
:107AB000C4F8403110BD00BF00800D4000C00F4031
:107AC000001C1E0000002E4000900D400000002011
:107AD0004D2102000068002008B50F4B1B6E9B076C
:107AE00000D4FBBE72B60D4B0022C3F84021A3F5B3
:107AF0000D130B4A1A64A3F1FF53A3F52B239D46E4
:107B0000BFF34F8F074A084B104613604FF4001322
:107B1000DB699B689847E5E700441F4000002E4062
:107B20000300200000802020000012EB4369084879
:107B300003EB0111074B0A7A03EB02139A685B68A7
:107B40001060CA681A600B690BB14A691A60704705
:107B500061F80100FC2E002038B543690546027E1D
:107B600003EB0212127A8A4219D0187AFF2816D033
:107B7000814215D0197EFF2911D001241968E4B281
:107B80005B680968194209D0064B2146284603EB79
:107B9000021305225B681A60FFF7C8FF2C7638BD18
:107BA0000024EBE7FC2E00204369094803EB011198
:107BB000084B91F8282003EB02139A685B68106069
:107BC000CA6A1A600B6B0BB14A6B1A60704700BF30
:107BD00061F80100FC2E002038B543690546427E5D
:107BE00003EB021292F828208A421BD093F8280057
:107BF000FF2817D0814216D093F83810FF2911D0F2
:107C000001241968E4B25B680968194209D0074B7E
:107C10002146284603EB021305225B681A60FFF732
:107C2000C3FF6C7638BD0024EBE700BFFC2E0020BC
:107C30000F4A4169936B23F47C0343F4802310B50E
:107C4000936304460A68496813680B430949136043
:107C5000022203691A6100F0F7FA217E2046FFF73D
:107C600065FF617E2046BDE81040FFF79DBF00BF65
:107C700000C00F40A0860100F8B500BFF8BC08BCEA
:107C80009E467047000000005FF800F0A5FC010070
:107C90005FF800F0A9D301005FF800F0651500005F
:107CA0005FF800F0D17702005FF800F0116E00007D
:107CB0005FF800F0CD4F00005FF800F0AD8F0200DC
:107CC0005FF800F0A10B02005FF800F02906020047
:107CD0005FF800F0DB0002005FF800F0899102001D
:107CE0005FF800F0B13600005FF800F0055D0000BD
:107CF0005FF800F0E52400005FF800F04593020013
:107D00005FF800F0E54B00005FF800F065610000EF
:107D10005FF800F08DEE00005FF800F09D7F00003E
:107D20005FF800F0792200005FF800F019450000CC
:107D30005FF800F0C92600005FF800F099B7000076
:107D40005FF800F0E91202005FF800F075F0000043
:107D50005FF800F0351C02005FF800F0CD6700000E
:107D60005FF800F0856800005FF800F0A9150000DA
:107D70005FF800F0591702005FF800F0151D0000D1
:107D80005FF800F019DD00005FF800F06D1E0000E4
:107D90005FF800F0497D02005FF800F0D326000094
:107DA0005FF800F0A10802005FF800F051A20000A7
:107DB0005FF800F0913100005FF800F06D660000A0
:107DC0005FF800F0296100005FF800F0BDCF00000F
:107DD0005FF800F009AE00005FF800F0B726000081
:107DE0005FF800F03DCF00005FF800F08121010056
:107DF0005FF800F0695D00005FF800F02903000003
:107E00005FF800F0216800005FF800F0EF1200005A
:107E10005FF800F0599602005FF800F0C518020004
:107E20005FF800F0893400005FF800F08DD30100A6
:107E30005FF800F0651602005FF800F001FD000039
:107E40005FF800F09D1F00005FF800F0F1CC00002B
:107E50005FF800F0016300005FF800F0551B0000C0
:107E60005FF800F06B0B02005FF800F0892401005E
:107E70005FF800F0514400005FF800F01D5E000064
:107E80005FF800F0FDD301005FF800F0D1160000AC
:107E90005FF800F0F15500005FF800F0A92600003F
:107EA0005FF800F0F70600005FF800F0C1B60000D0
:107EB0005FF800F021E300005FF800F029C7000040
:107EC0005FF800F0851D00005FF800F083280000D7
:107ED0005FF800F0BDB700005FF800F0AD340000BF
:107EE0005FF800F0790300005FF800F09D78000073
:107EF0005FF800F0251002005FF800F015D20000D6
:107F00005FF800F02DC200005FF800F0A1D401007E
:107F10005FF800F0B17800005FF800F0A9E9000018
:107F20005FF800F0FD3400005FF800F09DFC0100F8
:107F30005FF800F0D95300005FF800F02D4000001A
:107F40005FF800F0A11300005FF800F06920000066
:107F50005FF800F0A10100005FF800F0E3120000FC
:107F60005FF800F0C9C200005FF800F059FB0100A3
:107F70005FF800F0797B00005FF800F035960200B2
:107F80005FF800F03D3500005FF800F0A54F0000FD
:107F90005FF800F0397400005FF800F0951B0000F6
:107FA0005FF800F069D201005FF800F015130200DD
:107FB0005FF800F01DA700005FF800F00D6F0200F1
:107FC0005FF800F0E57E00005FF800F0AD220000F1
:107FD0005FF800F0B91802005FF800F03D1C0100E6
:107FE0005FF800F0EDC601005FF800F029A5000081
:107FF0005FF800F06D4500005FF800F0B940020046
:108000005FF800F0690002005FF800F0757400008E
:108010005FF800F0E59502005FF800F021360000FF
:108020005FF800F0ED4A00005FF800F059D301005E
:108030005FF800F0556B00005FF800F0DDCA00004B
:108040005FF800F079A600005FF800F0E18B020015
:108050005FF800F07D6A00005FF800F0D942000090
:108060005FF800F0751402005FF800F0AD3E01000B
:108070005FF800F08D5300005FF800F025930200D8
:108080005FF800F0091E01005FF800F04D1C0100D0
:108090005FF800F07DD301005FF800F0E583000099
:1080A0005FF800F0055200005FF800F0791302005D
:1080B0005FF800F0714200005FF800F08DCD000025
:1080C0005FF800F0F98300005FF800F0DF43000084
:1080D0005FF800F0014500005FF800F06134000037
:1080E0005FF800F0913000005FF800F0711E0100B1
:1080F0005FF800F041F901005FF800F06D6E0000DC
:108100005FF800F0B11500005FF800F011250000E5
:108110005FF800F0050402005FF800F03579000018
:108120005FF800F0ADA600005FF800F0251F00002A
:108130005FF800F0D93F00005FF800F0155800002C
:108140005FF800F0C56C00005FF800F0234C000001
:108150005FF800F0094C00005FF800F0F9590000EA
:108160005FF800F0015500005FF800F0551D0000B9
:108170005FF800F0658100005FF800F0B96700006B
:108180005FF800F0292E02005FF800F0D7F8010038
:108190005FF800F0D91300005FF800F0F11B000059
:1081A0005FF800F075EF00005FF800F0318000002C
:1081B0005FF800F01D3B00005FF800F0D9250000DB
:1081C0005FF800F0B5D100005FF800F045FB01005A
:1081D0005FF800F0412000005FF800F03DB70000BC
:1081E0005FF800F0591400005FF800F049560000F5
:1081F0005FF800F0098000005FF800F0CD43000058
:108200005FF800F0857700005FF800F0350E02009F
:108210005FF800F0A91700005FF800F0054D0000BE
:108220005FF800F0212D00005FF800F0FD7E0000F7
:108230005FF800F0554C00005FF800F0A1EF00007F
:108240005FF800F0692401005FF800F04149020086
:108250005FF800F0F1FA01005FF800F0CD1D0100B9
:108260005FF800F0090C01005FF800F00114000055
:108270005FF800F0699602005FF800F0F52E00004C
:108280005FF800F0E9D201005FF800F0EBD30100E5
:108290005FF800F06D5400005FF800F02D38020028
:1082A0005FF800F0590B02005FF800F0A113000026
:1082B0005FF800F00D1902005FF800F0E9350000EA
:1082C0005FF800F0392600005FF800F0F1180000B8
:1082D0005FF800F0A54D00005FF800F0F5AC00007D
:1082E0005FF800F0A57E00005FF800F04D28000068
:1082F0005FF800F0459602005FF800F08517020075
:108300005FF800F0F14200005FF800F0FD6D000042
:108310005FF800F05D1600005FF800F0F1ED01007D
:108320005FF800F0F10002005FF800F073CD00008C
:108330005FF800F0EDC200005FF800F0A328000035
:108340005FF800F0A11400005FF800F033FC0100BA
:108350005FF800F0951800005FF800F031010000B0
:108360005FF800F0C16A00005FF800F0D9D30100A7
:108370005FF800F0C1FC00005FF800F0FDEA0000CB
:108380005FF800F031FB01005FF800F041AA000047
:108390005FF800F0CD1F00005FF800F0217F0000C3
:1083A0005FF800F0ED1C00005FF800F07528000099
:1083B0005FF800F0890F01005FF800F0ED58000051
:1083C0005FF800F0117900005FF800F0F11500008F
:1083D0005FF800F0ED5F00005FF800F089930200A5
:1083E0005FF800F0CD0F02005FF800F0815E000042
:1083F0005FF800F0512500005FF800F0C15C00005C
:108400005FF800F0C52300005FF800F029260000A7
:108410005FF800F011E701005FF800F0C1150000FF
:108420005FF800F0A92500005FF800F039F00000C7
:108430005FF800F0151E00005FF800F08DFC0100F1
:108440005FF800F021FC00005FF800F05D300000F4
:108450005FF800F0DF0002005FF800F0091800008C
:108460005FF800F009D000005FF800F075D9000057
:108470005FF800F02B9402005FF800F03531000047
:108480005FF800F0451400005FF800F051CA0000EA
:108490005FF800F099A300005FF800F0218200006F
:1084A0005FF800F0751702005FF800F00DCF0000D4
:1084B0005FF800F043FC01005FF800F025040000C5
:1084C0005FF800F0094000005FF800F0F9FC0100DF
:1084D0005FF800F0EDB700005FF800F0A5000200C3
:1084E0005FF800F0C95500005FF800F05574000017
:1084F0005FF800F0C92400005FF800F0614C000054
:108500005FF800F0412D00005FF800F0D5EF0000AB
:108510005FF800F0497B02005FF800F0E52B0000F7
:108520005FF800F01D2600005FF800F09D5F00007E
:108530005FF800F0059402005FF800F0B90B02004C
:108540005FF800F0E19302005FF800F07D25000085
:108550005FF800F0779302005FF800F08565000097
:108560005FF800F0171300005FF800F095FC0100C1
:108570005FF800F06D6800005FF800F04B0E02003D
:108580005FF800F0DD0302005FF800F0ED910200FB
:108590005FF800F065F801005FF800F01554000086
:1085A0005FF800F07B1200005FF800F0C5D3010017
:1085B0005FF800F0452600005FF800F02D1D010077
:1085C0005FF800F0758000005FF800F0BD6F0200FA
:1085D0005FF800F03BFC01005FF800F0017900005B
:1085E0000D010000D1030000010A000039690100FB
:1085F0007DC70100F1E10100CDE60100890A02001A
:10860000F4400020F8400020FC4000200041002001
:10861000E5400020953C0020044100200941002055
:108620000D41002011410020D740002015410020BD
:10863000C94000201A410020010204081011121341
:108640001415166310045DD0055D1004630000006E
:1086500000BBB55BBB050000001CA00241500549F2
:1086600020021C0028C00736B00636F0010A00249C
:108670004017F6F37FF6431724003FA002150000D1
:108680002A50013F0049900CCBB004599005490095
:1086900000000000033CF0C33FFF0388C0188EF3C6
:1086A0007D8EC31888000F90013110022110023F07
:1086B0000000F0007910044110047F0004E0002461
:1086C000000722700002001CA0024990074120020E
:1086D0001C001C400247900471F0010000070000DC
:1086E0000000000000000000017000070000000012
:1086F00000000002700002000000000000000550B1
:108700000002000000000000000700000000000060
:10871000000000000700000000000000000000074B
:108720000000000000000000000001300003000015
:108730000000000000011000000000000000000028
:108740000110000000000000000000070000000011
:108750000000000000004000077CF007000000005F
:10876000001F10010A40000AF0011F000270000201
:1087700000000000000000180001001000030000CD
:108780000000077000070000000000000008C001A2
:1087900008000002700002001CA00249900741205E
:1087A000021C0011F0010000000000000000044065
:1087B0000004F0010E4000000004C0001C4000074F
:1087C0007000030002600002B0010BC0000C00FF4B
:1087D000EF7FFC831FF00006400000000000F80758
:1087E000F81F801980198019F019F0198019801963
:1087F0008019F81FF80700000000030000000117AF
:10880000000003030003031F0A1F030B1F0D0319BE
:108810000413030A151A01030000020E11000211CD
:108820000E000305020503040E04011800000304F2
:1088300004040110000003180403031F111F031296
:108840001F10031915120311151F0307041F031727
:10885000151D031E151D0301011F031F151F0317FF
:10886000151F010A0000011A000003040A11030A7F
:108870000A0A03110A0403011503030E1117031F4B
:10888000051F031F151B031F1111031F110E031FCB
:108890001511031F0501031F111D031F041F0311E1
:1088A0001F110318101F031F041B031F1010031FA9
:1088B000061F031F011F031F111F031F0507030FBF
:1088C000190F031F051A0317151D03011F01031FAD
:1088D000101F030F101F031F0C1F031B041B030794
:1088E0001C0703191513021F1100030304180211BA
:1088F0001F00030201020310101002010200030C0A
:10890000121E031F120C031E1212030C121F030C63
:108910001A1403041F050312150E031F0418011D6A
:10892000000002100D00031F041A011F0000031EA7
:10893000041E031E021E031E121E031F0906030649
:10894000091F031E02040314160A03020F12031E5A
:10895000101E030E100E031E081E031A041A03171E
:10896000140F031A121603041F11011F0000031134
:108970001F0403040C080000CDCC82415C8F8A41A7
:10898000CDCC92419A999B41CDCCA441D7A3AE4185
:10899000C3F5B8410000C44114AECF410000DC4132
:1089A000B81EE941C3F5F641CDCC02429A990A427C
:1089B0000AD712425C8F1B42CDCC24429A992E4298
:1089C0000000394200004442D7A34F4200005C42FD
:1089D0007B146942C3F57642ECD182429A998A426D
:1089E0000AD792425C8F9B42ECD1A442B89EAE4221
:1089F0000000B9420000C442F6A8CF420000DC42A9
:108A00007B14E942A4F0F6425CCF02430A970A4382
:108A10007BD412435C8F1B435CCF2443299C2E43A1
:108A2000000039430000444366A64F4300005C4306
:108A30007B146943A4F07643A4D082430A978A4307
:108A40007BD49243A4909B43A4D0A443719DAE4396
:108A5000B8FEB8430000C44366A6CF430000DC4321
:108A60007B14E943A4F0F64300D00244AE970A44D5
:108A70001FD5124400901B4400D02444719D2E4405
:108A80005CFF38445CFF43440AA74F4400005C4449
:108A90001F15694448F1764400D082445C978A44AB
:108AA0001FD5924452909B4452D0A4441F9DAE4483
:108AB0005CFFB8445CFFC3440AA7CF440000DC4419
:108AC0001F15E944F6F0F64400D002455C970A45CC
:108AD0001FD5124552901B4552D02445489D2E4526
:108AE0005CFF38455CFF43450AA74F4500005C45E5
:108AF000F61469451FF1764514D082455C978A4586
:108B00000AD592453D909B4552D0A445339DAE4534
:108B100048FFB84571FFC3450AA7CF450000DC45B3
:108B2000F614E9450AF1F645240354006500650092
:108B30006E007300790020004D0049004400490098
:108B40002F0041007500640069006F001803540095
:108B5000650065006E0073007900640075006900AF
:108B60006E006F000403090409025501060100C0EC
:108B700032080B0002020201000904000001020297
:108B8000010005240010010524010101042402064E
:108B900005240600010705820310001009040100E6
:108BA000020A0000000705030240000007058302D7
:108BB0004000000904020002010300000724010034
:108BC0000125000624020101000624020202000918
:108BD000240301030102010009240302040101012D
:108BE00000090504024000000000052501010109FB
:108BF00005840240000000000525010103080B0365
:108C000003010100000904030000010100000A241F
:108C10000100013E000204050C24020102060002CC
:108C2000030000000924030201010001000C2402DA
:108C30000301010002030000000A240631030101C0
:108C400002020009240304020600310009040400A2
:108C500000010200000904040101010200000724D0
:108C600001020301000B2402010202100144AC00C6
:108C700009058509B4000100000725010000000076
:108C800009040500000102000009040501020102B7
:108C90000000072401030301000B2402010202105B
:108CA0000144AC0009050505B40001008607250153
:108CB00000000000090586110300010500090255A6
:108CC00001060100C032080B000202020100090483
:108CD0000000010202010005240010010524010129
:108CE0000104240206052406000107058203100082
:108CF0000509040100020A00000007050302000242
:108D000000070583020002000904020002010300BB
:108D100000072401000125000624020101000624A9
:108D200002020200092403010301020100092403D5
:108D3000020401010100090504020002000000050F
:108D4000250101010905840200020000000525013A
:108D50000103080B030301010000090403000001E3
:108D60000100000A240100013E000204050C240257
:108D700001020600020300000009240302010100B1
:108D800001000C24020301010002030000000A2478
:108D90000631030101020200092403040206003126
:108DA000000904040000010200000904040101019B
:108DB000020000072401020301000B240201020249
:108DC000100144AC0009058509B400040000072522
:108DD0000100000000090405000001020000090470
:108DE00005010201020000072401030301000B2416
:108DF00002010202100144AC0009050505B400049B
:108E00000086072501000000000905861104000402
:108E100007000A060002EF02014001006CC00F408B
:108E2000030000000E0D0000794402002A36000005
:108E3000140000001300000001000000F4841F4033
:108E40002B3200001400000013000000010000009D
:108E5000F8841F402D3100001400000013000000B2
:108E600001000000F0841F402CFFFF0014000000F0
:108E700000000000000000000100000000000000F1
:108E8000EC841F4000000000000000006CC00F4098
:108E900030000000100F000079440200012700009C
:108EA00017000000120000000001000014851F40A0
:108EB0001AFF000012000000000000000100000086
:108EC00018851F401BFF000012000000000000007A
:108ED0000100000010851F400026FF001700000061
:108EE000120000000000000001010000010000006D
:108EF0000C851F400C851F40000000006CC00F4017
:108F0000C0000000504F0000694402000CFF000048
:108F100013000000000000000000000024851F4036
:108F20000BFF000013000000000000000000000024
:108F300028851F400DFF0000130000000000000006
:108F40000000000020851F400A25240013000000B7
:108F500012000000120000000102030000000000E7
:108F600000000000000000000000000080C00F4072
:108F7000000000031900000010000000E8841F40FA
:108F800001000000FF000000FF00000000000000E2
:108F9000000000001800000010000000E4841F40E2
:108FA00001000000FF000000FF00000000000000C2
:108FB000000000001F0000003549020070C00F4093
:108FC000000C00001100000011000000E0841F40B0
:108FD000020000002C00000012000000E0841F408E
:108FE000010000001000000011000000DC841F40A0
:108FF000020000002D00000012000000DC841F4071
:10900000010000001E0000002949020070C00F404E
:10901000C00000001200000013000000D0841F40B8
:1090200001000000FF000000FF0000000000000041
:10903000000000001300000013000000CC841F405B
:1090400001000000FF000000FF0000000000000021
:0C905000000000001C0000001D49020090
:10905C000000000000000000000000000000000004
:10906C0000000000000000000000000000000000F4
:10907C003628F8B554DCC5B22B4E0421070106EB9B
:10908C000014284621F0A0F90021284621F06AF9A5
:10909C00264B274948681A68264BB2FBF3F24B68FB
:1090AC001B1A9A42FBD872B60221284621F08CF981
:1090BC00F259E3689168194026D194681C4023D179
:1090CC0091680B421DD191680B421FD191680B42E4
:1090DC001ED191680B421DD191680B421CD1916835
:1090EC000B421BD1062491680B4202D10134402C57
:1090FC00F9D10421284621F067F90021284621F0F6
:10910C0031F962B62046F8BD0024FAE70124F8E7ED
:10911C000224F6E70324F4E70424F2E70524F0E73D
:10912C004FF0FF34EEE700BFFC2E0020E85000208B
:10913C00001000E040420F000548064B1B1AD90FE7
:10914C0001EBA301491002D0034B03B11847704740
:10915C00C06A0020C06A00200000000008B5054B62
:10916C001BB105490548AFF30080BDE80840FFF787
:10917C00E3BF00BF00000000E446032000C404600D
:10918C0070470023FF22C0E900234FF0FF32C0E9F3
:10919C0002237047054B10B51C6804B910BD20465E
:1091AC004FF0FF3100F086F9A468F6E7E484002064
:1091BC0070B50C4C2268531C8A42236011DB4FF4AF
:1091CC007A71094D4B4309492A680E68921B012A92
:1091DC0038BF0122B3FBF2F34380002323602B68DA
:1091EC000B6070BDB887002014500320BC87002092
:1091FC002DE9F84F2E4C0D46064600F081FA00F092
:10920C0016FA736833B121F071F82368C01A7368C9
:10921C009842F6D321F06AF8F36820601BB1284617
:10922C00B16898470546DFF894904FF0000A214F3B
:10923C00D9F80040B84614B11F4B984513D1D9F852
:10924C00004000250CB1402D29D119213046FFF7E3
:10925C00AFFF00F055FA00F0FFF900F051FABDE84D
:10926C00F84F00F00EBA23682046D3F824B0DB691F
:10927C00984701462046D847738848F8040B632B5F
:10928C00E37C98BF84F812A03BB123682046626946
:10929C00D3F804B02B466168D847A468CBE72368A1
:1092AC00204657F8041B01359B6A9847A468C9E708
:1092BC00F07B0020B8780020B8790020E4840020EE
:1092CC002DE9F74F06461546284C0191736833B1CA
:1092DC0021F00CF82368C01A73689842F6D321F079
:1092EC0005F8F36820601BB12846B168984705461D
:1092FC001F4FDFF8809007F5807AB846D9F8004008
:10930C000CB1D0450CD1D9F8004000250CB1402D42
:10931C0022D11921304603B0BDE8F04FFFF748BF0A
:10932C0023682046D3F824B0DB69984701462046D1
:10933C00D847738848F8040B632B9CBF0023A37495
:10934C00E37C3BB1236820466269D3F800B02B461E
:10935C000199D847A468D3E72368204657F8041B23
:10936C0001359B6A9847A468D0E700BFF07B0020CA
:10937C00B8780020E484002013B5044639B10022EB
:10938C0001A9ADF804208DF80620FFF799FF2046BF
:10939C0002B0BDE81040FFF7FDBE00004AB179B144
:1093AC00084B4268B3FBF1F39A422CBF4260436016
:1093BC00704721B1034BB3FBF1F34360704741603D
:1093CC00704700BF40420F00002B2DE9F041CCBF8D
:1093DC00164600261546C8BF1D46036804460F46B0
:1093EC0006EB46061B69CCBF4FF00008A846374475
:1093FC009847236820466760DB6A656198470122BD
:10940C0001460648FFF7CAFF00F07AF942462146AA
:10941C0000F04CF92046BDE8F08100BFB070002090
:10942C000148FFF7AEBE00BFB07000204069704726
:10943C0001207047807C7047817470470020704712
:10944C0003682DE9F04104465B6A0F464169984771
:10945C00E37C054633B12368204662695E683B466F
:10946C006168B0472368294620469B6ABDE8F041F5
:10947C00184770470B4B4FF0FF3203600023C2605C
:10948C0002F18172C0E90133C0E90423064B836108
:10949C00064B1A6802B91860054B1A6802B1906045
:1094AC00186070475826002070170300E4840020D1
:1094BC00E884002043686BB1406931EA210228BF7F
:1094CC00024600218242A8BF0246184602EB420225
:1094DC0028F079BF704710B50446FFF7EBFF002169
:1094EC00236820469B69BDE810401847F0B5164626
:1094FC0001F10F0501F10C0785B004462A463946E7
:10950C00304600F070F88DF80C00C0F30723C0F360
:10951C00074039468DF80E00FF208DF80D30039B67
:10952C00ADF808301B0CBDF808208DF80A302280ED
:10953C002A46A37000F057F8C0F307238DF80800F3
:10954C00C0F30740A6718DF809308DF80A0020464B
:10955C00029BADF804301B0CBDF804206371A4F819
:10956C00032005B0F0BD30B52AB1FF2A04D10B8819
:10957C0003808B78837030BD0C78057844EA052322
:10958C0005FB1233457804FB02331B0A03704C783D
:10959C0044EA052305FB123304FB023384781B0ACF
:1095AC004370897841EA042304FB123301FB023334
:1095BC001B0ADFE713B5048883786846ADF80040D2
:1095CC008DF80230FFF7CFFF009B0020DAB262F378
:1095DC000700C3F30722C3F3074362F30F2063F3BF
:1095EC00174002B010BD37B50024ADF800408DF81F
:1095FC00024068B10D5D45B1135D33B1013305FB1C
:10960C00033343431B0C0DF804300134032CF1D10C
:10961C00009B0020DAB262F30700C3F30722C3F306
:10962C00074362F30F2063F3174003B030BD30B52E
:10963C0093B00146442201AC204621F0CBF8119A9C
:10964C0004EBC205A54201D113B030BD54F8080B90
:10965C0003689B689847F5E730B593B00146442200
:10966C0001AC204621F0B6F8119A04EBC205A542D4
:10967C0001D113B030BD54F8080B0368DB68984770
:10968C00F5E730B593B00146442201AC204621F0F9
:10969C00A1F8119A04EBC205A54201D113B030BD5B
:1096AC0054F8080B03681B699847F5E7F0B593B0BD
:1096BC000E461746014601AC4422204621F08AF89A
:1096CC00119B04EBC305A54201D113B0F0BD54F8B6
:1096DC00080B3A46314603685B699847F3E700008C
:1096EC00054A0648136813F0010301BF03490B64D4
:1096FC0001231360704700BFF477002024870020FB
:10970C0008B5FFF7EDFF08BDB0F5F75F4FF00101AD
:10971C0097BF4209FF220832D2B210B58B185B10EA
:10972C0003FB03F4A4B2844206D9013BDAB29142A2
:10973C00F4D90139C8B210BDFF2B02D00133D9B214
:10974C00F5E71846F7E7F0B507784FF0560345787C
:10975C00FE00847807F0400207F02000F6B23F06C6
:10976C0016FB03F34FEA132350D4002A39D198BBCC
:10977C001A4683F0FF03FF2D18D0002D6FD085F013
:10978C00FF0515FB05F52D0A6E1C85F0FF0513FB77
:10979C0005F312FB05F210FB05F506EB232306EB94
:1097AC00222206EB2526DBB2D2B2F0B2FF2C0FD070
:1097BC00002C58D014FB04F424120234E4B213FB32
:1097CC0004F312FB04F210FB04F41B12121220120D
:1097DC000B704A708870F0BD55331046DAB2AB236B
:1097EC00C9E760B94FF0AB0216FB02F66FF05402FA
:1097FC00A2EB1626A3F15602D2B2F3B2BBE74FF09E
:10980C000002DA4318460023D2B2B4E792B970B919
:10981C004FF0AB036FF0540216FB03F6330AA2EBC6
:10982C00162203F155060346D2B2F0B2A3E7D84391
:10983C00C0B2A0E74FF0000248B903F15506C3F1DE
:10984C00FF23024603F57F03AB33D8B2D5E7A3F170
:10985C005606C3F155000022F3B2C0B28BE7FF20CD
:10986C0002460346A2E7204622462346B0E72DE9EE
:10987C00F8430C7805464F78A1468B78BC4228BF3C
:10988C00B946994528BF9946A4EB0904A7EB0907EB
:10989C00A3EB090389F0FF06E4B2FFB25FFA83F889
:1098AC00B9F1000F08D0C6F1FF00000200F47F40B0
:1098BC00FFF72AFFC643F6B2E31913EB080306D1F0
:1098CC00F6432B706B70AE702846BDE8F883FF2E04
:1098DC0010D0012E4FF6FF7338BF0126B3FBF6F301
:1098EC005C435F4303FB08F3C4F30724C7F3072768
:1098FC00C3F30728E3194344FE2B37D8012B4FF64B
:10990C00FF7238BF01239BB2B2FBF3F254435743AF
:10991C0002FB08F2C4F30724C7F30727C2F3072896
:10992C009944B9F1FF0F23DC5FFA89F0FF2805D0C9
:10993C004FEA092909F47F40FFF7E6FEBC422346B3
:10994C0038BF3B46434538BF4346A34229D18FB964
:10995C00803C24EAE47404EB440304EB43131B1231
:10996C00303B01336E70A8702B70ADE7FF2BD7D056
:10997C00FF20E3E7E31B9F4205DA07EB470307EB06
:10998C0043131B12EDE707F156031B1BDBB2043B21
:10999C0023EAE37303EB430203EB42131B12203362
:1099AC00DFE7BB422DD1B8F1000F14D1AB3FC4F1AE
:1099BC00AB0427EAE77724EAE47407EB470304EBEC
:1099CC00440407EB431744F3171303EB2723C3F3A8
:1099DC0046034033C5E7A7EB0807B84506DA08EBA2
:1099EC00480308EB43131B126033BAE7A8F1550385
:1099FC0023EAE373C3EBC303C3EBC3031B12803B28
:109A0C00AFE754B9A8F1800323EAE373C3EBC303B4
:109A1C00C3EBC3031B12783BA3E7A8EB04039C42E4
:109A2C0006DA04EB440304EB43131B12603B98E788
:109A3C00553C24EAE47404EB440304EB43131B127B
:109A4C00403B8EE710B504461FF0E6FB204610BDE8
:109A5C0008B5104B0021104803F120021A601FF0CA
:109A6C0081FB0E4A0E490C4823F04EFB00210D4899
:109A7C001FF078FB094A0A490A4823F045FB0021EC
:109A8C0009481FF06FFB054A05490748BDE8084027
:109A9C0023F03ABB206B0020047C0020C85A002025
:109AAC00F50900000C7C0020147C00204FF0FF33E3
:109ABC008B40C31A013B13EA200338BF034643FA19
:109ACC0001F0B0F5004F04DA10F5004F04DB00B2E2
:109ADC00704747F6FF707047004870470080FFFFE3
:109AEC000E4B10B50360002341721C4602610372D9
:109AFC00C360994208DC0A4A13684BB91060002312
:109B0C0043614360837210BD42F823400133F0E798
:109B1C001A465B69002BFBD15061F0E71026002040
:109B2C002084002038B5044640F6B80200212030CD
:109B3C0028F049FC40F64812002104F6D80028F021
:109B4C0042FC40F6FA12002104F5915028F03BFC3F
:109B5C0004F5E05040F6982200211A30002528F038
:109B6C0032FC04F51A5040F61C320021323028F039
:109B7C002AFC04F5475040F6A63200210E3028F09E
:109B8C0022FC04F5755040F62A420021343028F0AE
:109B9C001AFC04F5934040F6A24200211E3028F036
:109BAC0012FC04F5A04304F5AC404FF48B62C3F8EF
:109BBC0040562946C3F844566630C3F84856C3F895
:109BCC004C56C3F85056C3F85456C3F85856C3F8FD
:109BDC005C5628F0F8FB04F5B54040F27232294689
:109BEC003E3028F0F0FB04F5BC4040F2AA22294696
:109BFC00303028F0E8FB04F5C14004F5C0444FF4C4
:109C0C00E17229465A3028F0DEFBC4E9A75538BD6D
:109C1C00437E2DE9F04F0446B3B01BB1FFF782FF32
:109C2C0000236376237E03F0FF0B5BB100212046FB
:109C3C001FF042F9002800F0B18233B0BDE8F04FBC
:109C4C001FF0FEB81FF0B8F803900028EED059466C
:109C5C0020461FF031F904F5A042184B04F5C04A18
:109C6C00B2F96496002808BF1846B2F9623601931F
:109C7C00B2F950360D900E93B2F960360293B2F9E8
:109C8C0052360F93B2F954361093B2F956361193EB
:109C9C00B2F958361293B2F95A361393B2F95C36BC
:109CAC001493B2F95E361593831C1693039B0233FF
:109CBC00209300F581732E9302E000BFE63600205E
:109CCC00169B112133F8020F169342F2222310FB3C
:109CDC0003F0FFF7EBFEB2F8407680460E9804EBEB
:109CEC0047030F21B3F920502F93029B5843019B3C
:109CFC0005FB0300FFF7DAFE0E9000FB09F0FFF7FF
:109D0C00D5FE00214044FFF7D1FE219004EB470320
:109D1C000137019E1884BBB2B2F84276049340F22C
:109D2C005B4304990F98994288BF594604EB47034B
:109D3C00A2F840160491029930934843B3F9D838ED
:109D4C000F2106FB03001D44FFF7B0FE0F9009FB2B
:109D5C0000F0FFF7ABFE00214044FFF7A7FE229076
:109D6C0004EB47030137A3F8D808BBB2B2F844762A
:109D7C00059340F2A34305991098994288BF594620
:109D8C0004EB47030137A2F8421603F58053059103
:109D9C00029917934843B3F920320F2106FB0300B5
:109DAC001D44FFF783FE109009FB00F0FFF77EFEC9
:109DBC0000214044FFF77AFE179B2390A3F8200262
:109DCC00BBB2069340F2FC430699B2F84676994230
:109DDC0088BF5946119804EB47030137A2F8441683
:109DEC0003F580530691029918934843B3F91A3C32
:109DFC000F2106FB03001D44FFF758FE119009FBD1
:109E0C0000F0FFF753FE00214044FFF74FFE189B74
:109E1C002490A3F81A0CBBB2B2F84876079340F220
:109E2C004B5307991298994288BF594604EB470344
:109E3C000137A2F8461603F50053079102991993BE
:109E4C004843B3F9B2360F2106FB03001D44FFF75C
:109E5C002DFE129009FB00F0FFF728FE0021404474
:109E6C00FFF724FE199B2590A3F8B206BBB2B2F8FB
:109E7C004A76089340F28D5308991398994288BFFB
:109E8C00594604EB47030137A2F8481603F5405333
:109E9C00089102991A934843B3F9CE310F2106FB6E
:109EAC0003001D44FFF702FE139009FB00F0FFF7BF
:109EBC00FDFD00214044FFF7F9FD1A9B2690A3F805
:109ECC00CE01BBB2099340F2D2530999994288BF93
:109EDC0059460991A2F84A16B2F84C76149804EB3C
:109EEC0047030299013703F5405348430F211B9355
:109EFC00B3F9743D06FB03001D44FFF7D7FD149026
:109F0C0009FB00F0FFF7D2FD00214044FFF7CEFD26
:109F1C001B9B2790A3F8740DBBB2B2F84E760A9334
:109F2C0040F214630A991598994288BF594604EB7C
:109F3C0047030137A2F84C1603F580430A910299A6
:109F4C001C934843B3F99E390F2106FB03001D44B3
:109F5C00FFF7ACFD159009FB00F0ED10FFF7A6FD27
:109F6C0000214044FFF7A2FD1C9B28900E21A3F872
:109F7C009E09BBB247F6E120B3F5CA6F88BF5B46BA
:109F8C006843A2F84E360B93FFF790FDBAF89C622B
:109F9C000546002104EB460303F5A043B3F96676AE
:109FAC001D9300EB6700FFF781FD01211D9B0E4403
:109FBC002990A3F86606781BFFF778FDBAF89E7215
:109FCC00B3B205460021B3F50B7F28BF0023AAF8D6
:109FDC009C320C9304EB470303F5A043B3F9BE6A20
:109FEC001E9300EB6600FFF761FD01211E9B0F44E1
:109FFC002A90A3F8BE0A701BFFF758FDBAF8A062AE
:10A00C00BFB2054604EB46030021B7F5DC7F03F530
:10A01C00A04388BF00271F93AAF89E72B3F9308E15
:10A02C0000EB6800FFF742FD01211F9B0E442B90B3
:10A03C00A3F8300EA8EB0500FFF738FDBAF8A252D2
:10A04C00B6B2002104EB45082C90B6F5AA7F08F5B2
:10A05C00C04888BF0026AAF8A062B8F9DA3000EB35
:10A06C0063003193FFF722FD0121319B0D442D90AC
:10A07C00A8F8DA002C98ADB2181AFFF717FDE12DED
:10A08C004FF000014FEAC00028BF0025AAF8A252E9
:10A09C00FFF70CFD209B844623F8020F16982093A3
:10A0AC002E9B83427FF40CAE04F5A0430E9A2198AC
:10A0BC00A3F850262F9A1084049A2298A3F84026CD
:10A0CC000F9AA3F85226309AA2F8D808059A23982A
:10A0DC00A3F84226109AA3F85426179AA2F8200245
:10A0EC00069A2498A3F84426119AA3F85626189A8F
:10A0FC00A2F81A0C079A2598A3F84626129AA3F8E8
:10A10C005826199AA2F8B206089A2698A3F8482657
:10A11C00139AA3F85A261A9AA2F8CE01099A2798EC
:10A12C00A3F84A26149AA3F85C261B9AA2F8740D7D
:10A13C000A9A2898A3F84C26159AA3F85E261C9A1E
:10A14C00A2F89E0920460B9AA3F84E261D9B299A2D
:10A15C00A3F866260C9B2A9AAAF89C321E9BA3F89D
:10A16C00BE2AAAF89E721F9B2B9AA3F8302E0A4681
:10A17C002D9BAAF8A062A8F8DA30039BAAF8A25289
:10A18C001946A3F802C11EF083FE03981EF058FE78
:10A19C00044B0D9A9A4201D010464EE533B0BDE8FF
:10A1AC00F08F00BFE636002038B500F11C0201210B
:10A1BC000546FFF795FC414B002440F6B80205F12B
:10A1CC0020002B60012321462B766C7628F0FBF8BF
:10A1DC00214640F6481205F6D80028F0F4F821463E
:10A1EC0040F6FA1205F5915028F0EDF805F5E0501F
:10A1FC00214640F698221A3028F0E5F805F51A5059
:10A20C00214640F61C32323028F0DDF805F5475077
:10A21C00214640F6A6320E3028F0D5F805F57550DB
:10A22C00214640F62A42343028F0CDF805F593400B
:10A23C00214640F6A2421E3028F0C5F805F5A04391
:10A24C001F4A05F5AC40C3F840462146C3F86026CA
:10A25C0046F68432C3F844466630C3F84846C3F821
:10A26C004C46C3F85046C3F85446C3F85846C3F896
:10A27C005C46A3F864264FF48B6228F0A4F805F52D
:10A28C00B540214640F272323E3028F09CF805F57C
:10A29C00BC40214640F2AA22303028F094F805F553
:10A2AC00C1404FF4E17221465A3028F08CF805F584
:10A2BC00C0432846C3E9A74438BD00BFF828002096
:10A2CC009919676600207047704710B5047803FB36
:10A2DC00044424120470087803FB00000012087078
:10A2EC00117803FB01110912117010BD70B51C1E01
:10A2FC00057815FB03F618BF012404EB1626F6B2FD
:10A30C00002D18BF35460570087810FB03F504EBDB
:10A31C001525EDB2002818BF28460870117811FBDE
:10A32C0003F304EB1324E4B2002918BF2146117087
:10A33C0070BD006910B10368DB681847704700698D
:10A34C0010B103681B6918477047006910B10368A6
:10A35C005B6918474FF0FF307047006910B1036814
:10A36C009B691847704707B5006918B94FF0FF3063
:10A37C0003B000BD002301220DF107018DF8073059
:10A38C0003689B6898470028F0D09DF80700EFE71A
:10A39C0007B500698DF8071028B1036801220DF18B
:10A3AC000701DB68984703B000BDD0F8C43133F91E
:10A3BC0011007047D0F8C40170470000044B4FF4F3
:10A3CC007A7203600023C0E90132037303617047A2
:10A3DC0004290020054B10B504460360806910B1B8
:10A3EC0003685B689847204610BD00BFC02700205B
:10A3FC00431E0D2B9DBF43F2FF40D84000F00100DF
:10A40C0000207047431E072B01D8013070470B28E2
:10A41C0005D0A0F10D03012B03D80B3870470C208D
:10A42C0070474FF0FF307047084B1B6853B1B3F5C2
:10A43C00807F09D84FF48070B0FBF3F01028A8BFD0
:10A44C00102070471020F9E701207047A05F002012
:10A45C000D4B1B7853B10D4B1A68012A38BF0122E2
:10A46C000B4B596A29B901225A6204E04FF48072ED
:10A47C00F6E79142F8D89A6A12B901229A627047AB
:10A48C00102AFCD91022F9E701680320A05F0020F4
:10A49C00EC500020034B0022DA821A835A839A83F1
:10A4AC00704700BFD481202001280246064B4FF094
:10A4BC00010038BF01221978914204D001300133D8
:10A4CC000C28F8D10120704738860160044B02211A
:10A4DC00044A1B68D1540021034AD154704700BF71
:10A4EC00048C002036800320F88003207047000085
:10A4FC000E490022F0B50E4CA1F183050D4E14F857
:10A50C00013B01F1110002EB060C01F8013F45F88B
:10A51C00043F00231CF80370C7541033B3F5807F3D
:10A52C00F8D10132102AEAD1F0BD00BF4FA7057057
:10A53C00C8782020D8782020074B1B68022B09D123
:10A54C00064B187838B1064B1868102894BF0020B9
:10A55C0001207047002070478C5E0020E2800320B1
:10A56C00A05F002010B50446FFF7E6FFC8B1032C2E
:10A57C000D4B28BF032413F8140003EB44035B7842
:10A58C00087013700B780BB901230B70117899427A
:10A59C003CBF13701946054B1B68994288BF13705A
:10A5AC0010BD034BE7E700BF454F0020A05F002024
:10A5BC00193B002070B501EB810555260D4C002B85
:10A5CC0006FB0055625512DD7F2BA8BF7F23552259
:10A5DC0001EB810102FB0011621853709DF81030E1
:10A5EC0093709DF81430D370FF23137170BD012349
:10A5FC00EDE700BF395FF670102808BF00207047E8
:10A60C00024B187808B100221A7070477368032047
:10A61C0001444FF0FF3330B510F8012B53400822A2
:10A62C0043F30005054C013A05EA040484EA53039C
:10A63C00F6D18142F0D1D84330BD00BF2083B8EDB4
:10A64C001FB5C0F30721C0F30742C0B291420B46BD
:10A65C0038BF134653EA00041ED083428DF80A20FB
:10A66C008DF8080038BF03468DF8091002A80DF1CB
:10A67C0009011A4641F2EC33B3FBF2F3FF2B0DF157
:10A68C000A0228BFFF23DBB2FFF730FE9DF808401B
:10A69C009DF809109DF80A20002064F3070061F36F
:10A6AC000F2062F3174004B010BD000013B51B4A15
:10A6BC0000EB40008318105C59789A780B46914255
:10A6CC0038BF134653EA00041ED083428DF8022093
:10A6DC008DF8000038BF03468DF8011068460DF167
:10A6EC0001011A4647F28873B3FBF2F3FF2B0DF10D
:10A6FC00020228BFFF23DBB2FFF7F8FD9DF80040F4
:10A70C009DF801109DF80220002064F3070061F30E
:10A71C000F2062F3174002B010BD00BF4880032029
:10A72C0000F1280200F138030549064810B552F82B
:10A73C00044F60409A4201FB00F0F8D110BD00BFFD
:10A74C0093010001C59D1C810B280DD0A0F10D03B8
:10A75C00012B94BF0B38013008443C38002805DD30
:10A76C000F2805DCC0B270470C20F5E70C30F5E77C
:10A77C000C38F5E7064B1B6833B1022B06D1054BA1
:10A78C00187880F001007047012070470020704756
:10A79C008C4A0320D8800320C0430A4430B5914230
:10A7AC0001D1C04330BD11F8013B5840082340F3A0
:10A7BC000005044C013B05EA040484EA5000F6D180
:10A7CC00EDE700BF2083B8ED034B1A68034B1A600A
:10A7DC000122034B1A70704714500320C4790020D7
:10A7EC00AB6803200346184613F8012B202AFAD035
:10A7FC00092AF8D070470000082822D8134B53F8C8
:10A80C002020F2B1B5EEC00AF1EE10FA1AD4F7EE30
:10A81C00007AB4EEE70AF1EE10FA37FE800AF6EE93
:10A82C00007A9FED0B7A9169E0EE077AFDEEE77AFC
:10A83C0017EE903AC2ED087A11B191F8701101B986
:10A84C00D36170479FED030AE9E700BFA0640020C5
:10A85C0000008047000000000B68036070470B6825
:10A86C00036070477047704708207047704710B5F9
:10A87C000446FFF7AFFD2421204620F04BF820467C
:10A88C0010BD10B50446806D18B127F0DDF900231A
:10A89C00A365236D2BB104F11800BDE810401AF02C
:10A8AC00B9BA636D002BF6D110BD0000064B10B584
:10A8BC0003600446FFF7E5FF044B04F11800A360A6
:10A8CC001AF0A8FA204610BD54290020E0250020DB
:10A8DC0010B50446FFF7EAFF5C21204620F01AF879
:10A8EC00204610BD38B5064CC5012F2104EBC01015
:10A8FC0027F0C3FD10B10023037038BD6055FCE791
:10A90C0048DB007010B5046D11464CB19BB9204664
:10A91C0018F0CEFE78B12046BDE8104019F0A7BA69
:10A92C00446D44B1204617F06FFB20B12046BDE8C2
:10A93C00104018F010B9002010BD000000000000FD
:10A94C00132808B517D9B0F5967FA8BF4FF49670A9
:10A95C0007EE900AB7EE003BB3EE042BB8EE670B94
:10A96C009FED074B9FED081B1DF0A4FFFDEEC07B78
:10A97C0017EE900A08BD1420EAE700BFAFF3008081
:10A98C000000000000C058400000000000C07240F1
:10A99C009FED133B00EE100AB0EE084BB3EE002B0C
:10A9AC00B0EE431BB8EE400B08B51DF083FFFDEE77
:10A9BC00C07B17EE903A002B0ADB032B0ADC012B31
:10A9CC000AD0022B0AD0002B14BF0320042008BD90
:10A9DC000420FCE70320FAE70220F8E70020F6E762
:10A9EC0000000000000000002DE9F843C669054690
:10A9FC000C46E6B94F6807EB470027F01DF9804677
:10AA0C0028620C20784327F017F9814668621C20D5
:10AA1C001FF07AFF182307804380FF23866103759C
:10AA2C00E861C0E90198C0E903661AF003FF2A6ADD
:10AA3C00A3680332002B04DCE869BDE8F8431AF084
:10AA4C00E1BF23689B7823B1A17B0B44FF2BA8BFEC
:10AA5C00FF2394F8361001FB03331B1202F8033C5E
:10AA6C0023681B7823B1217B0B44FF2BA8BFFF234A
:10AA7C0094F8341001FB03331B1202F8023C2368D8
:10AA8C005B7823B1617B0B44FF2BA8BFFF2394F8A9
:10AA9C00351001FB03331B1202F8013C217BE37BD5
:10AAAC005B1A617B2373237C5B1AA17B6373637CCE
:10AABC005B1A94F91210A37323680B442360A368E8
:10AACC00013BA360B4E72DE9F843C66905460C4683
:10AADC00E6B94F6807EB470027F0AEF880462862CE
:10AAEC000C20784327F0A8F8814668621C201FF0E0
:10AAFC000BFF112307804380FF2386610375E861F8
:10AB0C00C0E90198C0E903661AF094FE2A6AA368AA
:10AB1C000332002B04DCE869BDE8F8431AF072BF7D
:10AB2C0023689B7823B1A17B0B44FF2BA8BFFF2389
:10AB3C0094F8361001FB03331B1202F8033C236814
:10AB4C001B7823B1217B0B44FF2BA8BFFF2394F868
:10AB5C00341001FB03331B1202F8023C23685B78B0
:10AB6C0023B1617B0B44FF2BA8BFFF2394F8351056
:10AB7C0001FB03331B1202F8013C217BE37B5B1AC4
:10AB8C00617B2373237C5B1AA17B6373637C5B1AED
:10AB9C0094F91210A37323680B442360A368013B40
:10ABAC00A360B4E738B5054627F086FD042816D90E
:10ABBC0004382B5C2C182E2B11D1607827F03EFA20
:10ABCC0077280CD1A07827F039FA612807D1E078E2
:10ABDC0027F034FAA0F176035842584138BD0020D2
:10ABEC00FCE70000F8B5134C23881F2B01D900207B
:10ABFC00F8BD114E30880028F9D00C251FF042F911
:10AC0C00238882B20D48002107461FFA81FC634558
:10AC1C0005D8591C012027F813202180E8E730F8CB
:10AC2C0002CB01319445F0D130888342F1D2013D01
:10AC3C00E4D1DCE7765A03207A5A0320365A0320F3
:10AC4C00036810B51C68002CB8BF43684FF0640053
:10AC5C00B8BF93F900401FF015F931288CBF4FF0A5
:10AC6C00FF3301231C440C230C3494FBF3F003FB43
:10AC7C00104010BD70B5094D2E6821F025FC04461E
:10AC8C0040B9FEF77DFA2B689B1B1D2BF5D9044BA5
:10AC9C001C6070BD21F050FCEFE700BF1450032086
:10ACAC006878002010B504461EF0A0FE204610BDAA
:10ACBC0010B50A4C237823B109481EF097FE0023E7
:10ACCC002370084B4FF480021978074B11B1C3F86D
:10ACDC00882010BDC3F88420FBE700BF76680320F2
:10ACEC007457002086660020008000422DE9F8434E
:10ACFC000E4D81460E4600242F684EF66028311BFF
:10AD0C0009EB040021F026FC60B92B68DB1B4345E2
:10AD1C0006D8FEF735FAA642F1D821F011FD012034
:10AD2C00BDE8F88304442F68F3E700BF14500320F8
:10AD3C0010B504461FF0BBF8204610BD831E0D2B2A
:10AD4C000CD8074B1B783BB9A0F10A030D2818BF90
:10AD5C00012B8CBF01230023184670470023FBE70F
:10AD6C00D180032008B50B4B1B7883B9FFF75CFB34
:10AD7C00094B1B68032B09D0084B1B7833B1084BCC
:10AD8C001B68002B02DD9842A8BF184608BD0120A5
:10AD9C00FCE700BF01680320AC610020CB5B032003
:10ADAC00885E0020312810B50DD8074BC2101954FD
:10ADBC000123064900F007008C5C03FA00F02043E5
:10ADCC008854034A137010BD786803200C68032064
:10ADDC0009680320A0F13003DAB2092A01D8184619
:10ADEC007047A0F16103052B01D857387047A0F1CB
:10ADFC004103052B94BF37384FF0FF3070470000EC
:10AE0C000C4B1B68022B0ED10C233C3991FBF3F23B
:10AE1C0003FB1211481C0028D8BF01F10D000828B3
:10AE2C00A8BF08207047044B1B780BB9034B58681C
:10AE3C00704700BF9C640020C95B0320EC500020CD
:10AE4C0006490B7843B10023054A18460133D070EC
:10AE5C000532192BFAD10870704700BFFC6703202C
:10AE6C007C690320084B10B453F820408C4208D066
:10AE7C0043F820104C22054B10BC02FB00301DF097
:10AE8C0063BF10BC704700BF90590020806F00203A
:10AE9C00084B10B453F820408C4208D043F82010D3
:10AEAC004C22054B10BC02FB00301DF04DBF10BCFA
:10AEBC00704700BFA4580020806F0020144B002066
:10AECC0010B51A88134C207002B31349B1F9003035
:10AEDC008342BCBF0346088010B29842DCBF02F12B
:10AEEC00FF3213B20D4AD8BF0B8032F813300C4A24
:10AEFC0012889A420AD960200A495F2200FB03118A
:10AF0C00044827F0A7FA002384F85F3010BD00BF77
:10AF1C00765A032013680320785A0320365A0320EC
:10AF2C007A5A0320C8F700706B2808B505D8104B67
:10AF3C0003EB800393ED000A08BD07EE900AF2EED6
:10AF4C00080AB0EE000AF8EEE77AC7EEA00A25F080
:10AF5C0097FCB7EEC00A9FED047B20EE070BB7EE13
:10AF6C00C00BE9E7AFF300809A9999999959304051
:10AF7C0078890160DFED0B7AB4EEE70AF1EE10FA96
:10AF8C0007DCDFED097AF4EEC07AF1EE10FA77FE09
:10AF9C00807AFEEEC87A063117EE903A40F82130EE
:10AFAC00704700BF00FEFF4600FEFFC60A4A13783A
:10AFBC0083B10A4B0A491B6809685B1A43F698214E
:10AFCC008B4207D900231370064B1B7813B1064B29
:10AFDC0001221A70704700BFAB6803201450032085
:10AFEC00C4790020B85E032073680320074B10B5AA
:10AFFC00044653F8200008B11BF0D7FB0023044A89
:10B00C001355044A1355044A135510BD105C002007
:10B01C0004822020F481202064812020164B82B0F1
:10B02C001B781BB1062002B0FFF740BB134B1B78FB
:10B03C000BB10720F7E7124B1B780BB10820F2E796
:10B04C00104B1B780BB10520EDE70F4B187808B1AE
:10B05C000E20E8E70D4B1A889B78ADF800209DF880
:10B06C00002062F307009DF8012062F30F2063F3C8
:10B07C00174002B0704700BFD3800320D580032057
:10B08C00D4800320D6800320D28003209C4E002045
:10B09C000928074BA8BF092020EAE0701B5C07EECB
:10B0AC00903A044BF8EE677AC3ED007A704700BF14
:10B0BC00904F00200CA6057070B5234C2468022C10
:10B0CC001CD1224D2C68102C18D90138204E56F862
:10B0DC00200000281EDC01240C60411C00291DDD11
:10B0EC002C68A142A8BF21461160821C002A17DDE2
:10B0FC0029688A42A8BF0A461A6070BD032817D077
:10B10C0004281BD002280DD00120086002211160F8
:10B11C000322F1E78442A8BF0446DDE70121E3E7FF
:10B12C000122E9E705200860062111600722E3E708
:10B13C00092008600A2111600B22DDE70D20086050
:10B14C000E2111600F22D7E78C5E0020A05F00203B
:10B15C00DC2A00202DE9F0430E4691B000283FD0A8
:10B16C000378074601302F2BFAD05C2BF8D0002B3C
:10B17C005BD12F23337000237370012031E02F2B10
:10B18C0032D05C2B30D03A466946002513781746EE
:10B19C003BB12F2B05D05C2B03D00135402D38D182
:10B1AC003F2505F1400300226B4403F8402C2DB3DE
:10B1BC002049684627F06EFA00B31F49684627F00D
:10B1CC0069FA68B14CB3331913F8013C2F2B1EBF2D
:10B1DC002F233355444605EB0408B8F17F0F1DD9D6
:10B1EC00002011B0BDE8F08324B1331913F8013CF1
:10B1FC002F2B02D006F80490444601373B781BB144
:10B20C007F2C04F10108BAD100233355002CB0D0A7
:10B21C00B3E7013201F8013BB8E7A84630192A46DA
:10B22C00694644461FF0D6FAE8E700244FF02F0990
:10B23C00E4E700BF873B0020863B0020F0B5204DA3
:10B24C0085B000244EF660262F682B68DB1BB342BA
:10B25C002CD900201AE0C0B20A2819D144B104F14B
:10B26C000F02631E6A4412F8102C0D2A08BF1C46EC
:10B27C0004F11003134968460DEB0304002304F892
:10B28C00103C27F0A9F8B0FA80F0400905B0F0BDE9
:10B29C000D280BD0631C0F2B97BF04F11002002458
:10B2AC000DEB020404F8100C98BF1C4621F00CF9AD
:10B2BC0018B121F041F90028CDDAFDF761FFC4E7A0
:10B2CC00145003203042002038B5C2010A4B0D4601
:10B2DC0003EBC0149B5C6BB12F21204627F0CDF8FB
:10B2EC0000B1441C40222146284627F0B3F8002325
:10B2FC0085F8403038BD00BF48DB007038B50A4BCC
:10B30C000D462F21002814BF04461C46204627F06A
:10B31C00B4F800B1441C40222146284627F09AF884
:10B32C00002385F8403038BDCE41002013B50346CC
:10B33C00006D0C4678B10DF1060201A918F09CFBCA
:10B34C0030B1BDF80430BDF8062053EA02010BD130
:10B35C00002002B010BD586D0028F9D00DF1060286
:10B36C0001A916F020FDEBE702F01F0101204900B6
:10B37C002170C2F34511D20A6170A27003F01F0252
:10B38C002271C3F343125B0A013A03F5EA6362715B
:10B39C00A371DEE713B50346006D0C4678B10DF1D1
:10B3AC00060201A918F058FB30B1BDF80430BDF805
:10B3BC00062053EA02010BD1002002B010BD586DDB
:10B3CC000028F9D00DF1060201A916F0DCFCEBE720
:10B3DC0002F01F01012049002170C2F34511D20A6D
:10B3EC006170A27003F01F022271C3F343125B0A57
:10B3FC00013A03F5EA636271A371DEE7036D13B1E1
:10B40C00586900217047436D13B1D3E900017047AF
:10B41C001846F6E770B505460824072100202E686B
:10B42C001EF03BFD6B6830561A6800239A4200DC14
:10B43C0070BDA968C956814201D00133F6E7013CC1
:10B44C00EBD12D68072120461EF027FD2856EFE78B
:10B45C000B460A4910B451F8234094420BD041F8E2
:10B46C002320017839B111464C20054A10BC00FB51
:10B47C0003201DF069BC10BC704700BFA05A00200F
:10B48C00806F002021EAE171426B036B914210B492
:10B49C00A8BF02F1FF31C46B026804FB01311269D1
:10B4AC0010BC1047012A02D1016000207047022A0B
:10B4BC0005D0032AF9D0002AF7D10260F5E70B6812
:10B4CC000360F2E703681B681847F8B50C469DF853
:10B4DC0018100546174601391E46C9B20F2918D84F
:10B4EC00230616D5436D214304F0EF041868FFF7CB
:10B4FC00E9FF6B6D07F07F011868FFF7E3FFC02CC5
:10B50C0007D06A6D06F07F011068BDE8F840FFF7C0
:10B51C00D9BFF8BD03681847054B1B68102B06DD17
:10B52C00013B013858430F23B0FBF3F00130704757
:10B53C00A05F0020084B10B453F820408C4208D078
:10B54C0043F820104C22054B10BC02FB00301DF0C0
:10B55C00FBBB10BC704700BFBC580020806F0020A4
:10B56C0070B503780646B3B10B4D2C88B4F5006F5B
:10B57C0011D227F0A1F801385E280CD86022074BB5
:10B58C00314602FB04305F2226F064FF01340022B6
:10B59C002C8080F85F2070BD7A5A0320C8F70070A9
:10B5AC0073B54E1E0F2E0DD801EB81045526064D9A
:10B5BC0006FB00442C5D2CB964240125CDE9004523
:10B5CC00FEF7F8FF02B070BD395FF670084B10B48F
:10B5DC0053F820408C4208D043F820104C22054BE5
:10B5EC0010BC02FB00301DF0AFBB10BC704700BF9D
:10B5FC00F8580020806F0020094B0C22D3ED007A04
:10B60C00084BFDEEE77A1B6817EE90CA02FB0C3371
:10B61C00020654BF3C3801F1FF301844704700BF9C
:10B62C005C7B202020500320074B10B553F82130B1
:10B63C000C246343040653BFC018D018013148389A
:10B64C0048BF401A10BD00BFA8A8F570044B1B786A
:10B65C0023B90123034A1370034A1370704700BFC8
:10B66C00B2800320FE800320F480032010B1036815
:10B67C009B6B18477047000010B103685B6B184751
:10B68C0000487047CE41002010B103681B6B18476F
:10B69C00704700002DE9F04107460069FFF7F4FF01
:10B6AC00044618BB2046BDE8F0810D2807D00A28B7
:10B6BC0010D06B1CB3F5806F01D270551D46384607
:10B6CC0005EB0608FEF73BFE20B13846FEF74BFEB5
:10B6DC00431CEAD1002388F80030002DE2D1384613
:10B6EC00FEF72DFE041E18BF0124DBE70025014EDA
:10B6FC00E5E700BF4850007010B103689B6A18471B
:10B70C0000200021704713B520B10168002400947B
:10B71C00096A884702B010BD10B103689B681847CE
:10B72C00704700232DE9F043054687B091460B6026
:10B73C0000698846136000220023FFF7E4FF0C2207
:10B74C0028690DEB0201FFF7E7FF0C2871D19DF87A
:10B75C000C30522B6DD19DF80D30492B69D19DF8D1
:10B76C000E30462B65D19DF80F30462B61D19DF8DC
:10B77C001430572B5DD19DF81530412B59D19DF8C4
:10B78C001630562B55D19DF81730452B51D12869C1
:10B79C006526FFF7B1FF0C22074600232869FFF747
:10B7AC00B2FF2846FEF7CBFD002842D0013E40D028
:10B7BC00042228690DEB0201FFF7AEFF04280246B4
:10B7CC0037D102A92869FFF7A7FF042831D12869CE
:10B7DC00029C10B103685B6A9847A74229D32318CF
:10B7EC00BB4226D89DF80430642B16D19DF8053049
:10B7FC00612B12D19DF80630742B0ED19DF80730B9
:10B80C00612B0AD1012CC8F80000C9F8004094BF84
:10B81C000020012007B0BDE8F083621C22F0010279
:10B82C000244974205D300232869FFF76CFF0028D8
:10B83C00B7D10020EEE70346806B08B118F056B87C
:10B84C00D86B08B116F0C2BF70471830FFF7F3BFC2
:10B85C001030FFF7F0BF000038B5856D04466DB9A8
:10B86C004FF4807026F0E8F90146A06580B10570B0
:10B87C00206D28B14FF4807219F064F8A06D38BDBA
:10B88C00606D0028FAD04FF4807217F0FDFAF5E7DE
:10B89C00014BA365F2E700BF3380032000B58FB0E6
:10B8AC0038B1002301466846009318F0B4F80FB085
:10B8BC0000BD29B103460C90684616F01FFEF6E752
:10B8CC000846F4E70A461AF064BD0368C9B21B685F
:10B8DC00184770B505460C4651B1084626F0ECFEEB
:10B8EC002B680246214628465B68BDE87040184725
:10B8FC0070BD10B50446FFF7ECFF2046BDE81040C4
:10B90C001EF05BB90146044808B5FFF7F2FFBDE82D
:10B91C00084020F015BF00BF10520020014601481E
:10B92C00FFF7E7BF105200200FB400B5ABB0A02159
:10B93C002CAB02A853F8042B019326F00DFD02A9A1
:10B94C000348FFF7D6FF2BB05DF804EB04B070474B
:10B95C001052002010B50446006818B1A168091AED
:10B96C001EF0D8FF204610BDF7290AD901F10803B3
:10B97C00DD22DBB222FA03F3DB0702D50068FFF706
:10B98C00A1BD7047034B10B504460360FDF771FD74
:10B99C00204610BDD427002010B50446FFF7F2FF57
:10B9AC00282120461EF0B6FF204610BD034B10B5D3
:10B9BC0004460360FDF75DFD204610BDD427002032
:10B9CC0010B50446FFF7F2FF282120461EF0A2FF17
:10B9DC00204610BD01211F2008B51EF0F5FC074BB9
:10B9EC004FF480021978064B29B1C3F88820054B17
:10B9FC0000221A7008BDC3F88420F8E78666002080
:10BA0C00008000427668032008B5094B4FF4800291
:10BA1C001978084B41B1C3F8882007481DF0E6FFA0
:10BA2C00064B00221A7008BDC3F88420F5E700BF4E
:10BA3C008666002000800042745700207668032040
:10BA4C002DE9F04194B000224FF47A74DFF8A08015
:10BA5C000546183104A88DF80C20CDF80080204F35
:10BA6C00CDE90124CDE9122219F020FA129B7BB901
:10BA7C00139B6BB9AC602B732B61C5E90073194B2D
:10BA8C0004A8009319F0C6F9284614B0BDE8F0815B
:10BA9C005C2000261EF038FF134B04464660036002
:10BAAC0004A9019B183040F80C3C104B40F8103C9A
:10BABC00029B40F8083C9DF80C3000F8043C19F04F
:10BACC007EF94FF47A73C4F80880AB606368A6659E
:10BADC0001336E602E732F602C616360CFE700BF63
:10BAEC0004290020E025002054290020B029002042
:10BAFC0030290020036D23B9406DC01A18BF0120F6
:10BB0C00704701207047036D13B1D869002170474D
:10BB1C00436D13B1D3E9040170471846F6E7836807
:10BB2C0010B5044613B1032201469847204610BDB8
:10BB3C0038B50D4CA4F5346554F80C0CA4F5A07470
:10BB4C0020B1D4F83C11091A1EF0E4FE04F11000E7
:10BB5C00FFF7E5FF606818B1E168091A1EF0DAFE1C
:10BB6C00AC42E9D138BD00BF089705702DE9F84308
:10BB7C000C4E054688461746D6F800900024391B13
:10BB8C0008EB040020F014FC0444A74207D93368E6
:10BB9C00AA68A3EB09039342F1D301232B7320462C
:10BBAC00BDE8F883145003202DE9F843154D814668
:10BBBC000F4600242E684EF6602820F085FC0028E5
:10BBCC001ADD3A1B09EB0401824228BF02460E48DB
:10BBDC00FFF7CCFF002808DC2B684EF660229B1B7D
:10BBEC0093420DD8FDF7CCFA01E004442E68A7422D
:10BBFC00E3D80120BDE8F8832B689B1B4345F0E795
:10BC0C000020F7E71450032010520020F7B504462B
:10BC1C001F460D4616461DF07DF99DF82030324624
:10BC2C002946009320463B461DF0DCF9204603B024
:10BC3C00F0BD000003680171B3B103F1BF230B4ADF
:10BC4C0003F577031B11D154137851788B4228BF1D
:10BC5C000B469178D2788B4228BF0B46934228BF73
:10BC6C001346034A82F87A30704700BF876600207B
:10BC7C0000E400E0F7EE007AB4EEE70AF1EE10FA19
:10BC8C002DDCDFED187AF4EEC07AF1EE10FA37FE07
:10BC9C00800ADFED157AB4EEE70AF1EE10FA94BFE4
:10BCAC000123002372B6027E9A4202D0037601234E
:10BCBC004376B4EEE70AF1EE10FA0ED9DFED0B7A0B
:10BCCC0000F5A04020EE270ABDEEC00A10EE103A97
:10BCDC0003F5B3431933A0F8643662B67047B0EE7F
:10BCEC00670AD6E7000000006F12833A295C0F4602
:10BCFC0010B500F1180201210446FDF7F1FE054BC9
:10BD0C002046236047F6FF73E3834FF400432384FC
:10BD1C0010BD00BFE0260020034672B6027F02F081
:10BD2C00FF000AB100221A7762B6704772B647F666
:10BD3C00FF71B0F91E30B0F92020C1834FF40041DF
:10BD4C00018462B6002BB8BF5B42002AB8BF5242D6
:10BD5C009BB292B29342B8BF134607EE903AB8EE3C
:10BD6C00E70ADFED027A80EE270A704700FEFF46F5
:10BD7C009FED057ADFED057AE0EE077AFCEEE77AC7
:10BD8C0017EE901A1AF0B2BA00000143EE7CFF3E97
:10BD9C0010B5044669B9552220211AF0A7F9D0B183
:10BDAC00E28842F0040220462421BDE810401AF03B
:10BDBC009DB901290FD140F273122A211AF096F97C
:10BDCC0048B18822202120461AF090F918B1E28857
:10BDDC0022F00402E7E7002010BD000010B500F1CE
:10BDEC001C0201210446FDF77BFE024B204623601A
:10BDFC0010BD00BF68280020DFED0D7A4FF6FF72F2
:10BE0C009FED0C7AF4EEC07AF1EE10FA77FE807AA0
:10BE1C0067EE877AFCEEE77A17EE903A0733DB0889
:10BE2C00934228BF1346012B38BF0123438570472B
:10BE3C000000000066663042DFED0D7A4FF6FF72AF
:10BE4C009FED0C7AF4EEC07AF1EE10FA77FE807A60
:10BE5C0067EE877AFCEEE77A17EE903A0733DB0849
:10BE6C00934228BF1346012B38BF0123C38570476B
:10BE7C000000000066663042B5EEC00AF1EE10FA22
:10BE8C000CD4F7EE007AB4EEE70AF1EE10FA77FE76
:10BE9C00807AFEEEC17AC0ED0C7A7047DFED017A44
:10BEAC00F7E700BF00000000DFED0D7A4FF6FF72E0
:10BEBC009FED0C7AF4EEC07AF1EE10FA77FE807AF0
:10BECC0067EE877AFCEEE77A17EE903A0733DB08D9
:10BEDC00934228BF1346012B38BF0123838670473A
:10BEEC00000000006666304210B500F11802012116
:10BEFC000446FDF7F5FD104BB2EE050A2046236013
:10BF0C00002323772385FFF777FF0E239FED0B0A82
:10BF1C002046A385FFF790FF4FF000539FED080AD2
:10BF2C0020462363FFF7C0FF1C23E386A38E0BB9C7
:10BF3C000123A386204610BDB427002000000C422C
:10BF4C0000009643F3EE047A10B5B4EEE70A04460B
:10BF5C00F1EE10FA07D4DFED0C7AB4EEE70AF1EE4D
:10BF6C0010FA77FE807A9FED097A27EE870AF0EEB9
:10BF7C00407AFEEEE07AC4ED067A24F00DFEBEEEB9
:10BF8C00E00A84ED070A10BD00D089469365153888
:10BF9C0010B500F1340202210446FDF7A1FD094B56
:10BFAC0020469FED090A2360FFF7CCFF4FF4805227
:10BFBC00064B2046C4E908230023C4E90A33236353
:10BFCC0010BD00BFEC28002000007A4480F9855A8F
:10BFDC0070B500F6343203210446FDF781FD1F4B8A
:10BFEC0000264FF07E551022236004F52E63314657
:10BFFC00A4F8DC6A04F6E4201D6026F0E4F931466E
:10C00C00102204F6F42026F0DEF93146102204F654
:10C01C00043026F0D8F904F61433114A20461D607A
:10C02C0004F618331A6004F61C334FF060521D608E
:10C03C0004F532631A6004F624324FF07C5313601B
:10C04C0004F62832136004F62C3300221D6004F52C
:10C05C0033631A601AF006FC204670BD9C27002042
:10C06C0000007A4410B500F1280204210446FDF7C3
:10C07C0037FD054B204623604FF48033C4E906336B
:10C08C00C4E9083310BD00BF0426002010B500F130
:10C09C001C0201210446FDF723FD034B20462360BF
:10C0AC004FF48033A36110BD28260020DFED097A00
:10C0BC00B4EEE70AF1EE10FA07DCDFED077AF4EEE6
:10C0CC00C07AF1EE10FA77FE807AFEEEC87AC0EDF7
:10C0DC00067A704700FEFF4600FEFFC60000000017
:10C0EC00002938B5044602DB102901DC09B938BD3A
:10C0FC0010210E2CFBD8104D55F82430002BF6D007
:10C10C0007EE901AB7EE004BB3EE002BB8EEE70A31
:10C11C009FED073BB7EEC00AB0EE431B1CF0CAFB09
:10C12C0055F82400B7EEC00BFFF7C0FFDFE700BFE8
:10C13C000000000000000000345B002010B5D0F8B7
:10C14C0080448EB00A4664B10023214668460093B1
:10C15C00012317F060FC10B1684618F0CBFA0EB052
:10C16C0010BDD0F8841429B1012368460C9416F044
:10C17C00C5F908B90020F2E7684616F04BFA00281A
:10C18C00F8D0ECE7D0F8803430B515468FB08BB1D1
:10C19C00002203F589646846134600920A4621463C
:10C1AC0017F0EAFB20B12A462146684617F042FDFB
:10C1BC000FB030BDD0F884443CB10A46684604F553
:10C1CC0089610C9316F036F908B90020F0E72A467D
:10C1DC0004F58961684616F0F2FB0028F5D0E7E714
:10C1EC0010B5D0F880448EB00A465CB100232146CD
:10C1FC006846009317F00FFC10B1684617F0A7FAC9
:10C20C000EB010BDD0F8841429B1234668460C94A6
:10C21C0016F074F908B90020F2E7684616F040FAF7
:10C22C000028F8D0ECE7836B10B553B1187810F0F8
:10C23C00080005D0D8695B69C01A48BF6FF0004090
:10C24C0010BDC06B0028FBD090F8313013F0080300
:10C25C000ED0D0E90413D0E90024881A63EB040350
:10C26C00B0F1004F73F1000328BF6FF00040E7E717
:10C27C001846F5E708B51030FFF7D5FF08BD08B52F
:10C28C001830FFF7D0FF08BD836B33B1187800F07E
:10C29C007000003818BF01207047C06B30B190F8A7
:10C2AC00310000F05000C01A18BF0120704708B5CB
:10C2BC001830FFF7E9FF08BD10B504461830FFF73A
:10C2CC00E3FF60B1206D10B1002117F0F1F9606D42
:10C2DC0028B100220023BDE8104015F095BE10BD1A
:10C2EC000346806B08B117F0B1B9D86B08B115F0E3
:10C2FC0076BE4FF0FF30704708B51030FFF7F0FFF7
:10C30C0008BD08B51830FFF7EBFF08BD0346806B7E
:10C31C0008B117F0DFB8D86B08B115F0A7BD4FF016
:10C32C00FF30704707B501220DF107011030FFF700
:10C33C00EDFF01280CBF9DF807004FF0FF3003B054
:10C34C0000BD08B51830FFF7E1FF08BD10B4846BD1
:10C35C00114624B143B9204610BC17F0A9B9C06BE3
:10C36C0010B110BC15F050BE002010BC704710B5B9
:10C37C000146029820B901F11800FFF7E7FF10BD44
:10C38C0001280ED10C6D01F1180014B16169002463
:10C39C0003E04C6D94B1D4E90014521844EB030340
:10C3AC00EBE702280CD10C6D01F118000CB1E1691E
:10C3BC00EDE74C6D14B1D4E90414EEE72146ECE73B
:10C3CC000020DCE7D0F838C0F0B49DF810409DF8A0
:10C3DC0014509DF818609DF81C70BCF1000F07D02C
:10C3EC006046CDE90667CDE90445F0BC17F0EEBC1C
:10C3FC00C06B30B1CDE90667CDE90445F0BC16F051
:10C40C0027BBF0BC70471FB58A79A2F150031B06FD
:10C41C0012D40C7802F26C724B79183003944C786D
:10C42C0001330294DBB28C780194097900910421D8
:10C43C00FFF7C8FF04B010BD0020FBE71FB58A79D9
:10C44C00A2F150031B0612D40C7802F26C724B79D9
:10C45C00183003944C7801330294DBB28C7801943D
:10C46C00097900910221FFF7ADFF04B010BD002047
:10C47C00FBE70346806B08B117F02EBDD86B08B1F3
:10C48C0016F0CEBB704708B51830FFF7F2FF08BDA9
:10C49C0008B51030FFF7EDFF08BD07B501228DF888
:10C4AC0007100DF107011030FFF7E3FF03B000BDDB
:10C4BC00096910B5044621B10B68DB6B984720461F
:10C4CC0010BD4FF47A73416001738360014B0161BD
:10C4DC000360F4E70429002010B5044600694368A2
:10C4EC00013B43603BB90368DB6A9847206910B194
:10C4FC0003685B6898470023236110BD044B10B59B
:10C50C000360044603690BB1FFF7E6FF204610BD3C
:10C51C000429002010B50446FFF7F0FF1421204633
:10C52C001EF0F8F9204610BD10B50446FFF7E6FFE3
:10C53C00204610BD044B10B5044640F8183BFFF7DD
:10C54C00DDFF204610BD00BF4C26002010B5044670
:10C55C00006928B10368DB6A98472046FFF7BCFFE7
:10C56C0010BD000010B5084C237D63B12069FFF7A6
:10C57C008BF810B12046FFF7E9FF00232375BDE8C7
:10C58C001040FCF7FDBD10BD94560020012BF0B5FA
:10C59C00054695B01CD0022B40F2022318BF002395
:10C5AC000431684618F010FD129B1E4F9BB9139B6B
:10C5BC008BB94FF47A722B732B61AA60C5E90073A7
:10C5CC00194B04A8009318F025FC284615B0F0BDB3
:10C5DC0044F20223E4E75C2000261EF095F9134B8D
:10C5EC0004464660036004A9019B183040F80C3CDB
:10C5FC000F4B40F8103C029B40F8083C9DF80C3067
:10C60C0000F8043C18F0DBFB0A4BA665A3604FF462
:10C61C007A736E60AB6063682E7301332F602C618C
:10C62C006360CDE704290020E02500205429002078
:10C63C00B0290020302900200A46D0F8841400B517
:10C64C008FB049B1002301F589616846009301233D
:10C65C0017F09EFA0FB000BDD0F888040028F9D06E
:10C66C000C91012300F58961684616F04CF9F1E74D
:10C67C0008B50430FFF762FD08BD0000002210B5BC
:10C68C0011460446FDF72CFA094B4FF0804204F199
:10C69C00380023600023C4E90633C4E90833C4E935
:10C6AC000A232363A3861CF081F8204610BD00BF2B
:10C6BC00A8270020B5EEC00AF1EE10FA15D4DFED74
:10C6CC000C7AB4EEE70AF1EE10FA77FE807A9FED61
:10C6DC00097A094B67EE877AFCEEE77A17EE902A17
:10C6EC009A4294BFC261C3617047DFED047AEEE7F2
:10C6FC000044AC46C637BE470000FE7F0000000079
:10C70C00B5EEC00AF1EE10FA0CD4F7EE007AB4EEE6
:10C71C00E70AF1EE10FA77FE807AFEEEC87AC0EDE9
:10C72C00097A7047DFED017AF7E700BF00000000DF
:10C73C002DE9F04F4FF0060B834E1C4615460BFBB4
:10C74C0001FBDFF8249204EBC10E06EB0B0236F969
:10C75C000BC001EB410159F82480B2F90270B2F917
:10C76C0004602144794A074406442DED048B83B0C0
:10C77C0022F81E00764A60449DF8403001931368FD
:10C78C00744A42F82130FEF7CFFB734AB0EE408A70
:10C79C00B0EE000B32F90B3002EB0B0A01EE103A43
:10C7AC009FED639BB8EEC11B81EE091B23F074FC5B
:10C7BC0003216FF00100B7EEC88A28EE008B1DF044
:10C7CC006CFB01EE100AB8EEC11BB0EE000B81EE53
:10C7DC00091B23F061FC4046DFF8908128EE000B2A
:10C7EC00B7EEC00BFFF766FF384658F824B0FEF7DB
:10C7FC009BFBBAF90230B0EE408AB0EE000B01EEB2
:10C80C00103AB8EEC11B81EE091B23F045FC032145
:10C81C006FF00100B7EEC88A28EE008B1DF03DFBCF
:10C82C0001EE100AB8EEC11BB0EE000B81EE091B35
:10C83C0023F032FC5846DFF838B128EE000BB7EE87
:10C84C00C00BFFF737FF30465BF82470FEF76CFB2C
:10C85C00BAF90430B0EE408AB0EE000B01EE103A9B
:10C86C00B8EEC11B81EE091B23F016FC03216FF0FF
:10C87C000100B7EEC88A28EE008B1DF00EFB01EE0E
:10C88C00100AB8EEC11BB0EE000B81EE091B23F0B1
:10C89C0003FC384628EE000BB7EEC00BFFF70AFF7F
:10C8AC00002DB7EE004BD8BF64257F2DB0EE441B96
:10C8BC00A8BF7F2507EE905AB8EEE70A9FED1E3B06
:10C8CC009FED1F2BB7EEC00A1BF0F4FFB7EEC08B29
:10C8DC0059F82400B0EE480AFFF712FFB0EE480AF0
:10C8EC0058F82400FFF70CFFB0EE480A5BF8240060
:10C8FC00FFF706FF019B9BB1184B53F8240019F06E
:10C90C0031FF174B53F8240019F02CFF154B53F83B
:10C91C00240003B0BDEC048BBDE8F04F19F022BF2E
:10C92C0003B0BDEC048BBDE8F08F00BFAFF300800B
:10C93C000000000000C09240000000000000000059
:10C94C000000000000C05F40545B0320E065002045
:10C95C001450032060500320265A0320EC51002071
:10C96C00F851002004520020B0520020BC5200208C
:10C97C00C85200202DE9F14F9146624A80460D467F
:10C98C0010689DF8281098425F4F0DD013605F4AD5
:10C99C0012681AB10132D01A424242415C4B1A70F1
:10C9AC0000233B707B70BB70DFF880A1002935D071
:10C9BC00574B1B7893B3544A0AEB051000231146CE
:10C9CC000C7884B930F9134044450CD1012205EBA5
:10C9DC004505FA541D444F4A4F4B126843F8252025
:10C9EC0001B0BDE8F08F01330131032BE8D10023F6
:10C9FC00117879B930F9134014F5004F0AD001229F
:10CA0C00FA540A914A462946404601B0BDE8F04F17
:10CA1C00FFF78EBE01330132032BE9D13A4B0AEBFF
:10CA2C00051B00261A78002A5CD13BF9162090458C
:10CA3C0058D13A4B53F8260019F0B7FE384B53F83F
:10CA4C00260019F0B2FE374B53F8260019F0ADFE54
:10CA5C004FF4004206EBC5032AF813200024721C85
:10CA6C0004D13BF9143013F5004F16D00134032CCC
:10CA7C00F5D1731C3DD13B78002B3CD07B78002B3F
:10CA8C003BD0BB78002B3AD0274B33F9153093FBB6
:10CA9C00F4F404EB44041B1B1CB204EBC5033AF97D
:10CAAC00133013F5004F0ED01C4B53F8240019F023
:10CABC007CFE1B4B53F8240019F077FE194B53F8EE
:10CACC00240019F072FE621C032392FBF3F303EBB8
:10CADC004303D21A144B23F8152001233B550A9318
:10CAEC0023468FE701360133032E9BD14FF0FF36DF
:10CAFC00B4E73446D1E71C46CFE70124CDE7022446
:10CB0C00CBE700BF207A00204E690320147A002066
:10CB1C00AC6803201450032060500320EC5100201B
:10CB2C00F8510020045200208A5A0320E0650020AE
:10CB3C00B5EEC00AF1EE10FA10D4F7EE007AB4EEAE
:10CB4C00E70AF1EE10FA77FE807A9FED067A67EE2F
:10CB5C00877AFCEEE77AC0ED0A7A7047DFED027A4D
:10CB6C00F3E700BF0000804F0000000000230B29FA
:10CB7C004186036203D1C16938301BF013BE0C2906
:10CB8C0005D1826A383050F81C1C1BF0D7BD09390E
:10CB9C0089B2012903D8C16938301BF0A5BD704793
:10CBAC004342D54A2DE9F04F03F00C0503F0060380
:10CBBC000646DFF8A4B3AA18DFF8A0A300242DEDD5
:10CBCC00068B8FB00592CD4AAA180692CC4A0192D8
:10CBDC00CC4A0292CC4A0392CC4A9A180092CC4A84
:10CBEC00AA180492CB4A1544CB4A9A180792CB4AFE
:10CBFC009A180892CA4A9A180992CA4A9A180A921A
:10CC0C00C94A9A180B92C94A1344C94A0C9300EBAF
:10CC1C0040039FEDB18B02EB03090D93079BC54AB3
:10CC2C0033F8143052F824700AEE103A3846B8EE45
:10CC3C004AAAB0EE4A0AFFF7DFF8089B384633F8E9
:10CC4C00143009EE903AF8EE699AB0EE690AFFF7E3
:10CC5C00F3F8059B3846F3EC01AAB0EE6A0A05938B
:10CC6C00FFF70AF9099B384633F8143009EE103AED
:10CC7C00B8EE499AB0EE490AFFF716F9AE4AB0EE93
:10CC8C004A0A52F824703846FFF7B6F8B0EE690A33
:10CC9C003846FFF7D1F83846B0EE6A0AFFF7ECF8E1
:10CCAC00B0EE490A3846FFF7FFF80A9BA34A33F85F
:10CCBC00143052F8247000EE103A3846B8EE400AA0
:10CCCC00FFF79AF80B9B384633F8143000EE103A05
:10CCDC00B8EE400AFFF7B0F8069B3846B3EC010AF1
:10CCEC000693FFF7C9F80C9B3846954F33F8143070
:10CCFC0000EE103AB8EE400AFFF7D6F899F800208B
:10CD0C0006EB86018F48042A019B00EB010828BF23
:10CD1C000422186818F80210FFF728FF019B0C2159
:10CD2C004FF4803253F8040B01FB0677426297ED07
:10CD3C00000A0193FFF7FCFE99F80110029B0429ED
:10CD4C00186828BF042118F80110FFF70FFF029B89
:10CD5C004FF4803297ED010A53F8040B42620293B0
:10CD6C00FFF7E6FE99F80210039B0429186828BF08
:10CD7C00042118F80110FFF7F9FE039B4FF48032E1
:10CD8C0097ED020A53F8040B42620393FFF7D0FEAF
:10CD9C00009BDBF800001B8800EE103AB8EE400A4E
:10CDAC0019F040FE049B5BF8040B93ED000A19F09C
:10CDBC00C7FD95ED000A5BF8040C19F0A5FD009B6E
:10CDCC00DAF8000033F8022B00EE102A0093B8EECC
:10CDDC00400A19F027FE049B5AF8040BB3EC010A25
:10CDEC00049319F0ADFDB5EC010A5AF8040C19F0D6
:10CDFC008BFD06225449724354488B5E8F1854495C
:10CE0C0007EE103A5B4250F8240000EE103A0D9BEE
:10CE1C00CA18C95CB8EEC00B06EE101A0021B8EEA9
:10CE2C00C66B30EE080B86EE081B9FED2D3B9FED7D
:10CE3C002E6B9FED2F5B20EE030BB4EEC06BF1EE6F
:10CE4C0010FA26FE000B20EE010B20EE050BB7EEC0
:10CE5C00C00BFEF78FF8B7F902800121C8F100036F
:10CE6C0000EE103A537804EE103AB8EEC00BB8EE60
:10CE7C00C44B30EE080B84EE082B20EE030BB4EE03
:10CE8C00C06BF1EE10FA26FE000B20EE020B20EE2A
:10CE9C00050BB7EEC00BFEF76DF8B7F90470022165
:10CEAC007B4200EE103A93782A4A09EE103AB8EE1B
:10CEBC00C00BB8EEC99B30EE080B89EE084B20EE88
:10CECC00030BB4EEC06BF1EE10FA26FE000B20EE55
:10CEDC00040B20EE050B43E000000000000059405D
:10CEEC007B14AE47E17A743F0000000000000000A4
:10CEFC0000000060B81ED53F1C6400203464002084
:10CF0C00B0520020BC520020C8520020BA6500204C
:10CF1C00145D002080620020A0650020C665002002
:10CF2C0000660020AC650020D26500200C66002055
:10CF3C00E7660020EC510020F8510020045200203C
:10CF4C00C0610020ED6600208E5A0320985200200C
:10CF5C00E1660020A4520020805200208C52002058
:10CF6C00B7EEC00BFEF706F8B8EEC70B52F824006C
:10CF7C000021013430EE080B20EE030BB4EEC06B35
:10CF8C00F1EE10FA26FE000B20EE010B20EE050B45
:10CF9C00B7EEC00BFDF7EEFF07EE908A0121B8EE5D
:10CFAC00E70B30EE080B20EE030BB4EEC06BF1EE8A
:10CFBC0010FA26FE000B20EE020B20EE050BB7EE4E
:10CFCC00C00BFDF7D7FF07EE907A0221B8EEE77B96
:10CFDC0037EE087B27EE037BB4EEC76BF1EE10FA4D
:10CFEC0026FE070B20EE040B20EE050BB7EEC00B54
:10CFFC00FDF7C0FF032C0D9B7FF40FAE0FB0BDEC03
:10D00C00068BBDE8F08F00BF002210B51146044618
:10D01C00FCF766FD034B2046236000232376E36177
:10D02C0010BD00BF5C2800204FF0E023D3F808218E
:10D03C00C2F380120270D3F80C21C2F380624270EA
:10D04C004FF08062C3F88C214022C3F88821BFF3D3
:10D05C004F8FBFF36F8F7047BFF34F8F037823B1A0
:10D06C004FF0E0234022C3F8082143782BB14FF056
:10D07C00E0234FF08062C3F80C2170472DE9F04398
:10D08C0087B081468846164605A81F46FFF7CCFF99
:10D09C004FF4A072564D02FB09F2AB1803EB0801DA
:10D0AC0091F82040002F6CD0002E6AD0FF2C20D19C
:10D0BC0005F19F0002F1B40C93F8B0704FF0FF3102
:10D0CC001044AC440023BB4229DBFF2C04D1494B58
:10D0DC001A4400239F422FDCA7424CD94FF4A07373
:10D0EC00002703FB09531A19434482F8A08083F8E4
:10D0FC0020404FF4A07101238DF80A4001FB09F187
:10D10C008DF80D3001F110008DF80B808DF80C604E
:10D11C0028448DF80E708368B3B91FF0FFFF10F828
:10D12C0001EFBEF1FF0F05D15CF823E08E453CBF4B
:10D13C00DCB271460133C6E752F8040F88423CBF9B
:10D14C00DCB201460133C5E70DF10E0329440DF1A4
:10D15C000B0201930DF10D03009303ABCE690DF19E
:10D16C000A01B047244B1A68502303FB094305EB13
:10D17C008303C3F8F42005A8FFF76EFF07B0BDE8E2
:10D18C00F083FF2CF7D04FF4A07600238DF80F40DE
:10D19C0006FB09F68DF8113006F110008DF81230EF
:10D1AC008DF8133028448DF810808368002BB4D090
:10D1BC000DF113032E4404AA0DF10F0101930DF18F
:10D1CC001203B04400930DF11103F7692644B847DC
:10D1DC00FF23502288F8203002FB094486F8A03047
:10D1EC00054B05EB84051B68C5F8B430C3E700BFDD
:10D1FC00C88B0570B88C057014500320B7EE007AFC
:10D20C0004EE101AF0EE007A04EE900AB0EE086A02
:10D21C0005EE102A30EE477A05EE903A70EE677AFA
:10D22C0030EE466A67EE006AB1EE083A27EE277ACE
:10D23C0067EEA62A66EE266A27EE067AC2EE833AD7
:10D24C00BEEE003AF9EE082A67EE807A66EE836A43
:10D25C0087EE223A67EE867AB6EE007AB8EEC44ACA
:10D26C00F8EEE44A67EE877A9FED127AB8EEC55A6B
:10D27C00F8EEE55A67EE847AE4EE837AE5EE267AE8
:10D28C00E5EEA37AF4EEC77AF1EE10FA0CDC9FED22
:10D29C000A7AF4EEC77AF1EE10FA08D4FDEEE77ACA
:10D2AC0017EE903A18B2704747F6FF707047034874
:10D2BC00704700BF00FEFF46000000C70080FFFF64
:10D2CC00012810B51AD002281BD00F4B0F4A104959
:10D2DC0002F12C0052F8044B824241F8044BF9D174
:10D2EC0012780A7003F12C010A4A53F8040B8B4292
:10D2FC0042F8040BF9D11B78137010BD064B074A8A
:10D30C00E5E7074B074AE2E7923A0020094E002076
:10D31C004880032075800320BF3A0020364E002041
:10D32C00EC3A0020634E0020C2B2034600F47F406A
:10D33C0082B0C3F3074340EA0240184302B070477F
:10D34C00DFED187A20EE270A1FB5BDEEC00A08449F
:10D35C004FF0140302A910EE102A10FB03204FF417
:10D36C00B47390FBF3F203FB1200C0EB002090FBB4
:10D37C00F3F0FF238DF8040001A88DF805308DF82B
:10D38C000630FCF7E0F9029B0020DAB262F30700EA
:10D39C00C3F30722C3F3074362F30F2063F3174071
:10D3AC0005B000BD0000B4430D4A30B513789BB1F5
:10D3BC000C4906250C4C0B786B43E518E3580360BD
:10D3CC00AB88838001200B78013303F01F030B70B3
:10D3DC001378013B137030BD03F0FF00FBE700BF77
:10D3EC0007680320046803202094202072B60023D1
:10D3FC00054A1370054A1370054A1370054A1380C9
:10D40C00054A138062B67047036803200468032042
:10D41C0007680320825A0320845A032008B502208F
:10D42C00FBF726FE2D28D4BF0020012008BD08B52F
:10D43C000320FBF71DFE2D28D4BF0020012008BDC2
:10D44C0070B50420124CFBF713FE2D282078D4BFA6
:10D45C00002301230F4A984211680F4A02D100237E
:10D46C00137070BD16780D4D1EB901232960137011
:10D47C00F7E700282D6818BF2826A1EB050108BF87
:10D48C001426B14221BF0021184623701170E8E721
:10D49C00516D032014500320506D0320C4860020CE
:10D4AC00074B012110B5044618701E201CF08CFF90
:10D4BC0084F001011E20BDE810401CF053BF00BFDA
:10D4CC0039660020F8B572B60A4B1C880A4BA4B218
:10D4DC001F880A4B1E680A4B1D6862B606B115B947
:10D4EC003C462046F8BD1CF001FF801BB0EB550FED
:10D4FC00F6D2F6E71A660020705B0020344E03204B
:10D50C00986200200F2816D8002914DB0E2908DC9D
:10D51C00C0EB001001F21A214318094800EB8300FC
:10D52C0070470F2907D10F2807D03C2300FB03338A
:10D53C00044818447047044870470448704700BFBB
:10D54C00E897057050A005702087002010A4057086
:10D55C00044B1B7823B1093805288CBF0023012309
:10D56C001846704701680320094A08B5034610782D
:10D57C0060B90F2B09D80846FCF73AFF28B10846CA
:10D58C00FFF7E6FF80F00100C0B208BD0020FCE709
:10D59C00D1800320431E072B0BD81629054BA8BF9F
:10D5AC00162121EAE1711954034B53F820309B6981
:10D5BC00197170477A660020A0640020A0F10D0359
:10D5CC00012B01D8FDF712BD7047000000000000D0
:10D5DC002DE9F0472DED0A8B044608EE102A9846EB
:10D5EC009DF84890FFF7B4FF002840F04E820E2CB7
:10D5FC0000F24B82E84E56F83430002B00F0458296
:10D60C0006EBC4035B68002B00F03F82A4F10D070E
:10D61C00012F08D8B8F1000F05D1E04B33F91430C5
:10D62C00834200F33282139BF2EE08AA7F2B00F2A6
:10D63C00D88107EE903AB0EE000AF8EEE70ADFED7B
:10D64C00D87A70EEE70AC0EEAA0A23F019F9DFEDDA
:10D65C00D57A20EE27BAB7EE004BB8EEC80B9FED8B
:10D66C00C03B9FEDC12BB0EE441B1BF023F9F7EE32
:10D67C00C08BB9F1000F02D12046FFF79FFFCA4DB6
:10D68C004FF02C0AB3EE084B0AFB045ABBEE083BD6
:10D69C00F7EE009A0AF6384393ED000A9FEDB42B8F
:10D6AC009FEDAF1BB7EEC00A1BF004F9B7EEC00B31
:10D6BC00B2EE081BB7EEC00A80EE011BB0EE000BF9
:10D6CC0022F0EAFC0AF64443B7EEC09B0AF6484A3D
:10D6DC0093ED000AB0EE004B9FEDA13B9FEDA42B08
:10D6EC00B7EEC00AB0EE431B1BF0E4F8B7EEC0ABCC
:10D6FC009AED000AB7EE004B9FED993B9FED9C2BEA
:10D70C00B7EEC00AB0EE431B1BF0D4F8B5EEC0AABE
:10D71C00F1EE10FA40F37381B7EEC08BB5EEC08A10
:10D72C00F1EE10FA40F36B81A04B9FEDA17AD3ED93
:10D73C00007A9FEDA00AF8EE677A67EE8A7AA7EE78
:10D74C00870A23F029FAF0EE697AE8EE007A9FED69
:10D75C009A8AB4EEE78AF1EE10FA38FE278A4FF077
:10D76C003C0A0AFB045A0AF67C030AF5086A93ED94
:10D77C00000A9FED814B9FED823B9FED7D2B9FED32
:10D78C00781BB7EEC00A1BF095F8B7EEC01BB0EED5
:10D79C00000BB7EEC11A22F07FFCF7EEC0BB9AED7E
:10D7AC00000AB0EE084BB8EE083B4FF02C0AB7EE6F
:10D7BC00C00A0AFB045A9FED6A1B9FED6D2B1BF0F0
:10D7CC0079F8BDEEC01BB0EE000BB8EEC11B22F019
:10D7DC0063FC0AF54563B7EEC0AB93ED000AB5EEFA
:10D7EC00C00AF1EE10FA40F30D810AF64C4AB2EE83
:10D7FC00084BB7EEC00A9FED5A3B9FED5D2BB0EE88
:10D80C00431B1BF057F8B7EEC0CB9AED000AB3EEF2
:10D81C00004BB0EE003BB7EEC00A9FED552B9FEDD1
:10D82C00501B1BF047F8B8FE400BFDEEC07B634865
:10D83C0017EE903A022BB8BF02235A1E50F8243030
:10D84C00510003F1010C40F824C0B3FBF1F001FBD3
:10D85C0010339342C8BFCB1A07EE903AF8EEE70AA2
:10D86C0060EE8C0AC0EEAA0AB0EE000A23F008F8AB
:10D87C0029EE0B9A56F8340029EE009AB0EE490ABC
:10D88C00FEF718FF2AEE090A06EBC40320EE2B0A5A
:10D89C005868FEF70FFF012F48D8DFF830A15AF86F
:10D8AC002430002B42D03C2303FB045303F50762C6
:10D8BC00D2ED007AF5EEC07AF1EE10FA40F3A880C2
:10D8CC00F4EEE97AF1EE10FA00F19F809FED3C0A3C
:10D8DC00F4EEC07AF1EE10FA30FE270A9FED2A4BD7
:10D8EC009FED2B3B9FED222BB7EE001BB7EEC00A32
:10D8FC001AF0E0FFB4EE698AB7EEC00BF1EE10FA45
:10D90C0010D028EE008AB2EE040AB4EEC08AF1EE12
:10D91C0010FA07D49FED2B0AB4EEC08AF1EE10FA80
:10D92C0030FE080A5AF82400FEF70CFB56F83400B7
:10D93C0006EBC406B0EE680AFEF7E2FE7068224EF3
:10D94C00B0EE680AFEF7DCFE56F82430002B00F02F
:10D95C009C80B8F1000F68D03AE000BFAFF30080B4
:10D96C0000000000000000000000000000C05F404C
:10D97C000000000000004040555555555555B53F29
:10D98C00555555555555B5BF000000000088A340AE
:10D99C000000000000004440984F0320D481202058
:10D9AC000000A2420000DC43E897057014500320ED
:10D9BC002EE3CD3B00000000CDCCCC3D7078002098
:10D9CC000000004200803B46105C0020B45D00204B
:10D9DC00012F02D84FF080421A63B9F1000F49D1E0
:10D9EC0041E0091B384B2F313E29A8BF3E21242989
:10D9FC00B8BF242103EB810393ED00BA2BE6B0EE04
:10DA0C00698AACE6DFED310A2CE7B7EE000A65E770
:10DA1C0003F66C039FED244B9FED253B9FED262BCE
:10DA2C009FED271B93ED000A60E7012F18D83C23CC
:10DA3C00B7EE004B03FB045505F597659FED203BB6
:10DA4C0095ED000A9FED1C2BB0EE431BB7EEC00A00
:10DA5C001AF030FF56F82400B7EEC00BFEF70CFAA4
:10DA6C00B9F1000F15D156F8240018F07BFEB8F16F
:10DA7C00000F0ED0164B01221A55164B1A68164B76
:10DA8C0043F824200122154B1A55BDEC0A8BBDE836
:10DA9C00F087134B33F91430002BEED10C4A13558D
:10DAAC00EBE700BFAFF30080000000000088C3402C
:10DABC000000000000947140000000000000404095
:10DACC0000000000000000007889016000000000E8
:10DADC00F481202014500320148220200482202062
:10DAEC00D481202038B5064D1024013C00D138BD1E
:10DAFC0055F8040B0028F8D018F057FEF5E700BFD6
:10DB0C00105C0020044B1A68044B43F821200122BE
:10DB1C00034B5A54704700BF1450032018970570DC
:10DB2C00D9800320034B01221968034B5A54FFF789
:10DB3C00E9BF00BF048C0020F8800320354A364B27
:10DB4C0010781B68354A30B5354C08B1012918D00E
:10DB5C00655C505C65B358B3324850F8210098426C
:10DB6C0002D95D1E281A00E0181A42F21075A8425C
:10DB7C0007D900202C4D68542A4D6054505445F858
:10DB8C002100505C02281AD1264850F821001B1A9B
:10DB9C00264840F82130264850F8210083428CBF9B
:10DBAC00092301232048435400235354635430BDAC
:10DBBC001D4D6D5C022DE4D10128E2D1CCE7655CF2
:10DBCC00F5B1184C54F821401B1B184C44F821306B
:10DBDC0088B9174850F821008342134B04D3022014
:10DBEC00585401235354E2E75B5C022BDFD00E4BFD
:10DBFC0000225A54DBE70128D9D10B4B0222F8E75B
:10DC0C0008B155546554084B5B5C03F0F703012BCA
:10DC1C00ECE700BFE580032014500320368003207E
:10DC2C00D9800320189705703A8003200897057057
:10DC3C00B825002010B504788C420BD14178914264
:10DC4C0008D182789A4205D1C078029BC31A5842F7
:10DC5C00584110BD0020FCE7027842B9437833B933
:10DC6C00827822B9C078B0FA80F040097047002061
:10DC7C00704708B5FFF7F0FF80F00100C0B208BD97
:10DC8C0070B50646002541F20550B3689D4200D39D
:10DC9C0070BD00EB40142946304601351CF073F979
:10DCAC002044F2E7082801D8FFF7E8B970470000D4
:10DCBC00082870B505460C461E462DED028B84B027
:10DCCC003AD8214B1B7823B1204B1978C3B2994217
:10DCDC0032D0002A34DD7F2A34DCD2B207EE902A0F
:10DCEC00DFED1B8AF8EE677A87EEA88AB5EEC08A5C
:10DCFC00F1EE10FA20D903A8FFF796F92846B0EEFA
:10DD0C00480AFCF779FDF6EE007A84F3070101234B
:10DD1C000096E8EE287AC9B2FDEEE77A17EE902A63
:10DD2C007F2AA8BF7F22012AB8BF0122D2B2FFF7F7
:10DD3C00B9FF03A8FFF790F904B0BDEC028B70BDDE
:10DD4C006422CBE77F22C9E7B3800320B480032091
:10DD5C000000FE4238B50825002428201CF016F9D6
:10DD6C00044401201CF0E8FA013DF6D1E4089FEDD3
:10DD7C001B7ADFED1B6A043C24EAE47407EE904A3C
:10DD8C00F8EEE77A67EE877A87EEA67ADFED157AFA
:10DD9C00DFED156A37EE677AC7EE267AF5EEC07AB4
:10DDAC00F1EE10FA17D4B7EE007AF4EEC77AF1EE72
:10DDBC0010FA37FE277AF6EE007ADFED0C6AE7EE02
:10DDCC00267AFDEEE77A17EE900A6428A8BF642045
:10DDDC0020EAE07038BD9FED067AECE74875533ABF
:10DDEC00D7A3103F333353403433533F0000C84262
:10DDFC0000000000064B187840B1022805D1054BF5
:10DE0C001878B0FA80F0400970470120704700BFC5
:10DE1C00C966002030810320F8B52B4B2B4C1A68B7
:10DE2C002B4D12F0010F03D122682A6001221A60D7
:10DE3C00284B1A68D20704D4274A216811600122A2
:10DE4C001A60264E264F33788BB92A6823689B1AA2
:10DE5C004DF2D762934228D9FFF77CFF431E0F2B5C
:10DE6C00204B28BF4FF0FF301860012333702A6815
:10DE7C0023689B1A4EF65F22934216D923682B60B7
:10DE8C0000233370FFF766FF164A1368002B09DB7B
:10DE9C00834207D133B10F2B04DC012321683B7083
:10DEAC000D4B19604FF0FF331360387808B9002020
:10DEBC00F8BD094A236812689B1A41F287329342D3
:10DECC00F6D900233B70F2E7DC77002014500320D6
:10DEDC00C8860020E0770020CC860020526D0320FD
:10DEEC00536D0320A059002038B53C23404CA0F1C1
:10DEFC000D0503FB004404F595639FED353B93ED55
:10DF0C00000A2DED048BB0EE431BB7EEC00A9FED5B
:10DF1C00324B9FED332B1AF0CDFC04F2AC43F7EEF1
:10DF2C00C08B93ED000A9FED2A4B9FED2F3B9FED8D
:10DF3C002C2BB0EE441BB7EEC00A1AF0BBFC04F558
:10DF4C009663B7EEC08B04F2B44493ED000A9FEDD8
:10DF5C00203B9FED214B9FED222BB0EE431BB7EEE8
:10DF6C00C00A1AF0A7FCB0EE409B94ED000A9FED9E
:10DF7C00183B9FED194B9FED1A2BB0EE431BB7EEE0
:10DF8C00C00A1AF097FC012D78EE887A89BFB7EE9B
:10DF9C00C99BB2EE007AB7EEC00B39EE279A98BF48
:10DFAC0077EE877AB1EE047A88BF79EE007A38EE94
:10DFBC00070ABDEC048BB4EEE70AF1EE10FA30FE62
:10DFCC00270AB4EEC07AF1EE10FA37FE000A38BD1B
:10DFDC0000000000000000000000000000408F4026
:10DFEC0000000000000040400000000000409F4086
:10DFFC00E897057037B5A0F10D04012C9EBF064CB7
:10E00C000025255400244FF0FF35CDE90045FFF7DE
:10E01C00DFFA03B030BD00BF6481202037B5A0F11A
:10E02C000D04012C9EBF054C0025255401910021A7
:10E03C000091FFF7CDFA03B030BD00BF6481202002
:10E04C002DE9F74304460D389846DDF82CC001281D
:10E05C009DF8283027D81B4830F91400002822DC02
:10E06C00BCF1000F184D194FACBF0CF180060E46D9
:10E07C00DFF86890DBB12B5DCBB157F82400A8B169
:10E08C000130804512D11248005D78B939F914007D
:10E09C00B0420CD10F4B47F824801A680E4B43F852
:10E0AC00242001232B5503B0BDE8F0830023204628
:10E0BC00CDE9003C0023FFF78BFA47F8248029F8C0
:10E0CC001460EEE7D48120206481202094812020EC
:10E0DC00F4812020145003201482202074812020ED
:10E0EC002DE9F84380460C469146114F114E0D25F3
:10E0FC0094B93B7883B1336873B1013343450BD189
:10E10C000D4B33F915303BB92846FFF757FA0B4B3B
:10E11C003C70346023F815400E2D07F1010706F111
:10E12C00040601D1BDE8F8830E254C46E0E700BF9C
:10E13C0071812020C8812020D4812020748120204E
:10E14C00384B1B78F0B583B1374B0122C3E904225D
:10E15C00364B00221A60364B1A681AB135490968D9
:10E16C008A4201D901221A60F0BD334D2A78002A67
:10E17C003DD0324C22689A4208DA31491A4611F8DD
:10E18C00013F1BB90132402AF9D11A4613464020EF
:10E19C002C4941F281070133402BA8BF00230138E1
:10E1AC0005D0934203D0CE18F65D002EF3D019445F
:10E1BC00236041F281031C4AC85C1E4B1C491C683D
:10E1CC00431E0F2B05D863430133C2E904000B60D7
:10E1DC00CAE700231C482B70012303601B48037003
:10E1EC005069431E1061634301330B60BCE7174B4E
:10E1FC000D4A1B7813B153691361B5E70C480D49EF
:10E20C0003680968013BB3FBF1F311490133096859
:10E21C009BB28B4202D901230360EDE70029EBD1BD
:10E22C00F9E700BF01680320EC5000207847032079
:10E23C00705B0020A05F0020208103201C8C00203C
:10E24C0068A80570E8970570AC610020CB5B0320D3
:10E25C00885E002070B51D46174C55239DF8106044
:10E26C0003FB004401EB810301381C4491420BD9A0
:10E27C00A5F10D03012B06D82846FFF79FF90F4B8C
:10E28C00002223F8152070BDB0F5807F0FD84B1EEF
:10E29C000F2B0CD876B12378AB4208D10023237016
:10E2AC0064236370A3700123E370FF232371013196
:10E2BC000534DBE72670F3E7395FF670D481202054
:10E2CC002DE9F04F95B01022002100260DF1100819
:10E2DC00684624F078F820220021404624F073F898
:10E2EC00202200210CA824F06EF80122FCF79CF8E7
:10E2FC00344B9146D3F800E0541E711C5FFA82FA3D
:10E30C0009FA04F48B1B9E451CD2013276449042D0
:10E31C00F2DA69462C4E2D4D00232D4C01200CAF0A
:10E32C0011F8012B002A3CD122702A803280013353
:10E33C00023602350134102BF2D1264B187015B071
:10E34C00BDE8F08FB1F5807FDFD8234B5525002732
:10E35C0005FB013C9CF805305D1E0E2D1AD803F10F
:10E36C0050050DEB050B1BF8505C554538BF554659
:10E37C000BF8505C14AD05EB430333F8405C33F8F9
:10E38C0020BC254323F8405C09FA07F545EA0B0548
:10E39C0023F8205C01370CF1050C102FDAD1013178
:10E3AC00B0E7824237F813C0227038BF0246A6F895
:10E3BC0000C038F813C0D2B2A5F800C0002B18BFAB
:10E3CC001046B4E7A05F0020A85B0320885B032005
:10E3DC0044810320E0660020395FF6704A1E0F2A44
:10E3EC00F0B51AD801230E4D0E4E01EB810103FA44
:10E3FC0002F4552750F8232062B135F813C014EA03
:10E40C000C0F07D007FB021C16F80CE05FFA83FC1C
:10E41C00E64503D00133102BECD100221046F0BDA1
:10E42C00A85B0320395FF6700F2814D80B4B0C4AED
:10E43C001B5C1256012B38BF0123012938BF012167
:10E44C00481E104490FBF3F203FB12000028B8BFE7
:10E45C00C0180130704700220123EEE744810320ED
:10E46C00548103202DE9F8431746DFF84C900646FB
:10E47C00884640220021384623F0A5FFD9F8003009
:10E48C00B3B1AEB10B4D012415F8013F6BB1414650
:10E49C002046FFF7C9FFD9F80030013803FB0060B4
:10E4AC00431EFF2B98BF47F824000134102CEBD1EE
:10E4BC00BDE8F88344810320A05F00200F2810B52D
:10E4CC0024D8164B164A1C5C1278012C38BF012438
:10E4DC000129B8BF01210139B1FBF4F304FB13137B
:10E4EC000133A2B10F4A12688AB10F49096871B1A0
:10E4FC00013AB2FBF1F201329B1A93FBF4F204FBEA
:10E50C0012330A4A002BB8BF1B19135410BD084A0A
:10E51C001269012A38BF0122EEE700BF44810320B3
:10E52C00D8800320745B0020A05F0020548103205E
:10E53C00EC50002010B590B00446084611466A46CF
:10E54C00FFF790FF21466846FFF748FF10B010BD5B
:10E55C00204B2DE9F0411B78DFF89080D8F824602F
:10E56C0083B31D4B1B786BB31C4B1B7853BB1C4BE1
:10E57C001B783BBB1B4B1F6827B31EB3D8F8280076
:10E58C0000B3741EB4FBF7F307FB1344164B1D6862
:10E59C000134D5B1013DB5FBF7F501352A462146CD
:10E5AC00FFF7C8FF98B9D8F80400431E0E2B09D802
:10E5BC002946FFF739FF013807FB0044631EFF2B88
:10E5CC0098BF26463046BDE8F0810125E6E70646B1
:10E5DC00F8E700BF43810320D8800320208103206B
:10E5EC0001680320A05F0020745B0020EC50002029
:10E5FC00431E0E2B0CD801390F2909D80123054ACB
:10E60C008B4032F81020134214BF012000207047B9
:10E61C0000207047885B0320F8B507460124FBF700
:10E62C0003FF0025064621463846FFF7E1FF002888
:10E63C0018BF25460134A642F5DA2846F8BD00007D
:10E64C0038B50546FFF7E8FF044610B9FCF78AFB1E
:10E65C0004460D490D4A0B68AB420D4B05D11068B1
:10E66C00012802D11868A0420CD00D600121094884
:10E67C0011601C601AF03AFB21460648BDE8384090
:10E68C001AF030BB38BD00BF845900208C590020D3
:10E69C0088590020CC6F00202DE9F74FFFF710FEB2
:10E6AC003D4AFBF7C1FE3D4B16681B783C49DFF831
:10E6BC00FCA09BBB3B4A12689A422FDD3A4D0124C9
:10E6CC004FF0550C9042D4BF08600A600CFB03AEAF
:10E6DC000121B1420DD900220134334405F8012F38
:10E6EC008442F3D901300023112813D103B0BDE8C3
:10E6FC00F08F0CFB01E8012202EB820918F809905B
:10E70C00B9F1000F04D10132112AF5D10131E0E742
:10E71C000122E1E7244A13540130E5E70023DFF836
:10E72C0088E001254FF055091C460B6009FB03A23C
:10E73C004FF0010C0192B44513D90022013533443A
:10E74C000EF8012F8542F1D904B3C1F800800130D5
:10E75C00002311281CD1B8F1000FC7D101230B6085
:10E76C00C4E7019A09FB0C27012202EB820B17F874
:10E77C000BB0BBF1000F05D10132112AF5D10CF110
:10E78C00010CD8E70124A8462246D7E7A046DEE7CD
:10E79C00054A13540130DCE7A05F002043810320BD
:10E7AC00885E0020C846032054822020395FF67012
:10E7BC002DE9F04106460C4615461F469DF818807B
:10E7CC0010B90020BDE8F0814B1E0E2BF9D8FEF7D6
:10E7DC00BFFE0028F5D1FEF775FE0028F1D01D4ACA
:10E7EC00B8F1000F08D004EB8403552101FB003372
:10E7FC00D35C0BB1B342E4D172B6174B1B88984271
:10E80C0012D1DFF85CC01549BCF800309BB29842BD
:10E81C0003D00023ACF800000B800123B1F800C03A
:10E82C00A34043EA0C030B8062B6552304EB84042B
:10E83C00002D4FF0640103FB004408BF642513193D
:10E84C0016555D7001259970DD701F71FFF724FF5F
:10E85C002846B7E7395FF670705B0020845A0320B6
:10E86C00825A03202A4B1B7870B5002B4FD0294BB2
:10E87C001B78002B4BD1284B1B68002B47D1274B07
:10E88C001B78002B43D180F30405254EFFF704FFC2
:10E89C00FBF7CAFD745D012C38BF01248442A8BF6C
:10E8AC0004462846FFF7B8FE18B18442A8BF0446B8
:10E8BC00745528461B4DFFF7C3FE1B4B6C611C6047
:10E8CC001A4B1968C9B11A4B0C6318686B6A013B77
:10E8DC0093FBF0F200FB12335A1C631E4343012AD4
:10E8EC00ACBF9B180133B3F5807FA8BF4FF4807386
:10E8FC00012BB8BF01236B628B6321460D481AF0C4
:10E90C00EDF9696A0C48BDE870401AF0E7B970BDC2
:10E91C004381032020810320008C00200168032008
:10E92C0033810320EC5000200C5C0020B85B0020ED
:10E93C00A05F0020CC6F00206470002070B5364DB5
:10E94C00364A2B683648934236490CD0364A9342A5
:10E95C0009D04FF0FF33354A03600B60002313706E
:10E96C00334A137070BD334A14684FF0FF320260A3
:10E97C000A6034BBFFF790FE2F4AFCF7F3F9012431
:10E98C00126806462B68002A1C61186203DD82425D
:10E99C00A8BF024614461C63012128481AF0A6F9A8
:10E9AC00314626481AF09EF9214624481AF096F969
:10E9BC002B682248196C1AF0C7F91C4B00221A70EC
:10E9CC00D0E71F4A102500211E485268196102F237
:10E9DC00CA321D6250F822401848AC42A8BF2C46DF
:10E9EC0024EAE4741C631AF081F9294613481AF0DE
:10E9FC0079F9214611481AF071F904FB04F1C4F1BC
:10EA0C0014040E4801F0FF01240244EA0141BDE860
:10EA1C0070401AF099B900BFB85B0020C05B0020B1
:10EA2C00E4570020DC57002038630020586903208D
:10EA3C0055690320008C00200C5C0020CC6F00205A
:10EA4C00EC500020E8970570F8B53A4D00263A4B8B
:10EA5C00AC6A1E70671E394B0F2F1E7029D8102CF4
:10EA6C005DD0FFF775FD2B68354A002B4BD1354B2C
:10EA7C001B68012B37D1344B1B782BB1334B1B78D4
:10EA8C0013B1334B1B7873B355230021FF2603FBC3
:10EA9C000020012364221C4690F805C0BC4504D11B
:10EAAC0041718271C2710472467201330530112BAF
:10EABC00F2D1FFF7F1FD274B274A1B68934202D096
:10EACC00264A934234D1264B1B685BBB254B1B78E3
:10EADC000BB92B6863B3FCF745F901462248BDE836
:10EAEC00F8401AF0FFB8552304EB8404002103FB13
:10EAFC0000441319115564225A709A700122DA706D
:10EB0C00FF221A71D5E7552304EB8404696803FBD3
:10EB1C000044105D13198842CBD11655EBE725F054
:10EB2C0007FFC6E7012B03D1BDE8F840FFF706BF8E
:10EB3C00F8BD00BFEC500020EF800320FC800320C8
:10EB4C00395FF6703463002043810320D8800320A2
:10EB5C0020810320B85B0020C05B002038630020BC
:10EB6C00008C0020CB5B0320CC6F00202DE9F04FF4
:10EB7C005D4C85B05D4A21686369126801916168DA
:10EB8C0094F81CE0009103FB02F1013B013153436B
:10EB9C0002910133BEF1000F55D1554D4FF0640871
:10EBAC00DFF868914FF0010A4FF0FF0B029A934285
:10EBBC0022D3009B2362FFF76FFD4E4B4E4A1B681E
:10EBCC00934202D04D4A93420FD14D4B1B68002B00
:10EBDC0040F085804B4B1B780BB923682BB1FCF7AD
:10EBEC00C1F8014648481AF07DF8237F83F00103F1
:10EBFC00237705B0BDE8F08F55212A46012601FB8D
:10EC0C000391019802F1050C4F1D18B14979009838
:10EC1C0081420DD13A68CCF800203A798CF8042066
:10EC2C00013662463946112EEBD101335535BDE71D
:10EC3C0082F805E082F8068082F8078082F808A046
:10EC4C0082F809B0ECE7226A4FF0000B284D6427DC
:10EC5C004FF0010A4FF0FF080392029A9342AAD296
:10EC6C002A495522012602FB03122946019802F17A
:10EC7C00050E01F1050C48B392F8059000988145FA
:10EC8C0007D182F805B09771D77182F808A082F885
:10EC9C00098091F80590039881450FD191F8069061
:10ECAC00009882F8069091F80790507182F80790BE
:10ECBC0091F80890497A82F80890517201367246A0
:10ECCC006146112ED2D101335535C6E7D1F8051066
:10ECDC00C2F805109CF804208EF80420EEE7012BF6
:10ECEC0083D1FFF72BFE80E7EC500020A05F0020C3
:10ECFC00E409F670B85B0020C05B0020386300208C
:10ED0C00008C0020CB5B0320CC6F0020395FF670A9
:10ED1C00F0B54FF4A0750E4C002605FB00400546DF
:10ED2C0000242F788F4208D195F90170974204D1B5
:10ED3C001E600120059B1C60F0BD01341435042CB1
:10ED4C00EFD101365030042EE9D10020F4E700BF9A
:10ED5C00C864202008B5042928D8DFE801F0030D89
:10ED6C00182721001146FEF7CDFBD0ED007AFDEE01
:10ED7C00E77A17EE900A08BD0B2303FB00220C4B1D
:10ED8C0002F20A3203EB8203D3ED007AEFE7C0EB19
:10ED9C000010074B104400F5957003EB8003F3E76C
:10EDAC00431E072B02D8034B185CE4E70020E2E774
:10EDBC00E89705707A6600201FB5214B5C680E2C15
:10EDCC003BD8204B204603EB440213F8141003AB42
:10EDDC0092F90120009302ABFFF79AFF68B31A4B2C
:10EDEC001B7853BB2046FFF7B5FF30B3174B33F9F5
:10EDFC001420824221D023F814000122144B0C243D
:10EE0C0014491A70144B154A1860039B029803EBB3
:10EE1C00430304FB0033C818CB5A138083789370D8
:10EE2C000F4B1A680F4B1B78002B0CBF4FF4FA7367
:10EE3C004FF47A7313440C4A136004B010BD00BF36
:10EE4C00EC500020A8642020CE660020E05903205E
:10EE5C00B78003203A660020A8910020CB660020E2
:10EE6C0014500320D8800320A491002007EE903A80
:10EE7C0008B504290BD8DFE801F0030B180A2100B0
:10EE8C00F8EEE77A1146FEF73DFBC0ED007A08BDBF
:10EE9C000B2303FB00220D4B02F20A3203EB82031D
:10EEAC00F8EEE77AC3ED007AF1E7C0EB0010074B00
:10EEBC00104400F5957003EB8003F1E717EE901A00
:10EECC00C0B2BDE80840FEF765BB00BFE89705700F
:10EEDC002DE9F843431E022B24D84FF4A073DFF81E
:10EEEC00EC804FF0000C4FF0140903FB00F404EB22
:10EEFC00080E0027334E09FB07E501370FCE042F10
:10EF0C000FC533682B60F5D10CF1010C0EF1500ECE
:10EF1C00BCF1040FEDD1F0222B4908EB04001BF0DF
:10EF2C0059FC28E0031F042B27D84FF4A072274E5E
:10EF3C00002102FB00F4A519284623F044FA5022C4
:10EF4C00234928461BF046FC06F15000502221496B
:10EF5C0020441BF03FFC06F1A00050221E49204427
:10EF6C001BF038FC0323A5F8F030A5F80431A5F804
:10EF7C001831A5F82C31BDE8F883A0F10D03012B55
:10EF8C00F9D84FF4A072114D002102FB00F4601966
:10EF9C0023F019FA502211491BF01CFC05F150000A
:10EFAC0050220F4920441BF015FC05F1A000502203
:10EFBC000C4920441BF00EFC05F1F00050220A49CC
:10EFCC002044ACE7942300202C2C0020C864202083
:10EFDC002C2C00207C2C0020CC2C00201C2D002064
:10EFEC006C2D0020BC2D00200C2E00200D4B1B780E
:10EFFC000BB125F079BC0C4B1B7883B10B490C4A37
:10F00C000968536903290CBF12691A46002A18BFF4
:10F01C001346084A013B02EB0313185C7047064B7E
:10F02C00FBE700BF01680320CB5B0320AC61002031
:10F03C00EC500020D8782020C8782020002808B573
:10F04C0021DD124B1A6882421DDB4B1E0F2B1AD886
:10F05C000F4B5B69002B18BF013B02FB0300B0F5A3
:10F06C00817F10D2552301EB810103FB0011094B69
:10F07C005A5C42B11046FEF76BFA20B91046BDE857
:10F08C000840FFF7B3BF002008BD00BFA05F002001
:10F09C00EC500020395FF6700E28F8B52ED81A4BBC
:10F0AC0053F8206056B32823002403FB00F2174BBF
:10F0BC00274603F1230515441A4415F8013FCBB13B
:10F0CC0092ED036AD2ED007AD2ED066A37EEC67A7B
:10F0DC00F0EEE65AB0EEC77AB4EEE57AF1EE10FA3D
:10F0EC000DD882ED006A2F7092ED000A2146304651
:10F0FC00FBF740FF01340432032CDED1F8BD77EE70
:10F10C00A67AC2ED007AEFE7785D0020AC91002082
:10F11C0038B5054D0024013455F8040BFFF7BCFF3E
:10F12C000B2CF8D138BD00BF8C250020104B07EEFE
:10F13C00902A53F8203010B5C3B10A220D4BF8EECB
:10F14C00E77A02FB001203EB8204282294ED007A8A
:10F15C0002FB003384ED030A012230EE470A0B4414
:10F16C0083F8242080EE277A84ED067A10BD00BF48
:10F17C00785D0020AC9100200C4B53F820309BB1F3
:10F18C000B4B282202FB003000234FF07E524360D1
:10F19C008360036143618361C36103620023026086
:10F1AC00C260838480F82630704700BF785D0020F1
:10F1BC00AC9100202DE9F84FDFF84C800025114F61
:10F1CC00DFF8489008F1230A57F8042B59F822006D
:10F1DC0090B12823002403FB0286A34603FB02A262
:10F1EC0096ED030A21460134A6EC010A02F801BF90
:10F1FC00FBF7C0FE032CF3D101350B2DE4D1BDE898
:10F20C00F88F00BF8C250020AC910020785D002089
:10F21C000E2838B5044647D8494D55F82030002BF8
:10F22C0042D03C22474B02FB003303F50762D2ED80
:10F23C00007AF5EEC07AF1EE10FA36DDB7EE000A80
:10F24C00F4EEC07AF1EE10FA07D49FED3F0AF4EE1B
:10F25C00C07AF1EE10FA30FE270A9FED2D4B9FED90
:10F26C002E3B9FED2F2BB7EE001BB7EEC00A19F00B
:10F27C0021FB202200212046F7EEC06B9FED330AC4
:10F28C00FFF754FF20229FED310A0121FFF74EFFBB
:10F29C00B7EE000A20220221FFF748FFB0EE660A03
:10F2AC0055F82400FCF74EFE38BD03F66C03D3ED85
:10F2BC00007AF5EEC07AF1EE10FA26D49FED220A10
:10F2CC00F4EEC07AF1EE10FA30FE270A9FED164BE1
:10F2DC009FED173B9FED122B9FED171BB7EEC00A4E
:10F2EC0019F0E8FA202200212046F7EEC06BB7EEA9
:10F2FC00000AFFF71BFF20229FED140A0121FFF7E4
:10F30C0015FF20229FED110AC5E79FED100ADDE7DE
:10F31C00000000000088A3400000000000004440F2
:10F32C000000000000004040000000000088C340C6
:10F33C00000000000094714000000000000000007C
:10F34C00B45D0020E897057000000042000000004A
:10F35C0070B5451E04460D2D7ED8DFE805F0077903
:10F36C00777573716F6D7D7D6B7D697B3B484FF459
:10F37C008033012200268361114601329FED380A49
:10F38C00FBF7F8FD042AF7D1364A3C234FF08341B2
:10F39C0003FB042303F5086003F67C03016020469D
:10F3AC0019600F21FEF7AEF84FF082430B2D03606E
:10F3BC0009D82D4B072D03EB84031E609EBF2B4BEE
:10F3CC0003EB84031E603C23294D9FED2A0A03FBAB
:10F3DC000422294B02F50A6253F82400274B1660CD
:10F3EC004362FCF7AFFD55F8240068B19FED1C0A91
:10F3FC00FCF740FC55F8243072B64FF0004203F590
:10F40C00A043C3F8602662B61D4B53F8243023B1D9
:10F41C0000229A614FF480325A621A4B4FF4887270
:10F42C00204653F824301A83BDE87040FFF7A4BE81
:10F43C0015489CE715489AE7154898E7154896E74C
:10F44C00154894E7154892E7154890E715488EE75C
:10F45C0015488CE715488AE770BD00BF1CE0FE70AC
:10F46C0000000000E8970570287B2020047B2020FA
:10F47C00445E002000401C46B45D002000B76D5B6C
:10F48C00085E0020785B0020DCE1FE7014E2FE7068
:10F49C0094DEFE70CCDEFE7004DFFE703CDFFE708E
:10F4AC0074DFFE70ACDFFE70E4DFFE70A4E1FE7072
:10F4BC0013B504460846237C227A934229D207EEE0
:10F4CC00902A013B9FED163BB8EE672B04EE103AE9
:10F4DC0007EE901AB8EEC44BB0EE431BB8EE670BB8
:10F4EC0019F0E8F9B5EEC00BF1EE10FA13D4237C49
:10F4FC00013B07EE903AB8EEE77BB4EEC70BF1EEAA
:10F50C0010FA37FE007BFCEEC77BCDED017A9DF83F
:10F51C00040002B010BD9FED027BF4E7AFF3008056
:10F52C00000000000000000007B504283FD8DFE809
:10F53C0000F0031E293E38001046FDF7E3FF90ED66
:10F54C00007AB5EEC07AF1EE10FA24D4DFED1E7A13
:10F55C00B4EEE77AF1EE10FA20DCB7EEC77AFCEEE7
:10F56C00C77BCDED017A9DF8040003B000BD0B23E1
:10F57C0003FB0211154B01F20A3103EB810393EDEE
:10F58C00007ADEE7C2EB0212104B0A4402F59572C8
:10F59C0003EB8203F3E79FED087BE0E79FED087B2D
:10F5AC00DDE7531E072B02D8094B985CDDE70020E2
:10F5BC00DBE700BFAFF3008000000000000000009C
:10F5CC00000000000000404000000042E897057079
:10F5DC007A6600202E4B2DE9F7431A682D4B9A4280
:10F5EC004DD12D4B00262D4C1D792D4BDFF8C8909D
:10F5FC0013F805804FF4A0732A4F03FB05445023E6
:10F60C0003FB08440F2D227819D819F815309342B2
:10F61C0015D109EB450194F901304978591A4B423F
:10F62C004B418ABB94F90120032A2DD1EA1ED2B298
:10F63C004BB1012A05D91C4B1A889B780EE000238C
:10F64C00EFE71A4BF8E7012A1CD90C22184B02FBE6
:10F65C00083306EB460299189A5A8B78ADF80420B9
:10F66C0014348DF806300198FDF75EFE01464C20EF
:10F67C0000FB0670013619F067FB042EC2D103B0F3
:10F68C00BDE8F0830B4BD7E7002BDED0D3E700BFF0
:10F69C00B85B00202C5D0020EC500020C8642020BA
:10F6AC00B8800320806F0020A8230020AB2300200B
:10F6BC003A660020AE230020A8642020264B14229A
:10F6CC00F0B45E685023254D4343F4B202FB013382
:10F6DC004FF4A07202FB0633EF5CEA18204B13F8D0
:10F6EC0014C0BC4511D103EB440C92F901209CF8D9
:10F6FC0001C0944509D1032203F81420FF2203EB27
:10F70C0044035A70F0BCFFF765BF012F02D0022FE3
:10F71C000ED0F7B9502203F814704243142000FBAA
:10F72C0001224FF4A07101FB06222A445278E6E72D
:10F73C0050225043142202FB01004FF4A07202FB32
:10F74C000600054495F90120052A02DC03F8147023
:10F75C00D5E7F0BC704700BFEC500020C8642020F7
:10F76C00A86420200B4610B509B9002010BD002A52
:10F77C00FBD0002119700028F7D001780029F4D0B3
:10F78C002A2902F1FF340CBF411C014622461846BF
:10F79C0022F060FE002202550078801A18BF01206A
:10F7AC00E4E70000431E072B70B50D4617D8B1B126
:10F7BC000B78A3B1C40108220C49284622F038FE6C
:10F7CC000B4E024604F1270398194AB97F2205F122
:10F7DC00080122F03FFE2644002386F8A63070BDB7
:10F7EC002B46044A802122F0F7FCF4E71F4100204D
:10F7FC00E89705702841002002480378002B08BFC9
:10F80C0000207047136803200123024A1370024A38
:10F81C0013707047D26600208566002008B5431E21
:10F82C00072B0AD8064B1B780BB125F0EDF8054BCE
:10F83C0018880128B8BF012008BD0020FCE700BFD4
:10F84C00D26600207C5A032008B5431E072B0AD829
:10F85C00FFF7E4FF054B1B689A6B002A04DD90420E
:10F86C00A8BF1046986308BD0120FBE7B85B0020D9
:10F87C0038B50446FFF7E8FF2046FFF7CFFF0D4BE6
:10F88C0005460D481B689C6B19F082F80A4819F064
:10F89C0057F984420DD00121074819F027FA29465F
:10F8AC00054819F01FFA21460348BDE8384019F005
:10F8BC0015BA38BDB85B002064700020034B1B8860
:10F8CC0098423ABF024B185C022070477C5A0320C6
:10F8DC00485800702DE9F8439146884625F094F875
:10F8EC002A4B99F800001D88012D2E46B8BF012621
:10F8FC0000283CD0264F0024A5422BDC0024254FA9
:10F90C000025254801343B6829461D6319F0EEF9A2
:10F91C002946214819F0E6F929461F4819F0DEF965
:10F92C003B6801211D489C6319F0E0F931461B48E6
:10F93C0019F0D8F92146194819F0D0F944451EBFE1
:10F94C00174B01221A70174B174A1B68DC331360D4
:10F95C00BDE8F8832046FFF7B1FF012804D14946E2
:10F96C00384622F039FD50B101344137C4E7012D3E
:10F97C0009D9FFF7A3FF841E18BF0124BFE7B442C7
:10F98C00BDDB741EBBE70446B9E700BF7C5A0320FD
:10F99C0048590070B85B002018700020647000207B
:10F9AC00CF800320145003208446032013B51A4B38
:10F9BC000021044601701B689A6B013A21D4174B45
:10F9CC001B889A421DDA1046FFF778FF022818D1DF
:10F9DC00134B02EB821213495B680A441249082B41
:10F9EC00A8BF0823012BB8BF0123D80101EBC31317
:10F9FC00095C49B10092A0210C4A204622F0ECFB94
:10FA0C000121084602B010BD1346A021084A204629
:10FA1C0022F0E2FBF4E700BFB85B00207C5A032025
:10FA2C00EC5000204859007048DB00702C4100203D
:10FA3C00A33B00201E4B01461B689A6B013A30B564
:10FA4C00A3B02BD41B4B1B889A4227DA1046FFF726
:10FA5C0035FF022822D10829174B02EB8212A8BFCE
:10FA6C0008211A44012908461449B8BF0120C501D0
:10FA7C0001EBC013495D99B100928021104A02A894
:10FA8C0022F0AAFB0F4C05F127007F2202A920448B
:10FA9C002C4422F0DFFC002384F8A63023B030BDC8
:10FAAC0013468021084A02A822F096FBEAE700BF21
:10FABC00B85B00207C5A03204859007048DB00706A
:10FACC0034410020E89705706141002008B5431EC1
:10FADC00072B01D9002008BD094B1B780BB124F072
:10FAEC0093FF084B1B689B6B013BF3D4064A1288AF
:10FAFC009A42EFDD054AD05C831E58425841EAE732
:10FB0C00D2660020B85B00207C5A03204858007055
:10FB1C0070B500258CB0204E4FF0100C099501FBF0
:10FB2C0002F48DF81C105C438DF82620CDE901659C
:10FB3C001A4E039606F15B4606F5F11606F60F46CD
:10FB4C0004960126CDE905C6154E8DF81A30CDE97F
:10FB5C000A651D0A53432C228DF81B500D0ADB102D
:10FB6C008DF81D500D0C090E8DF824308DF81E509B
:10FB7C008DF81F10E1088DF82010E10A8DF8211086
:10FB8C00E10CE40E8DF8221001A98DF82340FAF750
:10FB9C00D0FB0CB070BD00BF52494646574156458C
:10FBAC006461746101F1240337B5044604220069D1
:10FBBC000D46CDE900310023FBF7A5FDB0B10422C1
:10FBCC0069462046FAF7B5FB282200232069FBF78B
:10FBDC009AFD58B1042220460DEB0201FAF7A9FB5D
:10FBEC0005F12C0200232069FBF78DFD03B030BD1D
:10FBFC00F8B5154D2B782BB3144C154E154818F041
:10FC0C0044F9B0B123688033B34212D8114818F0CC
:10FC1C0066F92768014610484FF4807200EB4700E4
:10FC2C001AF0D8FD23680B488033236018F073F961
:10FC3C00E4E72268094B9A4204D90023054A2B7049
:10FC4C0082F86633F8BD00BFDD800320044E03202C
:10FC5C00F00B0400944A03200CB5F670EF0B040073
:10FC6C00234B1B782DE9F04733B3224B224F5E68B0
:10FC7C00DFF894907743DFF89480204818F005F96A
:10FC8C00D0B11E4818F02BF9D9F800300146002BE2
:10FC9C0006DD013B1948C9F8003018F03CF9ECE7D7
:10FCAC0058F82640DFF868A0544507D9134818F0D7
:10FCBC0032F9134B01221A70BDE8F087C4F5012507
:10FCCC0007EB44030F4805F54C751844802D28BFED
:10FCDC0080256A002C441AF07DFD084848F826401F
:10FCEC0018F019F958F826305345C6D9E1E700BF8A
:10FCFC00B3800320EC500020AAAA1A00944A0320D7
:10FD0C00F6800320ACA80570BC79002028970570FC
:10FD1C002F13080030B53E4CBFB02378002B4AD0CF
:10FD2C00FFF79EFF00203B4B412205A9207083F872
:10FD3C006603394B394C586224F026FE384B394A4D
:10FD4C005D68D4F888146B1ED4F88404082B28BF83
:10FD5C000125FBF7A3FD18B932492046FCF76CFCD2
:10FD6C00314AD4F88814D4F88404FBF797FD18B9F9
:10FD7C002D492A48FCF760FC2C4AA02105AB16A89B
:10FD8C0022F02AFA16AAD4F88814D4F88404FBF7C3
:10FD9C0085FD18B116A92148FCF76AFC68460123B9
:10FDAC0016AA1E49FCF7F2FB0498FBF76DFC20B970
:10FDBC006846FCF7A3FB3FB030BD1D4C012310225D
:10FDCC004AF644416846FFF7A3FE22681949684683
:10FDDC005200FAF7AEFA216868464900FFF7E2FED6
:10FDEC006846FCF7B3FB1448FFF70EFD802105AB0A
:10FDFC00124A00EBC51022F0EFF90023104A012142
:10FE0C001370104A1170104A82F88530D0E700BF89
:10FE1C00DD800320944A032064DCFE70D071002046
:10FE2C00EC500020AE3B00203A410020C93B0020A2
:10FE3C00044E03200CB5F6700F980570D13B0020D2
:10FE4C001B810320CB800320004A0320034B013885
:10FE5C001B68B0FBF3F00130704700BFA05F0020BF
:10FE6C00124A002113680846B3F5807FC8BF4FF4CF
:10FE7C00807310B5C8BF136000240D4A0131107097
:10FE8C0094601C32102902F80C0CF7D1002209499D
:10FE9C0010469A4202DB084B1C6010BD01F8030BA4
:10FEAC00013201F8020C01F8010CF2E7E0570020D6
:10FEBC00307A00200E002020D8790020084B1870D2
:10FECC0028B9084B02461968074B884200DB70477B
:10FEDC0003F8032B013003F8022C03F8012CF4E790
:10FEEC0078660020E05700200E0020203C4B1B7849
:10FEFC002DE9F041002B70D03A4B1B78002B6CD0C5
:10FF0C00431E0F2B69D83849F1EE047A374E002482
:10FF1C000A460B46D6F800E0157895B39569AEEB1A
:10FF2C000505312D2DD892ED017AB4EEE77AF1EE7C
:10FF3C0010FA26D5177C032F23D802F10B0C0025C1
:10FF4C00BD4218DB1C22DFED2A7A02FB043393ED51
:10FF5C00027A1A7C37EE277AF7EE007A991801327A
:10FF6C000873B4EEE77A1A74F1EE10FA77FE877A1A
:10FF7C00C3ED027A31E01CF8018F804501D00135C8
:10FF8C00DEE701341C32102CC6D100221C2404FBE9
:10FF9C0002F55D5D85B10132102AF8D19D69002210
:10FFAC0001244F6B1C31AF4238BF224604F10104CF
:10FFBC0038BF3D46102CF4D11C2101244A4399181A
:10FFCC009C54002308734B604FF07E530C748B6071
:10FFDC004FF07F534B6133688B61BDE8F08100BFFC
:10FFEC0078660020D8800320307A0020145003203B
:04FFFC00CDCCCC3D5F
:02000004600298
:10000000B24B1A78B24B196811F0010F08BF0121E9
:100010002DE9F04F2DED028B85B008BF1960AD4979
:10002000AD4C086808BF2270AC4BC0071B785FBF9F
:10003000AB480370012008602178914203D1A849A0
:100040000978994208D0002A00F00481002B00F0C2
:100050000181A34922700B70002A00F02281002B3D
:1000600000F01F819F4AA04910680B68C31A202B1B
:1000700040F21781086000231C219C4801FB03F417
:10008000045D14B90133102BF8D19949136808683D
:100090001B1A0A2B17D91368964D97480B60FBF76C
:1000A00041FE95ED008A002800F0E4809248FBF7BD
:1000B00043FEDFED927A20EE270ADFED917AA8EE7B
:1000C000270A85ED000A8F4B1868002C00F0D980B4
:1000D0008D4E0023324619468342C0F2EF80002342
:1000E000824CDFED8A8A9FED8A8A00932378002B69
:1000F00000F01981834B94ED017AD4ED057AD3EDAC
:10010000006A37EE277AD4ED027AF8EEE66A67EEF7
:10011000A87A84ED017AB4EEE67AC4ED027AF1EEC3
:1001200010FA80F2FD80F4EEC87AF1EE10FA00F1D8
:10013000F780002504F10B0B764BA946AA46A8468A
:100140002F46227C424500F32D8117B9FF25A94691
:10015000AA46684BF7EE005AD3ED007AF4EEC87A5F
:10016000F1EE10FA40F36F81B0EE657ADFED636A6D
:10017000A7EEA67AF0EE007AB4EEE77AF1EE10FA86
:1001800077FE877A94ED026A66EE277AF5EEC07AFA
:10019000F1EE10FA00F15A81F4EEE57AF1EE10FA80
:1001A00075FEA77AB2EE007A94ED015A564F4FF0E1
:1001B0000008DFF850B126EE076ADFED574ADBF89A
:1001C0000030434540F3AF8007EE108AF8EEC76A6F
:1001D00076EEC56AF0EEE66AB4EEE66AF1EE10FA83
:1001E00034DD86EE867A0DF10E020DF10D0103A8C5
:1001F0008DF80CA08DF80D908DF80E5035EEC77A65
:1002000027EE077A27EE877A27EE247ABCEEC77AA4
:100210008DED017A9DF80430FAF75DF83B789DF892
:100220000C2013449DF80D20FF2BA8BFFF233B702B
:100230007B7813449DF80E20FF2BA8BFFF237B7013
:10024000BB781344FF2BA8BFFF23BB7008F1010844
:100250000337B4E72B492C480E6800210D468E4227
:100260007FF7F7AE00F8035B013100F8025C00F89D
:10027000015CF4E7DFED297A28EE278A85ED008A14
:1002800021E71C4BDFED227A93ED007AB4EEE77A9A
:10029000F1EE10FA7FF51CAF1B4A2346214683423C
:1002A00004DB05B0BDEC028BBDE8F08F02F8031B48
:1002B000013302F8021C02F8011CF0E702F8031BEC
:1002C000013302F8021C02F8011C05E778660020E1
:1002D000D8770020D4770020D16C0320D880032069
:1002E000D06C0320145003208C860020307A00202C
:1002F00088860020D87900202C4703209A99993EBF
:100300003333333FE05700200E0020201F856B3F22
:100310000AD7233C4880032000007F433333733FD8
:10032000002323702374009B1C340133102B009393
:100330007FF4DCAE474B9FED487AD3ED007AF4EEC4
:10034000C77AF1EE10FAACDD9FED447A0021444B00
:1003500027EE877ADFED436A18688842A1DD67EEF1
:10036000267A327801310336FCEEE77A17EE903ABE
:1003700052FA83F2FF2AA8BFFF2206F8032C16F8D0
:10038000022C52FA83F2FF2AA8BFFF2206F8022CA1
:1003900016F8012C52FA83F3FF2BA8BFFF2306F8AF
:1003A000013CDAE71BF8012F511E0F2937D802EB69
:1003B00042015818595AADF808109DF808109DF8D8
:1003C00009C0807841EA0C018DF80A000143C9B2E6
:1003D00061B9A2F10901012901D90C2A22D1224ACD
:1003E00011889278ADF808108DF80A209DF8082041
:1003F00001375244FFB2FF2AA8BFFF225FFA82FAF8
:100400009DF809204A44FF2AA8BFFF225FFA82F91B
:100410009DF80A202A44FF2AA8BFFF22D5B208F17E
:1004200001088EE6FF211201B2FBF1F002448DF8C3
:100430000D108DF80E1003A802A98DF80C20F9F705
:1004400088F90A4BD2E7F0EE657A9BE6DFED087A91
:10045000A8E600BFD87900200AD7233CCDCCCC3DFC
:10046000E057002000004842B623002048800320C7
:1004700000000000054A12783AB1054A127822B10C
:10048000431E0F2B01D8FFF737BD70477866002059
:10049000D8800320034B01221A70034B1A68034BC8
:1004A0001A6070477768032014500320047A0020F4
:1004B000054B1B7823B1054B19780A431A70704716
:1004C00049B224F0E7B900BFD8800320AA6803200E
:1004D0000C4B0D4A1B68934212D1196B0B1D0DD8A2
:1004E0000331FF2928BFFF21084BCAB21878904278
:1004F00006D049B21A201A7024F0CCB90321F3E7D0
:10050000704700BFB85B002034650020D56600202E
:100510000A4B0A200A4A1B78117841EA4311094B19
:100520001B7883F0010341EA4301074B1B789B00D2
:1005300003F01C03194349B224F0ACB956690320F7
:10054000086803208666002084660020974B1B788D
:1005500070B59CB0002B51D024F008FA29284DD159
:100560001BF0B8FF032849DD1BF092FF432847D159
:100570001BF0B0FF5D2841DD1BF0E4FF43283DD1B7
:100580001BF0E0FF4F2839D11BF0DCFF4C2835D1A0
:100590001BF0D8FF522831D15A2205A98448FBF715
:1005A000EBFA5A282AD105AB824A002019460130BD
:1005B0004D788C78033211F8036B0F2802F8025C37
:1005C00002F8036C02F8014CF1D17B4A00210131A1
:1005D00093F82E4093F82F00033293F82D500F29F3
:1005E00002F8024C03F1030302F8035C02F8010C69
:1005F000EDD10123714A1370714A13701CB070BDA4
:100600001BF046FF422831D11BF064FF0428F5DDC2
:100610001BF098FF4228F1D11BF094FF5228EDD136
:100620001BF090FF4928E9D11BF08CFF5428E5D13D
:100630001BF088FF634BC0B2022898BF03201870DC
:1006400041B204461A2024F025F95F4B5F4A1B682B
:10065000934207D1032C5E48B8BF0324E11E1963FF
:1006600018F042FB564B01221A70C7E71BF010FF2F
:10067000532840F095801BF02DFF5D28BEDD1BF058
:1006800061FF5328BAD11BF05DFF4128B6D11BF0A2
:1006900059FF5628B2D11BF055FF4528AED15A223A
:1006A00005A94348FBF768FA5A28A7D1494C4A4A9A
:1006B000D4F88814D4F88404FBF7F6F818B1464946
:1006C0002046FBF7DBFF68460123434A4149FBF71D
:1006D00063FF0498FAF7DEFF00285DD005AC002622
:1006E000254629786846F9F759FE01366978684643
:1006F000F9F754FEA97868460335F9F74FFE0F2E37
:10070000EFD105AD002695F82D106846F9F746FEA5
:10071000013695F82E106846F9F740FE95F82F102F
:1007200068460335F9F73AFE0F2EECD16846FBF721
:1007300013FF0321412019F0C3FF0021FFF7AAFE98
:10074000264B03221A7005AB1A4A01315D7898785E
:10075000033213F8036B0F2902F8025C02F8036CF2
:1007600002F8010CF1D1144B0022013294F82E0052
:1007700094F82F10033394F82D500F2A03F8020C2D
:1007800004F1030403F8035C03F8011CEDD1012319
:100790000A4A13700A4A13706846FBF7B5FE2DE744
:1007A0001CB0BDE870401BF0CDBE00BFD28003205E
:1007B000105200204880032075800320A28003206F
:1007C00073680320D5660020B85B002034650020E4
:1007D000CC6F0020D0710020E43B0020A6800320D5
:1007E000064903220B780133B3FBF2F202EB42021B
:1007F0009B1A01220B70024B1A707047C8800320AD
:1008000073680320054B93F90000054B20EAE07064
:1008100093F90030002BB8BFC01A7047DF66002084
:10082000DE660020054B93F90000054B20EAE070DE
:1008300093F90030002BB8BFC01A7047DE66002065
:10084000DF6600201F4B1B7810B5002B31D0002332
:100850001D4A1E4C13701E4A136022681D4B4ABB72
:100860001A701D4B1D4A1B784BB3516920684B1EF3
:10087000434301331A481161036000231377194B76
:100880001B7843B1184B1B782BB1184BFA215B6DC9
:100890001868FAF71DFE164B00221A70FFF7C2FF08
:1008A000044619F029FD4FF47A7303FB0400114B41
:1008B000186010BD01221A7023F0E0FFD1E7012378
:1008C0001946D7E736660020FF670320A05F0020A7
:1008D000904A032054690320CB5B0320EC50002096
:1008E000705B002032660020C85B0320C0700020CF
:1008F000F58003201C7A0020024B034A1B78D05C51
:10090000704700BF84660020763B0020034B1878B8
:1009100018B1034B18780130C0B270470868032043
:1009200084660020094B1870094B1B7843B1094BB2
:100930001B782BB9084B4FF4800218B1C3F88820FC
:10094000FFF7E6BDC3F88420FAE700BF8666002003
:10095000086803207668032000800042024B187864
:1009600080F00100FFF7DEBF8666002008B5064B69
:10097000187020B1054B1B780BB9FAF79FF9BDE849
:100980000840FFF7C5BD00BF56690320D88003208B
:1009900032280146054B4FF01E0028BF32210129A5
:1009A00038BF0121197049B223F074BF7966002065
:1009B000134B1B7837B50546FBB11029A8BF102192
:1009C0000129B8BF01210846FCF7C8FDA8B9CCB27F
:1009D00082F3070385F307059021DBB20948EAB2E9
:1009E0000094FAF778FD084A13780F2B05D80749C9
:1009F000CD540749CC540133137003B030BD00BF50
:100A000035660020C07000201C81032090922020B9
:100A100080922020F7B50C4B00240C4D0C4E1F7813
:100A20001C70E3B29F4201D9102C01D103B0F0BD7C
:100A300016F8013B8021074801340093002315F884
:100A4000012BFAF748FDECE71C810320909220204F
:100A500080922020C07000202DE9F04F074685B01D
:100A600088464F4D552602A8FCF7A4FC20BB4D4BF1
:100A70001B68F3B17B1EFF2B1BD808F1FF33FF2B44
:100A800017D8494B0DF104090446454E1A889B7846
:100A9000ADF8042089F8023055235F4303FB08F8C2
:100AA00019F804502846FCF759FD20B30134032CF3
:100AB000F6D105B0BDE8F08F9DF80A100846FCF7A6
:100AC0004DFD0028CFD1BDF80C20531EFF2BCAD8F6
:100AD0009DF80B3003EB830306FB0233EA18E9545D
:100AE0009DF809305370642393700123D3709DF8EF
:100AF00008301371B7E72D4B024603EBC51A1AF8FD
:100B00000230002B42D0D1B22846F9F723FE00EB89
:100B1000800307EB030C16F80CE00CEB060B754595
:100B20000FD19BF804C09BF904B0BBF1000F31DB7F
:100B30008C4514BF4FF0000C4FF0010CBCF1000FBE
:100B400024D1434406EB030CF35CAB421ED19CF86A
:100B500004309CF904C0BCF1000F1EDB8B4215D1A0
:100B6000BEF1000F01D0754510D100EB8000C11916
:100B70004044304473187554417859704FF0640103
:100B800099704FF01601D970017919710132802ADC
:100B9000B5D18BE7BCF1FF0FCBE7FF2BDFE700BF41
:100BA000395FF670EC50002047410020BA5E032008
:100BB00008B519F0A1FB0246FFF724FE4FF47A7343
:100BC00003FB0022014B1A6008BD00BF1C7A002005
:100BD00000000000013810B50C4604282AD8DFE8D0
:100BE00000F003292A4E78003C22544B02FB0133CB
:100BF00003F2AC439FED494B93ED000A9FED493B57
:100C00009FED4A2BB0EE441BB7EEC00A17F058FE1A
:100C10000B2CB7EEC00B08D1FCEEC07A484A17EE99
:100C2000903A13805380938048E0464B53F8240059
:100C3000FBF7E8F810BD3C22404B02FB013303F206
:100C4000B4439FED363B93ED000A9FED3A4B9FED89
:100C5000372BB0EE431BB7EEC00A17F031FE0B2C5A
:100C6000B7EEC00B05D1FCEEC07A374A17EE903ACA
:100C7000D7E7344B53F82400FBF7E4F8DAE73C22DB
:100C80002E4BB7EE004B02FB013303F597639FED4C
:100C9000233B93ED000A9FED252BB0EE431BB7EEEF
:100CA000C00A17F00DFE0B2CB7EEC00B0BD1274B73
:100CB00083ED000A83ED010A83ED020A0020BDE8FE
:100CC0001040FBF773BF1F4B53F82400FBF7DAF813
:100CD000B0E73C22194B02FB013303F2BC439FED0A
:100CE0000F3B93ED000A9FED134B9FED102BB0EEE1
:100CF000431BB7EEC00A17F0E3FD0B2CB7EEC00B99
:100D000005D1FCEEC07A124A17EE903A89E70D4BF6
:100D100053F82400FBF7CEF88CE700BF000000007A
:100D2000000000000000000000409F4000000000A4
:100D3000000040400000000000408F40E897057030
:100D4000A0650020105C0020C66500201C64002007
:100D5000006600203C22134B02FB00334FF084421C
:100D600003F2AC4110B50A6003F2B44104460A60D4
:100D700003F5976103F2BC430A600022014601209B
:100D80001A60FFF727FF21460320FFF723FF2146C4
:100D90000420FFF71FFF21460520BDE81040FFF7A4
:100DA00019BF00BFE89705700D4B53F830304BB1B9
:100DB0000139032906D8DFE801F002060A0E0022F5
:100DC0001A625A86704700221A620222F9E700224C
:100DD0001A620122F5E700221A620322F1E700BF3E
:100DE000984F03200928034BA8BF092020EAE07090
:100DF000185C7047204F0020092802463448A8BFDD
:100E00000922344922EAE272805C07EE900A3248F5
:100E1000F8EE677A805C08B501F56163C3ED007A8E
:100E200007EE900A2D4801F61463F8EE677A805CAD
:100E3000C3ED007A07EE900A01F618634FF0834085
:100E4000F8EE677AC3ED007A01F56263186001F687
:100E50001C632348805C07EE900A1046F8EE677A20
:100E6000C3ED007AFFF7BEFF07EE900A01F63833B4
:100E70001046F8EE677AC3ED007AFAF70FF91948D1
:100E800001F5E863805C07EE900A1748F8EE677A90
:100E9000805CC3ED007A07EE900A144801F5E9631F
:100EA000F8EE677A805CC3ED007A07EE900A01F2F3
:100EB0004C7301F5EA61F8EE677AC3ED007A0C4BEA
:100EC0009B5C07EE903AF8EE677AC1ED007A08BDB8
:100ED000F84E0020E8970570024F00200C4F0020CC
:100EE000164F0020DA4E0020D04E0020EE4E00209B
:100EF000E44E00200B2802D10846FFF77DBF704763
:100F00000A4B1B68022B0ED1094B1A68094B9A42F7
:100F100009D1431E072B06D8074B5B68984202D1C4
:100F2000064B187870470020704700BF8C4A03209A
:100F3000B85B0020E8620020EC5000201B810320F9
:100F4000034B1B7813B1034B01221A70704700BF8B
:100F50001B810320CE80032008B5064816F076FFDB
:100F600010B1044816F002FC0348BDE8084015F033
:100F700022BC00BF88470320348C002038B5184BB2
:100F80001C7D1CB9174816F061FF0446FBF7F0FA08
:100F9000FFF7E2FF1CB9144B00221A7038BD19F09C
:100FA000ABF942F20F7405460E4816F04FFF38B108
:100FB00019F0A2F9401BA04202D8F8F7E7F8F3E7CE
:100FC0000A490B4B0B4A48681B68B3FBF2F340F627
:100FD000B83253434A68121A9342FBD8DBE700BF8A
:100FE0009456002088470320FD800320001000E075
:100FF000E850002040420F00094B002210B5044683
:101000001A70FFF7BBFF23F021FC0123054A21469C
:1010100005481370054ABDE81040137016F0E2BB96
:1010200006680320FD800320884703201B810320DE
:10103000084A13786BB1084B08491B6809685B1AAA
:10104000452B06D900230648137003780BB1FFF730
:10105000D3BF70470668032014500320CC790020CA
:10106000AE680320074B1B7843B9074B1B78002B56
:1010700014BF4FF400504FF4803070474FF40050CD
:10108000704700BFD88003200568032008B5F8F733
:101090007DF80A4B1B7813B9094B1B7863B10949DA
:1010A000094B0A4A48681B68B3FBF2F350225343CA
:1010B0004A68121A9342FBD808BD00BFD8800320AB
:1010C00005680320001000E0E850002040420F00B7
:1010D00070B506460D461446224629463046F9F7B5
:1010E0002EF930B1241A0544FFF7D0FF002CF3D1BC
:1010F000012070BD104B1B7870B505460C460F4E95
:101100008BB933887BB1ACB1013CF9F7DDFE0C49FA
:101110002846224621F0A4F900232B552878C01A2E
:1011200018BF012007E023F085FB3388002BEAD1AC
:1011300004B12B70002070BD85660020765A032014
:101140001368032038B51B4C0546238883B1002D56
:1011500013DC1AD018492288B1F90030013B93FB07
:10116000F2F002FB1033002BB8BF9B180B800CE091
:1011700023F060FB0028EAD138BD0F4D2288B5F975
:10118000003001339A4207DD2B80F9F79DFE20885D
:10119000003818BF0120EFE71F2A09D8074B1B882A
:1011A000934205D9F9F724FD10B12388013BEBE701
:1011B0000023E9E7765A0320785A03207A5A03205D
:1011C000082803D8024B185CC0B270470020704753
:1011D0003F8003202DE9F047264B274C1F682168EC
:1011E00063685A1AB2F5007F0BDCA7F51C56002580
:1011F000103ED4E90023991AB5EBE10F04D3BDE802
:10120000F087083B6360EBE702EBC5084FEAC509CE
:10121000D8F80410B14206D2083B93E8030088E8EE
:1012200003006360E5E7B94222D812F809A05046EE
:10123000FCF794F960B95046FFF7C2FF40B9504639
:10124000FFF75EFE98F8022058B11046FFF778FECF
:10125000D4E90023083B4A4493E8030082E80300F2
:10126000DFE7012398F801105046FCF727FDEFE770
:101270000135BEE7145003207C470320082802D81C
:10128000014B00221A5470473F800320F0B587B00D
:1012900004460E46FBF76CF93D4816F0D7FD0028D2
:1012A00041D13C4B1F78002F3DD121463A4D3B4C5C
:1012B0009F223B4821F0D4F804F11502D5F8881498
:1012C000D5F8840484F8B470FAF7EEFA58B33B46C4
:1012D000294604F1150201A8FBF75EF92369059D73
:1012E00013B12046FBF7FEF8002301A82561059302
:1012F000FBF70AF92069FAF7CDF9A0B101AA69460E
:101300002648FAF714FA40B92C2320690093FAF71B
:10131000F9F92C3820EAE0700190019B012B04D8E8
:101320001E48FBF719F907B0F0BD009F1D4AC4E93C
:101330002E735B08C4F8C030D6B100251A4815607A
:1013400029464FF40062C4F8C450A4F8C85021F0F4
:1013500040F8012200232069227507EB4502C4F8FA
:10136000CC30A4F8D03007B0BDE8F040FAF7D1B9DE
:1013700015684FF42072A4F8C8505543AB42C4F826
:10138000C450E6D807B0BDE8F040FBF7F1B800BFA5
:101390008847032006680320D0710020945600205F
:1013A000A956002028470320808A202030B5C9B0E4
:1013B0001D4D802168466C68FFF79CFE90B3A0220B
:1013C00020A96846FEF7D4F960B39DF880304BB38E
:1013D000082C204620A94FF00004A8BF08200128AF
:1013E000B8BF0120FEF7E4F9FBF7C2F86423C5E9B2
:1013F0000B430E4B83F88540C3F88040C3F8884008
:101400009DF8803073B19F2220A9094821F028F867
:10141000074B012283F89F40064B1A70064B1A684F
:10142000064B1A6049B030BDEC500020004A032042
:10143000AE6803200668032014500320CC790020F6
:1014400008B5FFF77FFE18B1BDE80840FFF7AEBF53
:1014500008BD0000074B187850B1074B1868074BC0
:101460001B68C01A43F6982398428CBF00200120C5
:10147000704700BFAB68032014500320C4790020DC
:1014800010B50D4C2378834214D070B10B4B32222F
:101490009A60F9F7F5FBF9F78FFD012308492370EE
:1014A0000848BDE81040FAF745BA2070BDE8104082
:1014B000F9F7E6BB10BD00BFB85E03201052002054
:1014C0004B41002055410020012801D8FBF76EBB9D
:1014D0007047000000EE103A062304EE101A03EEE7
:1014E000102A4343A14A07214FF6BA7CB8EEC44BF9
:1014F000B8EEC33BB8EEC00B2DE9F041D5189C4FB8
:101500004FF0640E0C26DFF884822DED028BD15251
:101510004FF6F9729749B2EE028B6A800022CC181E
:1015200027F803C0CA521321DFF864C2A180F9185A
:10153000462766808A804F8000EB4007DDED092A50
:101540000CEB07010CF807E04FF0410C08EB030E21
:101550009DED0A7A81F801C04FF0230CAA8081F832
:1015600002C0DFF830C29FED735B0CEB03012CF877
:101570000320DFF824C24A8024EE054B8A800CEB5E
:1015800003012CF803204FF07E5C4A8023EE053BDC
:101590008A80794920EE050B00FB0611C1F800C0D6
:1015A000C1F804C0C1F808C002219FED641B9FED83
:1015B000656B28F80310DFF8E481A4EE016BAEF848
:1015C0000210AEF8041008EB030E28F80320DFF831
:1015D000D081AEF80220AEF8042008EB030E28F804
:1015E0000320AEF80220AEF80420DFF8B8E1B7EE31
:1015F000C66B00FB06EE9FED551B9FED564BCEF8DC
:1016000000C0FCEEC67ACEF804C0A3EE014BCEF8C3
:1016100008C0DFF894E10EEB030C2EF80310B7EED0
:10162000003BACF80210ACF8041017EE901AB0EEC4
:10163000431BDFF878C1DDED087A0CEB030E2CF8C4
:101640000310A0EE081B4D4BAEF8041000FB063350
:10165000AEF802102946B7EEC44B9FED406B83ED08
:10166000024A83ED014A83ED004AB8EEE74B444B52
:10167000B7EEC11B24EE054B00FB0633414E83ED54
:10168000021A83ED011A374483ED001A0123BA7060
:101690007B7023469FED331BA4EE016BB1EE001B64
:1016A000B7EEC62BB8EE006BA4EE016BB8FE466B2E
:1016B000BDEEC66BB1F9004016EE105A013207EECE
:1016C000904A032AF8EEE77A77EE827AFDEEE77A1F
:1016D00017EE904A21F8024BB3F900402C4423F84E
:1016E000024BE7D1B8EEE26B274BB8EEC77B00EBBD
:1016F0004002B1EE0C4B03EB800326EE056B27EEA8
:10170000057BA6EE043BB2EE006B27EE067BB7EE40
:10171000C33BBBFE477BFDEEC77B83ED003A17EE74
:10172000903AB354BDEC028BBDE8F041FFF7CCBE5C
:10173000AFF30080000000000000A03F00000000A8
:1017400000E0B5400000000000007940000000A06B
:1017500099991340000000A09999B93F000000003A
:10176000000049C00000000000005940265A032034
:101770008E5A0320545B03201C64002080620020EA
:10178000145D0020E76600205C7B202000660020BE
:10179000E1660020A0650020C6650020AC65002041
:1017A000D2650020346400200C660020BA65002059
:1017B0000000000000EE103A062304EE101A03EEBB
:1017C000102A43430022A149B8EEC44BDFF898C267
:1017D000B8EEC33BB8EEC00B2DE9F041CD189C4FDD
:1017E0004FF0640E0C26DFF884822DED028BCA5276
:1017F0004FF6F971FA52B2EE028B69800721DDEDE6
:10180000092AA98093499DED0A7ACC18CA52F91881
:10181000232766804F804FF6DD77A2808F8000EB14
:1018200040070CEB07010CF807E04FF02D0CDFF838
:1018300040E281F801C04FF0140C9FED765B81F817
:1018400002C0DFF830C224EE054B0CEB03012CF88C
:1018500003200EEB030C4A8023EE053B8A80FA211D
:101860002EF8031020EE050BDFF80CE2ACF80210A6
:1018700000FB06EEACF804104FF0000C28F8031043
:10188000CEF800C0CEF804C0CEF808C008EB030EB6
:10189000DFF8E881AEF80210AEF8041008EB030E92
:1018A00028F80320DFF8D881AEF80220AEF8042033
:1018B00008EB030E28F80310AEF80210AEF804107F
:1018C000DFF8C0E19FED551B9FED566B00FB06EE68
:1018D000A4EE016BCEF800C0CEF804C0CEF808C06C
:1018E000DFF8A4E19FED511B9FED524B0EEB030C73
:1018F0002EF80310A3EE014BACF80210ACF8041064
:10190000DFF888C1B7EE003B0CEB030EB7EEC66BF9
:10191000B0EE431BFCEEC67AA0EE081B17EE901A41
:10192000DDED087A2CF803104B4BB7EEC44BAEF844
:10193000041000FB0633AEF80210294683ED024A7C
:1019400083ED014A83ED004AB8EEE74B434BB7EE17
:10195000C11B24EE054B00FB0633414E83ED021AFA
:1019600083ED011A374483ED001A01239FED331BE9
:101970009FED346B7B700323A4EE016BBB70234699
:10198000B1EE001BB7EEC62BB8EE006BA4EE016BF8
:10199000B8FE466BBDEEC66BB1F9004016EE105AAC
:1019A000013207EE904A032AF8EEE77A77EE827A60
:1019B000FDEEE77A17EE904A21F8024BB3F90040AA
:1019C0002C4423F8024BE7D1B8EEE26B254BB8EE7E
:1019D000C77B00EB4002B1EE0C4B03EB800326EE1D
:1019E000056B27EE057BA6EE043BB2EE006B27EEFF
:1019F000067BB7EEC33BBBFE477BFDEEC77B83EDAB
:101A0000003A17EE903AB354BDEC028BBDE8F041BA
:101A1000FFF75ABD000000000000A03F00000000DA
:101A200000E0B5400000000000007940000000A088
:101A300099991340000000A09999B93F0000000057
:101A40000000594000000000000049C0265A032051
:101A50008E5A0320545B032080620020145D002016
:101A6000E76600205C7B2020E16600200066002005
:101A7000C6650020A06500201C640020AC65002025
:101A8000D2650020346400200C660020BA65002076
:101A90000000000000EE103A062304EE101A03EED8
:101AA000102A43439F4A02214FF69C7CB8EEC44B58
:101AB000B8EEC33BB8EEC00B2DE9F043D518DFF804
:101AC00084E20C26DFF880922DED028BD1524FF686
:101AD000FE72954909EB03086A800022CC18DDEDFF
:101AE0000A2ACA52B2EE028B9049A680CF1821F87A
:101AF00003C064219DED0B7ABA80798000EB40072A
:101B0000AA800EEB070C0EF8071040F6C41E628088
:101B10008CF801108CF80210DFF830C29FED735B77
:101B20000CEB03012CF80320DFF824C24A8024EEDA
:101B3000054B8A800CEB03012CF803E04FF0000CFE
:101B4000A1F802E023EE053BA1F804E0784920EE7D
:101B5000050B00FB0611C1F800C0C1F804C0C1F8B4
:101B600008C04FF496719FED631B9FED646B29F8DD
:101B70000310DFF8E091A4EE016BA8F80210A8F8BA
:101B8000041009EB030829F80320DFF8CC91A8F82A
:101B90000220A8F8042009EB030829F803E0A8F8BC
:101BA00002E0A8F804E0DFF8B4E1B7EEC66B00FB92
:101BB00006EE9FED541B9FED554BCEF800C0FCEE9A
:101BC000C67ACEF804C0A3EE014BCEF808C0DFF809
:101BD00090E10EEB030C2EF80310B7EE003BACF8CF
:101BE0000210ACF8041017EE901AB0EE431BDFF8A9
:101BF00074C1DDED097A0CEB030E2CF80310A0EE96
:101C0000081B4C4BAEF8041000FB0633AEF8021074
:101C10002946B7EEC44B9FED3F6B83ED024A83ED3F
:101C2000014A83ED004AB8EEE74B434BB7EEC11BC8
:101C300024EE054B00FB0633404E83ED021A83ED84
:101C4000011A374483ED001A23467A70BA709FED6B
:101C5000331BA4EE016BB1EE001BB7EEC62BB8EE42
:101C6000006BA4EE016BB8FE466BBDEEC66BB1F91E
:101C7000004016EE105A013207EE904A032AF8EEA1
:101C8000E77A77EE827AFDEEE77A17EE904A21F84E
:101C9000024BB3F900402C4423F8024BE7D1B8EED5
:101CA000E26B274BB8EEC77B00EB4002B1EE0C4B6A
:101CB00003EB800326EE056B27EE057BA6EE043BC7
:101CC000B2EE006B27EE067BB7EEC33BBBFE477B55
:101CD000FDEEC77B83ED003A17EE903AB354BDECAE
:101CE000028BBDE8F043FFF7EFBB00BF0000000030
:101CF0000000A03F0000000000E0B5400000000030
:101D000000007940000000A099991340000000A055
:101D10009999B93F00000000000049C00000000090
:101D200000005940265A0320545B03208E5A03209A
:101D30001C64002080620020145D0020E766002003
:101D40005C7B2020E166002000660020A06500206A
:101D5000C6650020AC650020D265002034640020F8
:101D60000C660020BA6500200000000002EE101A88
:101D700004EE103A062303EE102AB8EEC22B9B4A5B
:101D800043430F214FF69C7CB8EEC33BB8EEC44BE7
:101D90009FED845B2DE9F04122EE052BD152D51841
:101DA0004FF6F1720021DFF85CE26A8023EE053B1A
:101DB0008F4ADFF85482D418D1528E4A24EE054B54
:101DC000079ED71822F803C0642200EB400CB980AC
:101DD0007A800EEB0C070EF80C207A703C22DFF8AC
:101DE0002CE2BA7040F2DC520EEB03079DED087A4C
:101DF0002EF803207A80BA800C27DFF814E24743DC
:101E0000A980BE446180A180CEF80080CEF8048015
:101E1000CEF80880DFF8FC819FED641B9FED656BB9
:101E200028F8032008EB030EDFF8EC81A2EE016B2B
:101E3000AEF80220AEF8042008EB030E28F80320C9
:101E4000AEF80220AEF80420DFF8D0E1DFF8D08150
:101E5000BE449FED5A2BB7EEC66BCEF80080CEF88D
:101E60000480CEF80880FCEEC67ADFF8B8819FEDDA
:101E7000556B08EB030E28F80320A3EE026BAEF8B7
:101E80000220AEF8042017EE902ADFF89CE10EEB5A
:101E900003082EF80320DFF894E1B1EE002BA8F838
:101EA0000420A8F802200EEB03089FED483BB7EE94
:101EB000C66BFCEEC67A9FED476B17EE902ADDED00
:101EC000067AA4EE036B2EF803204B4BA8F80420EF
:101ED0003B444A4FB8EEE74BA8F80220BC442A46E0
:101EE00024EE054BB7EEC66B9FED3C3B83ED026ADB
:101EF00083ED016A83ED006A04239FED3A6B8CF851
:101F000001308CF802302346A4EE036BF7EEC63B9B
:101F1000B8EE006BA4EE026BB8FE466BBDEEC66B6E
:101F2000B2F9004016EE105A013107EE904A03292B
:101F3000F8EEE77A77EEA37AFDEEE77A17EE904AAD
:101F400022F8024BB3F900402C4423F8024BE7D1AE
:101F500007EE906AB1EE0C3BB7EE006B284BB8EE83
:101F6000E74B00EB4002B8EEC77B03EB800324EEA7
:101F7000054B27EE057BA4EE036BB7EEC66B83ED36
:101F8000006AB2EE006B27EE067BBBFE477BFDEEE0
:101F9000C77B17EE903ABB54BDE8F041FFF794BA07
:101FA000AFF30080000000000000A03F0000000030
:101FB00000F8A6400000000000004E4000000000B5
:101FC00000E0B5400000000000007940000000A0E3
:101FD00099991340000000A09999B93F00000000B2
:101FE0000000594000000000000049C0265A0320AC
:101FF000545B03208E5A032080620020E766002095
:102000005C7B2020E16600209A99193FA0650020A2
:102010001C64002000660020AC65002034640020B1
:10202000CDCC4C3E0C660020C6650020BA65002071
:102030000000000000EE103A062304EE101A03EE32
:10204000102A434300229F49B8EEC44BDFF890C2E8
:10205000B8EEC33BB8EEC00BF0B5CD189A4F4FF0B9
:10206000550E0C262DED028BCA52B2EE028B97490B
:10207000FA52CC18CA521321DDED082A6680A180DD
:10208000F91800EB40079DED097A4A800CF807E04B
:102090008A800CEB07014FF0460CDFF848E26A80BB
:1020A00081F801C04FF0370CAA8081F802C0DFF838
:1020B00038C29FED765B0CEB03012CF803200EEB8E
:1020C000030C24EE054B4A808A806421ACF8021090
:1020D00023EE053BACF80410DFF810C22EF8031015
:1020E00020EE050B00FB06CCDFF804E2CCF800E0A4
:1020F000CCF804E0CCF808E0DFF8F8E19FED651BD0
:102100009FED666B0EEB030C2EF80310DFF8E8E191
:10211000A4EE016BACF80210ACF804100EEB030C4B
:102120002EF80320DFF8D4E1ACF80220ACF804204C
:102130000EEB030C2EF80310ACF80210ACF80410F0
:10214000DFF8BCC1DFF8BCE1B7EEC66B00FB06CC24
:102150009FED541B9FED554BCCF800E0FCEEC67A8A
:10216000CCF804E0A3EE014BCCF808E0DFF898E1EE
:102170000EEB030C2EF80310B7EE003BACF8021088
:10218000ACF8041017EE901AB0EE431BDFF87CC1D8
:10219000DDED077A0CEB030E2CF80310A0EE081B04
:1021A0004B4BAEF8041000FB0633AEF80210294684
:1021B000B7EEC44B9FED3F6B83ED024A83ED014ABE
:1021C00083ED004AB8EEE74B424BB7EEC11B24EE5D
:1021D000054B00FB0633404E83ED021A83ED011AD6
:1021E000374483ED001A04239FED341B7B70BB70D2
:1021F0002346A4EE016BB1EE001BB7EEC62BB8EE82
:10220000006BA4EE016BB8FE466BBDEEC66BB1F978
:10221000004016EE105A013207EE904A032AF8EEFB
:10222000E77A77EE827AFDEEE77A17EE904A21F8A8
:10223000024BB3F900402C4423F8024BE7D1B8EE2F
:10224000E26B264BB8EEC77B00EB4002B1EE0C4BC5
:1022500003EB800326EE056B27EE057BA6EE043B21
:10226000B2EE006B27EE067BB7EEC33BBBFE477BAF
:10227000FDEEC77B83ED003A17EE903AB354BDEC08
:10228000028BBDE8F040FFF71FB900BF000000005F
:102290000000A03F0000000000E0B540000000008A
:1022A00000007940000000A099991340000000A0B0
:1022B0009999B93F00000000000049C000000000EB
:1022C00000005940265A03208E5A0320545B0320F5
:1022D00080620020145D0020E76600205C7B2020E7
:1022E000E1660020C6650020A06500201C64002077
:1022F000CDCCCC3D00660020AC650020D26500202E
:10230000346400209A99193F0C660020BA650020B9
:102310000000000004EE103A062300EE101A01EE51
:10232000102A43439F4A4FF6FF71B8EEC00B4FF699
:102330009C7CB8EEC11BB8EEC44B2DE9F0419FED7B
:10234000895B2DED028BD518D1520122964920EEE2
:10235000050BDFF86CE26A800022CC180C27CA5209
:1023600021EE051B9149A780CE1821F803C06421F6
:102370004743B28024EE054B718000EB4006DFF846
:1023800044820EEB060C0EF8061008EB030EDDED92
:10239000092A8CF801102D219DED0A7A8CF8021083
:1023A000DFF824C2AA800CEB03012CF803204FF0C5
:1023B0007E5C62804A808A807D499FED6C3B9FED08
:1023C0006D8B3944B0EE436BC1F800C0C1F804C056
:1023D000A0EE086BC1F808C04FF4C87128F80310CC
:1023E000AEF80210AEF804104FF4FA71DFF8DC8199
:1023F0009FED620B08EB030E28F80310B7EEC66BD7
:10240000DFF8CC81AEF80210AEF8041008EB030E32
:10241000FCEEC67A28F80320AEF80220AEF80420BD
:10242000DFF8B0E19FED576BBE44A1EE006BCEF834
:1024300000C0CEF804C0CEF808C0DFF89CE10EEB77
:10244000030C2EF803109FED511BACF80210ACF8F2
:10245000041017EE901AB7EEC66BDFF880C10CEBD4
:10246000030E2CF80310FCEEC67ADFF874C1AEF848
:102470000410AEF802100CEB030E17EE901ADDED0F
:10248000087A9FED446B2CF803104A4BA4EE016BC5
:10249000AEF804103B44484FAEF8021029463E44C3
:1024A000B8EEE74BB1EE001B24EE054BB7EEC66B62
:1024B00083ED026A83ED016A83ED006A03239FEDD9
:1024C000376B73700423A4EE036BB3702346F7EEEF
:1024D000C63BB8EE006BA4EE016BB8FE466BBDEEDA
:1024E000C66BB1F9004016EE105A013207EE904A61
:1024F000032AF8EEE77A77EEA37AFDEEE77A17EE95
:10250000904A21F8024BB3F900402C4423F8024BC7
:10251000E7D1B8EEE24B294BB1EE0C3B00EB4002A9
:10252000B7EE006B03EB800324EE054BB8EEC77BE0
:10253000A4EE036B27EE057BB7EEC66B83ED006A56
:10254000B2EE006B27EE067BBBFE477BFDEEC77B42
:1025500017EE903ABB54BDEC028BBDE8F041FEF79C
:10256000B3BF00BF000000000000A03F000000005B
:10257000000059400000000000B09D400000000035
:1025800000E0B5400000000000007940000000A01D
:1025900099991340000000A09999B93F00000000EC
:1025A000000049C0265A0320545B03208E5A0320A2
:1025B0001C64002080620020E76600205C7B2020F5
:1025C000E166002000660020C6650020AC650020A2
:1025D000D2650020346400200C660020A065002035
:1025E000BA65002001EE103A062304EE102AA34A31
:1025F000B8EEC11B4343B2EE046B02EE101A002189
:102600004FF6B07CB8EEC22BB8EEC44B9FED8B5B9F
:10261000F0B50C2721EE051BD518994ED7524FF671
:10262000F47226F803C022EE052B6A800422DFF83C
:102630006CE24743AA8024EE054B924ADDED063A50
:10264000D418D15207229DED077A9FED7E0B628050
:102650001322A1EE006BA280F2185026568000EBE8
:102660004006918064220EEB060C0EF806208CF8D2
:102670000220DFF82CE28CF801204FF4C872B7EE8C
:10268000C66B0EEB030C2EF80320DFF818E2FCEE0D
:10269000C67AACF80220ACF804200EEB030C4FF421
:1026A0007A629FED6A1B9FED6B6B2EF80320ACF8EE
:1026B0000220A2EE016BACF80420734ADFF8E8C1F7
:1026C0003A44C2F800C0C2F804C0C2F808C017EE0D
:1026D000902ADFF8D8C10CEB030E2CF80320B7EEDC
:1026E000C66BAEF80420AEF802204FF44872DFF853
:1026F000C0E1FCEEC67A0EEB030C2EF80320DFF8E7
:10270000B4E1ACF80220ACF804200EEB030C41F26B
:1027100070729FED522B9FED536B2EF80320ACF897
:102720000220ACF80420A4EE026B584ADFF888C1FE
:102730003A44DFF888E1C2F800C0C2F804C0C2F829
:1027400008C00EEB030C0A222EF80320B7EEC66B6E
:10275000ACF80220ACF8042017EE902ADDED057AE3
:10276000DFF85CC1B8EEE74B0CEB030E2CF803204E
:10277000474B24EE054BAEF804203B44454FAEF8E2
:1027800002202A4683ED026A3E4483ED016A83ED0E
:10279000006A0323B170737023469FED342B9FEDC5
:1027A000356BA4EE026BB1EE002BB7EEC63BB8EE74
:1027B000006BA4EE026BB8FE466BBDEEC66BB2F9C1
:1027C000004016EE105A013107EE904A0329F8EE48
:1027D000E77A77EE837AFDEEE77A17EE904A22F8F1
:1027E000024BB3F900402C4423F8024BE7D1B8EE7A
:1027F000E34B294BB1EE0C3B00EB4002B7EE006B14
:1028000003EB800324EE054BB8EEC77BA4EE036B0D
:1028100027EE057BB7EEC66B83ED006AB2EE006B68
:1028200027EE067BBBFE477BFDEEC77B17EE903A9B
:10283000BB54BDE8F040FEF747BE00BF00000000FB
:102840000000A03F0000000000F08E4000000000EB
:1028500000E0B5400000000000007940000000A04A
:1028600099991340000000A09999B93F0000000019
:102870000000594000000000000049C0265A032013
:102880008E5A0320545B03201C6400203464002013
:1028900080620020E76600205C7B2020E16600204B
:1028A000A0650020C6650020CDCC4C3F006600200E
:1028B000AC650020D2650020CDCC4C3E0C660020DB
:1028C000BA65002000EE103A062304EE101A03EE5B
:1028D000102A43439B4A0521DFF88CC2B8EEC44B53
:1028E000B8EEC33BB8EEC00B2DE9F043D5184FF658
:1028F0009C77DFF87882DFF8789208EB030E2DEDF5
:10290000028BD1524FF6FB728F49B2EE028B6A8076
:102910000022CC18DDED0A2ACA524FF6F4719DED63
:102920000B7AA1808949AA80CE18CF526421628097
:10293000B280718000EB40060CEB06070CF8061025
:10294000DFF830C2B9707970814FF918FA520CEB88
:1029500003074A808A804FF4C8719FED6C5B7980D1
:10296000B9800C2724EE054B2CF803104743794916
:102970004FF0000C394423EE053BC1F800C0C1F80C
:1029800004C020EE050BC1F808C00A2128F8031086
:10299000DFF8E481AEF80210AEF8041008EB030E85
:1029A00028F8032009EB0308AEF80220AEF8042053
:1029B0004FF0FA0E9FED571B9FED586B29F803E07F
:1029C000A8F802E0A4EE016BA8F804E0DFF8ACE19F
:1029D000BE449FED541B9FED554BCEF800C0CEF882
:1029E00004C0A3EE014BCEF808C0DFF894E10EEB73
:1029F000030C2EF80310B7EE003BB7EEC66BACF835
:102A00000210ACF80410B0EE431BDFF878C1FCEE06
:102A1000C67A0CEB030EA0EE081B17EE901ADDED44
:102A2000097A2CF803104C4BB7EEC44BAEF80410E7
:102A30003B44AEF80210294683ED024A83ED014A79
:102A400083ED004AB8EEE74B444BB7EEC11B24EED2
:102A5000054B3B44424F83ED021A83ED011A3E447D
:102A600083ED001A01237270B37023469FED311B72
:102A70009FED326BA4EE016BB1EE001BB7EEC62BDF
:102A8000B8EE006BA4EE016BB8FE466BBDEEC66BF4
:102A9000B1F9004016EE105A013207EE904A032AAF
:102AA000F8EEE77A77EE827AFDEEE77A17EE904A53
:102AB00021F8024BB3F900402C4423F8024BE7D134
:102AC000B8EEE26B274BB8EEC77B00EB4002B1EEED
:102AD0000C4B03EB800326EE056B27EE057BA6EE81
:102AE000043BB2EE006B27EE067BB7EEC33BBBFEAA
:102AF000477BFDEEC77B83ED003A17EE903ABB545F
:102B0000BDEC028BBDE8F043FEF7DEBC0000000028
:102B10000000A03F0000000000E0B5400000000001
:102B200000007940000000A099991340000000A027
:102B30009999B93F000000000000594000000000D2
:102B4000000049C0265A0320545B03208E5A0320FC
:102B5000A06500201C64002080620020145D00201D
:102B6000E76600205C7B2020E166002000660020F4
:102B7000D2650020C6650020AC65002034640020CA
:102B80000C660020BA6500200000000000EE103A3C
:102B9000062304EE101A03EE102A43439B4A4FF615
:102BA000F971B8EEC44BDFF890C2B8EEC33BB8EE93
:102BB000C00B2DE9F047D518954E4FF69C774FF096
:102BC000640840F6C41EDFF874A22DED028BD152CA
:102BD000072290490AEB03096A800022CC18F752B9
:102BE000CA524FF6F4718C4FB2EE028BA180F118ED
:102BF00000EB4006DDED0B2AA1F802808A80B919AE
:102C000007F80680372781F801808F70834F9DED8C
:102C10000C7AF918FA52824F4A808A80F91827F8FC
:102C200003E00C27A1F802E04743A1F804E07D4946
:102C3000AA80394462809FED675B9FED681B9FED22
:102C4000696B24EE054BC1F800C0C1F804C0C1F89F
:102C500008C0FA2123EE053B2AF80310DFF8E0A1B3
:102C6000A4EE016BA9F80210A9F804100AEB0309FD
:102C70002AF80380A9F80280A9F8048020EE050B49
:102C8000DFF8C09109EB030829F803E09FED571B1B
:102C90009FED584BA8F802E0B7EEC66BA8F804E029
:102CA000DFF8A4E1A3EE014BBE44B7EE003BCEF843
:102CB00000C0CEF804C0FCEEC67ACEF808C0B0EE74
:102CC000431BDFF888E10EEB030C2EF80310A0EE97
:102CD000081BACF80210ACF8041017EE901ADFF8DD
:102CE00070C1B7EEC44BDDED0A7A0CEB030E2CF885
:102CF00003104D4BAEF804103B44AEF802102946C9
:102D000083ED024AB7EEC11B83ED014A83ED004A11
:102D1000B8EEE74B454B24EE054B3B44444F83ED67
:102D2000021A83ED011A3E4483ED001A02237270E9
:102D3000B37023469FED311B9FED326BA4EE016B08
:102D4000B1EE001BB7EEC62BB8EE006BA4EE016B24
:102D5000B8FE466BBDEEC66BB1F9004016EE105AD8
:102D6000013207EE904A032AF8EEE77A77EE827A8C
:102D7000FDEEE77A17EE904A21F8024BB3F90040D6
:102D80002C4423F8024BE7D1B8EEE26B294BB8EEA6
:102D9000C77B00EB4002B1EE0C4B03EB800326EE49
:102DA000056B27EE057BA6EE043BB2EE006B27EE2B
:102DB000067BB7EEC33BBBFE477BFDEEC77B83EDD7
:102DC000003A17EE903ABB54BDEC028BBDE8F047D9
:102DD000FEF77ABB000000000000A03F00000000EA
:102DE00000E0B5400000000000007940000000A0B5
:102DF00099991340000000A09999B93F0000000084
:102E00000000594000000000000049C0265A03207D
:102E10008E5A0320545B0320E1660020A065002049
:102E2000C66500201C64002080620020145D002024
:102E3000E76600205C7B2020CDCC4C3F0066002064
:102E4000AC650020D2650020346400200C660020B0
:102E5000BA65002003EE102A062204EE101A00EED6
:102E6000103A424300239F494FF69C7CB8EEC44B76
:102E7000B8EEC33BB8EEC00B2DE9F0418D18DFF87A
:102E800080E20C26DFF87C822DED028B8B52B2EEB5
:102E9000028B9549DDED092A8C188B529349A68047
:102EA0008F1821F802C064219DED0A7ABB807980D9
:102EB00000EB400728F802100EEB070C0EF8071085
:102EC0004FF00A0E6B808CF801108CF802E0DFF8EE
:102ED00038E2AB800EEB020C2EF80230DFF82CE269
:102EE000ACF80230ACF804300EEB020C2EF80230D5
:102EF000DFF81CE2ACF8023000FB06EEACF8043060
:102F00004FF07E5C6380CEF800C0CEF804C0CEF8EF
:102F100008C008EB020EDFF8FC81AEF80210AEF834
:102F2000041008EB020E28F80230DFF8EC81AEF84E
:102F30000230AEF8043008EB020E28F80230AEF88A
:102F40000230AEF80430DFF8D4E19FED585B9FED1E
:102F5000591B9FED5A6B24EE054B00FB06EECEF895
:102F600000C023EE053BCEF804C0CEF808C0DFF861
:102F7000B0E1A4EE016B0EEB020C2EF80210ACF8DF
:102F8000021020EE050BACF80410DFF898C10CEB32
:102F9000020E9FED4C1B9FED4D4BB7EEC66BA3EEA3
:102FA000014BB7EE003BFCEEC67AB0EE431B17EECA
:102FB000901ADDED087AA0EE081B2CF802104C4A9E
:102FC000AEF8041000FB0622B7EEC44BAEF80210B8
:102FD000294682ED024A82ED014A82ED004AB8EEAE
:102FE000E74B444AB7EEC11B24EE054B00FB06221B
:102FF000414E82ED021A82ED011A374482ED001A29
:1030000001229FED341B9FED356B7A70BA7022461A
:10301000A4EE016BB1EE001BB7EEC62BB8EE006B51
:10302000A4EE016BB8FE466BBDEEC66BB1F9004075
:1030300016EE105A013307EE904A032BF8EEE77AAA
:1030400077EE827AFDEEE77A17EE904A21F8024B8E
:10305000B2F900402C4422F8024BE7D1B8EEE26B03
:10306000264BB8EEC77B00EB4002B1EE0C4B03EBF6
:10307000800326EE056B27EE057BA6EE043BB2EE41
:10308000006B27EE067BB7EEC33BBBFE477BFDEE36
:10309000C77B83ED003A17EE903AB354BDEC028B38
:1030A000BDE8F041FEF710BAAFF300800000000069
:1030B0000000A03F0000000000E0B540000000005C
:1030C00000007940000000A099991340000000A082
:1030D0009999B93F0000000000005940000000002D
:1030E000000049C0265A0320545B03208E5A032057
:1030F00080620020145D0020E76600205C7B2020B9
:10310000E166002000660020A0650020C665002062
:103110001C640020AC650020D265002034640020CF
:103120000C660020BA6500202DE9F047064661B321
:103130002E4B1B68834226D12D4B1B780BB32D4F92
:1031400000242D4D4FF4004817F8013BABB9B5F9F9
:10315000003013F5004F10D0284B53F8240013F023
:103160002AFB274B53F8240013F025FB254B53F87B
:10317000240013F020FBA5F8008001340235032C55
:10318000E2D1214B1E60BDE8F087DFF87C80D8F8E3
:103190000030002BF7D001338342F4D11B4BB3F93D
:1031A0001630FBB9144C4FF4004A144F144E04F17E
:1031B0000609144D34F9023B13F5004F0AD0386864
:1031C00013F0F9FA306813F0F6FA286813F0F3FAFE
:1031D00024F802AC4C4507F1040706F1040605F19A
:1031E0000405E7D10023C8F80030CCE7207A00209E
:1031F000AC6803204E690320E0650020EC510020FC
:10320000F851002004520020147A0020D48120209C
:103210002DE9F84300241A4B1A4E1C601A4B1B4D23
:103220001C601B4F1B4BDFF87C80DFF87C901C7010
:10323000002306F8013B35F9023B13F5004F0FD090
:1032400057F8240013F0B7FA58F8240013F0B3FA33
:1032500059F8240013F0AFFA4FF4004325F8023C6C
:103260000134032CE4D100230B4AC2E90D330B4A8D
:10327000538393830A4A53739373BDE8F88300BF63
:10328000207A00204E690320147A0020E065002097
:10329000EC510020AC680320948120207481202010
:1032A00064812020F851002004520020294B1B7813
:1032B00070B5064643B1284B1B782BB1274BFC2138
:1032C0005B6D1868F8F704F90024FDF7A3FBFAF723
:1032D00093F8234B23481C60234B244D1C70244B34
:1032E0001C70244B1C70244B1C6016F085FB23487B
:1032F0002C7713F060FA0D20F7F77EFE0E20F7F71B
:103300007BFEF7F7CDF81E4B1C60FFF781FF012312
:103310001C4AFF2113601C4A2B6113601B4A148056
:103320001B4A14701B4A14701B4A14601B4A146019
:103330001B4A14601B4A14601B4A14601B4A146029
:103340001B4A14601B4A11701B4A13701B4B1E70E2
:1033500070BD00BF32660020C85B0320C070002033
:10336000344E03200C5D002058690320EC500020EF
:10337000D8800320F5800320BC460320348C002035
:10338000384E0320705B0020745B0020865A0320B7
:10339000B5800320B6800320048F0020FC8E00201F
:1033A0000C8F0020088F0020F08E0020F88E002067
:1033B000F48E0020CA660020F3800320F2800320F0
:1033C000084B1B786BB1084B1B7853B1074B084A6D
:1033D0001B6812689B1AB3F5FA7F02D90120FFF728
:1033E00065BF7047D8800320366600201450032044
:1033F000FC49032070B5104D0646002405EB01156D
:1034000035F9023BB34212D10C4B53F8240013F0B0
:10341000D2F90B4B53F8240013F0CDF9094B53F8B4
:10342000240013F0C8F94FF4004325F8023C01349E
:10343000032CE5D170BD00BFE0650020EC510020F9
:10344000F851002004520020244B1B7870B50D4623
:103450004BB3F7F7DBFCA0F10B03032B23D815F0DC
:10346000800F1F4A03D102EBC013002159550024DD
:1034700002EBC0122346D15C0133802B0C44FAD1FD
:1034800024B2184E0B2826F810400DD1164B0021FF
:1034900033F91500FFF7AEFFB6F916301BB9134A22
:1034A000D372134AD37270BD002CFCD10F4D2B5C2C
:1034B000002BF8D0A0F10D03012B03D8BDE870401C
:1034C000FAF782B80B4B0A4E186B20B113F073F960
:1034D0002C733473E7E728733073E4E73466002015
:1034E000BA5E0320D4812020A0922020F4812020E5
:1034F00004822020105C00202DE9F8431A4BB3F918
:103500001630002B2EDC194B194AD3F80080194BCA
:10351000194FD3ED007AFDEEE77A17EE903A092BBA
:10352000A8BF092323EAE37332F81390134B1C68F6
:10353000ACB9134E002506EB041636F9020B10F554
:10354000004F08D057F82530A8EB03034B4502D3B2
:103550002146FFF74FFF0135032DEED114B90C378B
:103560000124E6E7BDE8F883D4812020145003202D
:10357000EA370020F4A5057060500320147A00207B
:10358000E0650020431E072B73B5044614D824259C
:1035900000260023E9B2013520461A460096FAF7C4
:1035A00087FB612DF5D1134B53F82400A8B102B06D
:1035B000BDE8704013F0FFB80B2810D1002420465E
:1035C0000021FFF717FF204601340121FFF712FF0A
:1035D0006C2CF4D1084B0022DA8202B070BDA0F14D
:1035E0000D03012BF9D8F9F7EFFF034B002223F865
:1035F0001420F2E7105C0020D4812020002870B550
:10360000144E1BDD3246002311680133814211D173
:1036100003F007020025531903F0070356F823406F
:103620002046F9F79BFF014650B9204621F04EF99C
:10363000204670BD082B02F10402E5D10022E9E723
:103640000135082DE7D100210120012421F03EF9A8
:10365000EEE700BF5C2E002038B5184C184D2068EE
:10366000FFF7CCFF174B20601A68174C686092B9BF
:1036700000EB40002118235C4878897843EA002356
:1036800002F07F4043EA01431843F9F753FE014635
:103690000E4815F05FFB6B6803EB4303E218E35C35
:1036A0005178907843EA012343EA0040F9F742FE5B
:1036B00001460748BDE8384015F04CBB845E002049
:1036C000EC500020288C002048800320806F0020D0
:1036D0006470002038B50B4D48B92C68631E072B69
:1036E00004D82046F9F73AFF014620B10020FFF741
:1036F00085FF044602E0204621F0E8F820462C60D1
:1037000038BD00BF845E0020174B1B7870B5E3B94D
:10371000164D2B78D0B1C3B9154E01242046013483
:10372000FBF76AFC06F8010F112CF7D10124114EAA
:1037300071682046091B04F1010418BF012121F022
:10374000C5F8112CF4D101232B7070BD002BFCD0D7
:10375000074E01242046013416F8011F21F0B6F867
:10376000112CF7D10023EFE701680320FB6703204A
:10377000E87A2020EC5000202DE9F3410E469046D7
:103780000746FFF737FE0E490324384631F9163055
:103790005D1C95FBF4F293FBF4F402EB420204EBA4
:1037A0004404AD1A01221B1B21F816503146009229
:1037B0001BB24246F8F7C2FF02B0BDE8F08100BF7D
:1037C0008A5A0320644B1B782DE9F041002B5BD013
:1037D000624E337803B362490B68002B54D00B68F8
:1037E000B3F5817F50D25F4A1368002B4CD0136829
:1037F000102B49D80C68552513685B4803EB8303ED
:1038000005FB0433C418C35C13B1E378152B3BD01C
:10381000002333700B601360DFF86481534CD8F8D9
:103820000030534F0133C8F80030D8F8003003F0AF
:10383000030323603B783BB34E490B68002B23DD29
:10384000474D2B6813B32B68B3F5817F1ED2454AD1
:103850001368DBB11368102B18D8D5F800C04FF0EF
:10386000550E1368404803EB83030EFB0C3300EB4B
:10387000030CC35C1BB19CF80330152B06D000234E
:103880003B7033702B601360BDE8F0810868FBF774
:10389000B3FB0028F8D1384BD8F800C01A68374B72
:1038A000520019688C4503D3D8F800001B68C01A71
:1038B0008308591C8A421FD22B682A4A002BDED06B
:1038C0002B68B3F5817FDAD21368002BD7D0136849
:1038D000102BD4D8296855241368234803EB83039D
:1038E00004FB0133C118C35C002BC8D0CB78152B67
:1038F00004BF0123CB70C2E7032802D82168002946
:10390000C2D004320521B2FBF1F2B3FBF2F2042A79
:103910001BD8013A032A03D8DFE802F00B0F131774
:10392000226803F007031343AED1BDE8F04120F055
:1039300069BF226803F00303F5E7226803F001037F
:10394000F1E72368002BF0D09EE72368002BECD032
:103950002368022B98D1E8E7D8800320B5800320A4
:103960000C8F0020088F0020395FF670008F002038
:10397000B6800320F08E0020A05F0020FC8E002087
:10398000048F0020431EB3F5807F2DE9F0410646E9
:103990000D467AD84B1E0F2B77D801EB81035521AA
:1039A0003B4F01FB0033FC5C002C6ED02046F9F746
:1039B000D5FD002869D122B92046FBF71DFB002860
:1039C00063D12046FCF756FD552205EB850302FB2B
:1039D00006331F447E78002E08BF6426FDF790FA58
:1039E000804620B13046BDE8F041FDF7A9BA631E1C
:1039F000072B28D82046FDF7E3FB002845D12A46AF
:103A000021463879B2EE087AF7F714FE214B324698
:103A100003EB8403D3ED007AFDEEE77A17EE903ADC
:103A200018181D4B03EB8403D3ED007A012367EED6
:103A3000877AFDEEE77A17EE901A01442046BDE83A
:103A4000F041FAF73BB90B2C09D129463879F7F741
:103A5000D9FD32464146BDE8F041FFF78DBEA4F1E5
:103A60000D03012B11D897F9043032463979002B18
:103A7000034604DB2046BDE8F041FAF7D5BA2946F3
:103A80002046BDE8F041FAF7BBBABDE8F08100BFBF
:103A9000395FF670287B2020047B2020002813DD6E
:103AA0000A4A126882420FDB4B1E0F2B0CD8084BC0
:103AB0005B69002B18BF013B02FB0300B0F5817F5F
:103AC00002D20122FFF75EBF704700BFA05F002057
:103AD000EC50002070B414461A46314B1B7873BB6F
:103AE000304B1D68023D18BF012508282DDC2E4BE8
:103AF0000C2653F8203073432A4E3668022E02D02B
:103B0000FDB10B44483B2949B2EE087A01EB800134
:103B1000D1ED007AFDEEE77A17EE904A1C44244B73
:103B200003EB8003D3ED007A002367EE877AFDEE86
:103B3000E77A17EE901A214470BCFAF7BFB8002557
:103B4000D3E72344411C5B1ADDE70B2818D1194B3E
:103B50000C20D3ED007A184BFDEEE77A1B6817EEC8
:103B6000906A00FB06334DB1A1F13C001844134BA1
:103B700070BC23F811000021FFF7FEBD601EF5E7C1
:103B8000A0F10D03012B08D8012315B170BCFAF781
:103B90004BBA214670BCFAF733BA70BC704700BF0D
:103BA000336600209C640020A8A8F570287B2020A4
:103BB000047B20205C7B202020500320A09220202A
:103BC000F7B5324D0C4616462D78002D50D02AB947
:103BD000C0B203B0BDE8F040FFF736BCF7F716F906
:103BE000431E05460F2B43D8F9F7B8FC00283FD1F8
:103BF00014F0800F264905D101EBC5131A5D0AB9EF
:103C000001221A55002301EBC5111A46885C0132C6
:103C1000802A0344FAD11BB21E4A21462846002BB3
:103C200022F81530C2BF1C4B01225A55F6F792FDFF
:103C30001A4B07461B78EBB9194B1B68022B14BFB4
:103C40002346FF23174A1278B2B1174A126832B1DD
:103C500000223946E8B200923246FAF7AFFD334609
:103C60003A4621462846FFF735FF104B01221A55E8
:103C700003B0F0BDFF23E5E733463A462146284628
:103C800003B0BDE8F040FFF725BF00BF3466002059
:103C9000BA5E0320D4812020F481202033660020E6
:103CA0009C640020D8800320EC500020A0932020AA
:103CB000F0B40746084611461A46DDE90656DDE926
:103CC0000434092F42D8DFE807F0050B11171D2334
:103CD000292F353BCDE905560494F0BCFEF7F2BD23
:103CE000CDE905560494F0BCFDF7D4BECDE90556E8
:103CF0000494F0BCFFF7AEB8CDE905560494F0BCCF
:103D0000FEF734B8CDE905560494F0BCFEF76ABC62
:103D1000CDE905560494F0BCFEF78CB9CDE9055603
:103D20000494F0BCFEF7F6BACDE905560494F0BC55
:103D3000FDF740BDCDE905560494F0BCFDF7CABBC4
:103D4000CDE905560494F0BCFEF720BFF0BC7047E7
:103D50002C22424B002102FB003303F62842D2ED15
:103D6000007A03F54362D2ED006A03F62C42FDEEC1
:103D7000E77A92ED007A03F54462F0B517EE905AB7
:103D8000D2ED007A87B003F63842FDEEE77A0446BA
:103D90002846CDED037AD2ED007A03F63C4203F6D5
:103DA0003443FDEEE77ACDED027AD2ED007AFDEEF6
:103DB000E77ACDED017AD3ED007AFDEEE77ACDED2D
:103DC000007AFDEEE67A17EE903AFDEEC77A17EE2E
:103DD000902AFFF76DFF0F212046F9F799FBD0EDF0
:103DE000007AFCEEE77ACDED057A9DF8147038463E
:103DF000F6F7D4FD06462846FCF7F4FFF6F7CEFDAD
:103E0000864212D0164D6A782B78934222D1AE7832
:103E1000F31A5E425E413846F6F7C0FD28700EB1D7
:103E20006870A8700020F8F7C1FE0B2C14D1214651
:103E30000120FCF7CFFE21460320FCF7CBFE2146F4
:103E40000420FCF7C7FE2146052007B0BDE8F0407E
:103E5000FCF7C0BE0026DEE707B0F0BDE8970570AE
:103E6000E76600200128F8B505460C462DED088BC5
:103E700010D17A4B3C2202FB013303F66C039FED19
:103E8000654B9FED663B93ED000A9FED662B9FED22
:103E9000671B11E002282AD1704B3C22B7EE001BB1
:103EA00002FB013303F507639FED624B9FED633B1C
:103EB0009FED5C2B93ED000AB7EEC00A14F000FDF5
:103EC000B7EEC00B013D0E2D00F2A180DFE815F02A
:103ED000B001B0019F009F00EA016300B7019F009D
:103EE0009F009F009F009F009F009F0004020B28DF
:103EF0000CD15A4B3C22B2EE004B02FB0133B4EE24
:103F0000003B03F6940393ED000ABEE70C2810D1A2
:103F1000524B3C2202FB013303F6980393ED000A57
:103F20009FED423B9FED474B9FED3E2BB0EE431B79
:103F3000C2E70A2806D1494B3C2202FB013303F5B4
:103F40000963EBE707289FED460A0CD1434B3C225F
:103F5000B1EE044B02FB013303F684039FED3B3BC0
:103F600093ED000A91E7062835D13C223B4BB1EE98
:103F70000C4B02FB013303F508639FED2C3B93EDE3
:103F8000000A9FED282BB0EE431BB7EEC00A14F0D9
:103F900097FCB7EEC00B631E072B00F26B813C222F
:103FA0002E4BB0EE084B02FB0433B8EE083B03F592
:103FB000086393ED000A9FED1B2B9FED1C1BB7EED2
:103FC000C00A14F07DFC274BB7EEC00B03EB840353
:103FD00083ED000A1BE0032848D13C221F4B224DF1
:103FE00002FB013303F674039FED103B93ED000ACF
:103FF0009FED184B9FED0B2BB0EE431BB7EEC00AA5
:1040000014F05EFC55F82430002B40F0C381BDEC69
:10401000088BF8BD000000000088C34000000000CD
:1040200000947140000000000000404000000000CB
:1040300000000000000000000088A3400000000015
:1040400000004440000000000070A74066666666FD
:104050006666E63F48E17A14AE47E93FE8970570A7
:1040600000000000047B2020445E0020042840F073
:10407000C480BE4A3C23B7EE004BBD4F03FB012377
:10408000B3EE002BBB4E03F6780393ED000A01F26A
:10409000CA33FDEEC07A02EB83039FEDA83B93ED9C
:1040A000000A17EE905AB0EE431BB8EE400B14F026
:1040B00007FC002DB7EEC0AB40F34D82202DB7EECC
:1040C000003BB3EE004BA8BF2025B0EE431B07EE2C
:1040D000905AB8EEE70A9FED9B2BB7EEC00A14F09A
:1040E000EFFBB8FE400BFDEEC07BB3EE002BB7EE4E
:1040F000001B17EE903A102BA8BF1023012BB8BF5E
:10410000012307EE903AB8EEE78A9FED904BB7EEA9
:10411000C88A9FED8A3BB0EE480B14F0D1FBB7EE96
:10412000C00BB7EE004BB3EE003BB7EEC0BAB0EE3B
:10413000442B9FED821BB0EE4B0B14F0C1FBB7EE8E
:10414000002BB8FE409BB0EE4B0B9FED823B9FEDEA
:10415000834B9FED7A1B14F0B3FBFDEEC97BB8FED9
:10416000400B57F824204AF64441DFED836A17EEEE
:10417000903AFDEEC07BB3EE002B102BB7EE001B88
:10418000B0EE480BA8BF1023042BB8BF042313764E
:1041900017EE903A8B42A8BF0B46B3F5165FB8BF37
:1041A0004FF4165307EE903AB8EEE77A9FED6D4B59
:1041B000C6EE877AB6EE007A77EE877AFDEEE77A7A
:1041C00017EE903ADFED6D7A402BB4EEE7AAA8BF68
:1041D0004023012BB8BF0123F1EE10FA53762AFEDB
:1041E000273AB7EEC33A14F06BFB56F824000028C8
:1041F0003FF40DAFB7EEC00BB9E10D287FF462AE0E
:104200005A4B3C22B7EE004B02FB013303F69C03F2
:104210009FED4A3B93ED000ABDEC088B9FED492BC7
:10422000B0EE431BB7EEC00ABDE8F84014F048BB3F
:10423000BDEC088B2046BDE8F840FAF7EFBFDFED94
:10424000507A504BB4EEE70A53F82430F1EE10FAEE
:1042500007D4F1EE047AB4EEE70AF1EE10FA77FE35
:10426000807AF7EE006A86EEA77ABEEEC17A83ED19
:10427000097ACCE6B5EEC00A424B53F82430F1EE91
:1042800010FA0CD4DFED407AB4EEE70AF1EE10FA42
:1042900077FE807AFEEECA7AC3ED087AB7E6DFEDE4
:1042A0003B7AF7E7631E0B2B3FF6B1AE3C222F4B58
:1042B000B2EE084B02FB0433BAEE083B03F67C0374
:1042C00093ED000A9FED1F2B9FED1C1BB7EEC00A5C
:1042D00014F0F6FA2E4B77E60B2C06D12046BDECF7
:1042E000088BBDE8F840FFF733BDA4F10D03012BA7
:1042F0003FF68DAE0F212046F9F70AF990ED000A3E
:10430000B0EE084BB3EE002BB7EEC00A9FED0B3BAF
:10431000B0EE431B14F0D4FAFDEEC07B204617EE3E
:10432000901A81F30201BDEC088B0131BDE8F84021
:10433000C9B2FCF739BD00BFAFF300800000000038
:10434000000000000000000000004040000000A04D
:104350009999E93F000000008088E54000000000D6
:1043600000408F40000000403333E33FE897057082
:10437000785B0020345B002000442C47CDCCCC3D42
:104380003333333FB45D00202EFFDF4000000000D8
:10439000287B20209FED773BB7EEC00BB7EE004B9C
:1043A000B0EE431BB7EEC00A9FED742B14F088FAF1
:1043B000B7EEC00BB5EEC00AF1EE10FA00F1AF8017
:1043C000B7EE008AB4EEC80AF1EE10FA38FE008AA1
:1043D0009FED683BB7EEC89AB7EE002BB0EE431BDB
:1043E000B0EE490B9FED674B14F06AFAB7EEC00BC5
:1043F000B5EEC00AF1EE10FA00F19480DFED698AA3
:10440000B4EEE80AF1EE10FA78FE808AB7EE003BCF
:10441000B0EE490B9FED5D4BB0EE432B9FED551B6E
:1044200014F04EFAB7EEC00B9FED5F7AB4EEC70AF8
:10443000F1EE10FA07D4B7EE007AB4EEC70AF1EE47
:1044400010FA37FE007A594B53F8240048B1B0EE09
:10445000680A0021F6F794FDB0EE470A0321F6F74B
:104460008FFD0B2C0AD19FED520A0021514828EEF6
:10447000000AF6F785FD43F2333343629FED4E8A1F
:10448000F4EEC88AF1EE10FA4FDDB7EE002BB0EE75
:10449000490B9FED404B9FED413B9FED361B14F0C8
:1044A0000FFAB7EEC00B55F82420B4EEC80AF1EEAF
:1044B00010FA0FD4DFED417AB7EE008AB4EEE70AC6
:1044C000F1EE10FA77FE807AF4EEC87AF1EE10FA87
:1044D00038FE278ADFED3A7A28EE278AFDEEC87A81
:1044E00017EE903A72B602F5A042A2F86036C3F514
:1044F0000043A2F8623662B6B7EE004BB0EE490B4D
:104500009FED1C3BB0EE442BB0EE431B14F0D8F9EA
:1045100055F82400B7EEC00BF7F7B2FB77E59FED37
:10452000298A55E7DFED278A70E79FED260A55F8BF
:104530002400F7F7A5FB55F8243072B6224A03F59C
:10454000A043C3F8602662B60B2C7FF460AD194B14
:1045500000229A615BE557F824304FF488721A8381
:1045600056F8240000283FF452ADB0EE4A0AF7F79F
:10457000A3FD4CE50000000000000000000000204A
:10458000AE47E93F00000020AE47E13F000000C019
:10459000F528EC3F000000A047E1DA3F00000040B2
:1045A000E17A843F713D0A3FAE47613F085E0020DB
:1045B000CDCC4C3EC4E0FE700AD7233C3D0AD73E2A
:1045C000CDCC4C4600000000CC0C34732DE9F843F0
:1045D0004FF4A0734F4E0027054603FB006650239F
:1045E000B946B84603FB01663378032B07D096F92A
:1045F0000140002C03DB022B15D1052C55DD0137C2
:104600001436042FF0D1B8F1000F02D02846FCF781
:10461000A1FBB9F1000F7BD00B2D79D12846BDE865
:10462000F843FFF795BB03B3012BE8D1012C66D00B
:10463000042C66D10D2D64D00E2D0CBF0820102047
:104640000B2307EE900A344A0B2D03FB0543F8EECB
:10465000E77A03F20A3302EB8303C3ED007A01D158
:10466000002C50D04FF00109C9E7062C17DC042CB0
:1046700041DC611E4B424B415B0107EE903A214603
:104680002846F8EEE77AF8F743FF0E2CC0ED007AE3
:10469000B5D001222946E0B2FFF7E4FBAFE7A4F171
:1046A0000F0253425341DB00E7E7012C25D0E31E04
:1046B000DBB2012B8CBF002301235B01C5EB05128C
:1046C00007EE903A1449E0B22244F8EEE77A02F598
:1046D000957201EB82022946C2ED007AFCF77AFA64
:1046E00096F90130012B11D0033BDBB2022B98BFAE
:1046F0004FF0010883E71023BFE72023DEE71020F7
:104700009EE700209CE7FCF777FBABE7984676E74F
:10471000BDE8F883C8642020E8970570012837B504
:10472000054601932FD8481E0F282CD8531E0F2B57
:1047300029D8164C247824B1C2F1110403460A4644
:104740002146D2074ABF01F1FF31C1EB031101EB52
:1047500003140F4B58BF01F110041B78FF2B06D038
:104760000DF106020DF1050101A8F5F7B4FD04EB0A
:104770000524084BBDF8040004EB44049DF8061022
:104780001A191853917003B030BD00BFE2800320A6
:10479000D5660020647B20204B1E0F2B17B40FD84A
:1047A00070B1094B1B6883420AD3013813460A468D
:1047B00000F00F040009611C03B010BCFFF7AEBF8E
:1047C00003B010BC704700BFA05F002008B5064BC7
:1047D0001A68064B1A6020F001F9054B00221A6096
:1047E000BDE8084020F01AB914500320C446032045
:1047F000C046032037B50C460546019203212046EA
:10480000102220F083F8019B03222146284603B0A2
:10481000BDE8304020F002B86428024608B50B78A5
:1048200028BF6422FF2B04D0632802D801339342AF
:1048300009DA10460A7020F025F820F0EFF8BDE8FC
:104840000840F4F7A3BC08BD2DE9F341089C0746D6
:104850008846002510340193A41A0026AB19C3F32F
:10486000CC0203F00703BA5C42FA03F3DB0705D579
:10487000019A214608EB0600FFF78EFF01360C2E49
:10488000ECD10C35013CADB2542DE6D102B0BDE8FF
:10489000F081000038B5394C2378002B60D13848BE
:1048A00013F0D4FA10B1364812F060FF00213548F9
:1048B00014F050FA4FF47F013348012514F04AFAFE
:1048C0000021324814F046FA0021314814F042FA2F
:1048D000304B31481A68314B1A600023304A13605C
:1048E000304A136013F0E2FA2F4A24202A4B517801
:1048F00083F86653137843EA0123917843EA014130
:1049000020F000F820F08AF8284B25701B68AB4295
:1049100019D1274B1B7803BB264B9FED124B9FED04
:10492000133B9FED142B93ED000AB0EE431BB8EE42
:10493000400B13F0C5FFB7EEC00B03211E48BDE8C6
:104940003840F6F71DBB1D4BB2EE0E2B9FED054B0D
:104950009FED063B93ED000AE7E79FED190AECE7B0
:1049600038BD00BF000000605555C53F0000000085
:10497000000000000000000000804F40DD800320A8
:1049800088470320806F0020CC6F00201870002023
:104990006470002014500320944A0320004E03202A
:1049A000044E0320744703208C3A0020E06100206D
:1049B00039660020D446032064DCFE70905E00203F
:1049C00000000000F0B5164685B001252D4F0024EB
:1049D00001933868A8421DDA711E00232A4C11F891
:1049E000012F002A45D1C21A002A02F10101D4BFC9
:1049F00001224A101344013B9842A8BF1146019B73
:104A00000C2230460129B8BF012105B0BDE8F040B5
:104A10001FF004BFADF80C4028468DF80E400C2165
:104A2000039AFFF7B9FEADF80C408DF80E4028460A
:104A3000039A0D21FFF7B0FEADF80C408DF80E4043
:104A40002846039A0E21FFF7A7FEADF80C408DF81B
:104A50000E402846039A0F21FFF79EFEADF80C404A
:104A60008DF80E402846039A10210135FFF794FE79
:104A7000AFE7203AD5B25E2D9EBF14F82220013256
:104A80009B18ACE7A05F0020FA8701602DE9F04F8A
:104A900089B004460F461646F5F754FD002800F08D
:104AA000AA8006AA05A92046F5F762FD012C00F2AE
:104AB0009A809DF8183004337A4A1468063C9C4268
:104AC000A8BF1C46E4B2A04604F107094FF0000A53
:104AD00004254FF000032946ADF818A001358DF8E4
:104AE0001A304046069AFFF757FE0B2DF1D108F118
:104AF0000108C845ECD139463046FAF7DFFC337877
:104B00002546042B40F099800B2F40F089806649A0
:104B100006A81DF0CFFD337A07EE907A9FED5D3B3E
:104B200002EE103AB8EE670B9FED5C4BB8EE422BED
:104B3000B0EE431B13F0C4FEFF23FCEEC07B4FF42A
:104B40000042ADF810300023ADF8142005A9CDEDDA
:104B5000017A04A89DF804208DF812308DF81630E3
:104B6000F4F72EFDC0F307238DF80C00C0F30740C7
:104B70008DF80D3033788DF80E00042B2AD106AA5B
:104B80004FF0FF3349481678002E66D1002C6BD0C9
:104B9000444A1568ED1A0135012DB8BF0125A5421B
:104BA000A8BF2546A94603EB0508DFF8F8A04FF09B
:104BB000000BC84503DDDAF800304B4556D20B2F09
:104BC0000ABF6426802333468DF80C608DF80E6092
:104BD0008DF80D30039B0522294606A81FF01EFE06
:104BE00009B0BDE8F08F9DF814300A3B002B3FF769
:104BF00063AF012466E72E4B1B790B2B09D144B917
:104C000013785BB992F901300F2B0CBF06240A24EC
:104C100059E7022C34BF0A24022454E70A2452E73D
:104C20000A2F99BFC7F10A03224AA7F10C03224AAF
:104C3000062106A81DF0D6FA6DE7737A012B09D17B
:104C4000337C834206D9F36823B153F820300BB18B
:104C50001A4AEDE703461A4AEAE7203E013210F805
:104C6000261001310B448EE701259BE704244FF009
:104C700000032146ADF814B001348DF816304846D3
:104C8000059AFFF789FD0B2CF1D109F1010990E795
:104C9000AFF30080000000000000000000000000F2
:104CA00000E06F40A05F0020653C0020FA870160B3
:104CB000EC500020644100206A4100206141002046
:104CC0004A3D00202DE9F04F2DED048B87B008EE12
:104CD000103A07EE902A17469DF86080B8EE488B90
:104CE000B8EE679B9DF854909DF858B09DF85C60B5
:104CF000CDE90201B8F1000F61D0002A14BF0A25E6
:104D00000125B0EE482B0024B0EE490B9FED713B1E
:104D10009FED724BB0EE431B13F0D2FDFCEEC07B57
:104D200014A905A8ADF81440CDED017A9DF8042032
:104D30008DF81640F4F744FCC0F307238DF81000FB
:104D4000C0F307408DF81130664B8DF812001A79C8
:104D50000F2A62D850211420634B714300FB0B11C2
:104D60004FF4A07000FB0211585C03EB010C5F498B
:104D700011F812E0864507D101EB42019CF9014090
:104D80004978611A4C424C41042831D1A7F10B03F8
:104D90005E425E414FF0010A00274FF0FF33DFF81B
:104DA00050B15FFA8AF2954255D1C4B3BBF8000006
:104DB0009BF80220ADF814008DF8162035E0B2EE15
:104DC000044BB7EE003BB0EE482BB0EE490B9FED25
:104DD000411B13F075FDFCEEC07BCDED017A9DF813
:104DE00004500A2D28BF0A25012D38BF012588E768
:104DF00098B950214E43142101FB0B664FF4A0716A
:104E000001FB026633445E78053EF6B2012E98BF80
:104E1000102F0CBF01260026BCE70026BAE74FF68C
:104E2000FF728DF81630ADF814205146059A02989D
:104E30000193FFF7B1FC51460AF1010A059A039864
:104E4000FFF7AAFCBAF10B0F019BAAD107B0BDEC8A
:104E5000048BBDE8F08FB8F1000F0ED0954294BFDF
:104E60004FF47F024FF400428DF81670100C120AB6
:104E70008DF814008DF81520D7E7B9F1000F0AD08E
:104E800095428DF815708BBF9420FF20D3224246A7
:104E90008DF8140090E74EB1BAF1010F06D14FF42E
:104EA00000428DF81690ADF81420BEE7954293BFEE
:104EB00000229DF810C09DF81100104694BF944642
:104EC0009DF812208DF814C08DF8150074E700BF0E
:104ED000AFF30080000000000000000000000000B0
:104EE00000E06F40EC500020C8642020A86420201F
:104EF000A82300202DE9F043074685B00124DFF800
:104F000024810025D8F800309C4250D94FF4A0727B
:104F1000404B414C0025DB5D02FB074450223F4ED5
:104F2000A94602FB03440C2202FB03662378032BF1
:104F300003D194F90120013232D06268E8B28DF8D1
:104F4000099012788DF8082005EB450206EB020C5B
:104F5000B15A9CF80220ADF80C108DF80E206BB9F8
:104F600094F90130032B09D1FB1E012B06D82C4BE1
:104F70001A889B78ADF80C208DF80E300DF10702E1
:104F80000DF10601F5F7F4FAD8F800309DF8061097
:104F90000C2202A8994288BFD9B2039B1FF03EFCA5
:104FA00001351434042DC1D105B0BDE8F0834FF0B4
:104FB0000006ADF80C5020460C218DF80E60039AC7
:104FC000FFF7EAFBADF80C508DF80E602046039A0F
:104FD0000D21FFF7E1FBADF80C508DF80E60204677
:104FE000039A0E21FFF7D8FBADF80C508DF80E6038
:104FF0002046039A0F21FFF7CFFB2046ADF80C5057
:1050000001348DF80E601021039AE4B2FFF7C4FB5F
:1050100078E700BFB8800320C86420203A660020EB
:105020004E240020A05F00206F4B1A686F4B1B6856
:105030002DE9F04FA2EB030A8DB081466C4BBAF517
:105040007A7F0BD36B4A92F90010013106D0FF2111
:10505000117000221A705A709A70DA70664B00252F
:10506000664C1B79624F06934FF4A073069AB846BC
:1050700003FB024450230C2203FB0944604B02FB58
:10508000093307932278032A05D194F901300133BB
:1050900039D0002608E0002AFBD166780D3EF6B232
:1050A000012E8CBF00260126EBB2BAF57A7F089359
:1050B0003ED2504B93F900309D4239D001264FF03B
:1050C000000B0DF12B020DF12A010898F5F750FAAB
:1050D0004FF00003ADF82CB031468DF82E300B9A0E
:1050E0009DF82A000993FFF757FB099B3146ADF85D
:1050F0002CB001368DF82E300B9A9DF82B00FFF75F
:105100004BFB0B2EDDD10135143408F10108042DC1
:10511000B8D100233A78002A63D101330137042B38
:10512000F8D1354B18790DB0BDE8F04FFFF7E2BE6E
:105130003449237A0968079801EB8501C96A9942C5
:1051400028BF1946C9B2089105EB450100EB010CD7
:10515000405A9CF80210ADF82C008DF82E1072B950
:1051600094F90120032A0AD1069A033A012A06D8A3
:10517000254A11889278ADF82C108DF82E200DF16B
:105180002B020DF12A01E8B20993F5F7F1F90B9A18
:105190009DF82B10EBB29DF82AB0ADF80020120C50
:1051A000029358468DF80220CDE903960026DDE9EA
:1051B000082301960891FFF785FD0E4B089993F996
:1051C000003088F800609D429DD1BAF57A7F9AD26E
:1051D0000B9B58466268FFF7F5FB012388F8003007
:1051E00091E70DB0BDE8F08F145003201403202088
:1051F0000E032020D4660020EC500020C86420203C
:105200003A660020B85B00204E24002038B5184DC7
:105210001FF00CFC0446285CFFF706FF154B164AEE
:105220001B6812689B1AB3F57A7F1DD2134B18784E
:1052300093F90010032817D84FF4A0722B5D624336
:10524000142404FB0122502404FB03220C4B1A44B7
:105250000C4B1B6803EB8103117ADB6A994228BF70
:105260001946C9B2FFF712FCBDE838401FF0D6BBA3
:10527000B88003201450032014032020D46600209B
:10528000C8642020B85B00202DE9F84F214B084668
:105290000E46214C5D5CFFF72DFE4FF4A0734FF0DE
:1052A000000A1E4F4FF04C0803FB06445023DFF862
:1052B000709003FB0544207894F9011003281BD15A
:1052C00001310ED000253B6808FB0A9003EB8A03EE
:1052D000DD62217A13F00CFD294608FB0A9013F0D9
:1052E00003FD0AF1010A1434BAF1040FE3D1304688
:1052F000BDE8F84FFFF78ABF022801D10529F0DC8D
:105300003246FAF717F9237A0546984288BF1D46B8
:10531000D9E700BFB8800320C8642020B85B002014
:10532000806F00200F2838B504460AD8054B1D5C55
:105330002946FFF74BF92846E1B2BDE83840FFF7B0
:10534000A3BF38BDB88003200F2870B5044626D807
:10535000134B1D5C0DB3042DA8BF04250026F1B22C
:1053600001362046FFF732F9B542F8D13C220D4B09
:10537000204602FB0433002203F50A631A60FBF7A0
:10538000E9FC094BE1B2185DFFF77EFF0B2C06D15B
:105390002046BDE87040FEF7DBBC0425DEE770BDAB
:1053A0009B500020E8970570B88003202DE9F74F47
:1053B000DFF870B14FF4A073564C4FF000099BF822
:1053C0000450554F03FB0544502303FB0044A24601
:1053D0002378032B15D194F90130013317D109F14A
:1053E000010914340AF1140AB9F1040FF0D1DBF801
:1053F00004000B2840F08A8003B0BDE8F04FFEF7B0
:10540000A7BC022B03D194F90130052BE7DC3B68E4
:1054100009F10A08217A504603EB88035B68994238
:1054200028BF1946C9B2FAF749F8237894F9016000
:105430002A460090184631460193FAF77BF8009B04
:105440008342CCD0019B042BC9D801A252F823F08F
:1054500009C400002FC4000075C4000083C300000D
:10546000A1C400003B6831462846002203EB8803B4
:10547000D3ED017AF8F74CF82946F8EE677AC0EDDB
:10548000007AF0B2FEF7EEFCA9E73B680B2D234A49
:1054900003EB880359684FF00B0303FB056307EE2A
:1054A000901A03F20A33F8EE677A02EB8303C3ED36
:1054B000007A94D1002E92D10929284628BF0921CB
:1054C000FBF718FD164B2946D87AFFF7DDFE86E775
:1054D000C5EB0513114A2946F0B2334403F5957321
:1054E00002EB83033A6802EB8802D2ED017AF8EE10
:1054F000677AC3ED007AFBF76DFB70E73B682846DF
:1055000003EB88035968F8F74BF868E703B0BDE888
:10551000F08F00BFC8642020B85B0020E8970570BA
:10552000B8800320EC500020000000002DE9F04F6F
:1055300089B0824EF7F781FF814B05461C790F2C0D
:1055400002D8804B195D19B9357009B0BDE8F08FEC
:105550007D4A7E4B92F800B0A34505D01470FF221F
:105560001A705A709A70DA70794FDFF814A2385DA9
:105570001AF804301B1A18BF01230193ADB1337818
:105580009BB90130B0FBF1F201FB1200714A2146D8
:105590001370C0B2704A38551360FFF775FEFAF702
:1055A0001FF83B5D01950AF804304FF4A073357085
:1055B0000025DFF898916343A846029503933E5D6A
:1055C000502314226549734302FB0533039A1344A5
:1055D000C85CCA18032892F901101FD14B1C21D1B5
:1055E000013509F10109042DE9D15D4B5D4E1B68C0
:1055F0003568002B71D0EB1AB3F57A7F6CD200239B
:105600000122B8F1000F6AD0385DFFF7CFFE2046C7
:10561000FFF7FCFD3268544B1A6096E7022801D16F
:105620000529DDDC514B1B6803EB8503DB6A202B6E
:105630004FD807EE903AB8EEE77BFCEEC77B0593B8
:105640002246CDED047A9DF810300493F9F772FFED
:10565000059B99F800209A421EBF89F8003001236B
:105660000293049B8342BBD0414B4FF001080DF1E4
:105670001F020DF11E01E8B203F80580F4F778FF70
:105680000C22502005EB45033A4902FB0633464302
:105690001420CA18CB5C00FB0566039851780644B9
:1056A0002E48927843EA012306449DF81F1043EAEE
:1056B00002439DF81E007268FFF784F9294B2E4AB9
:1056C000196842F825101A68254B1A602B4B1D707B
:1056D00086E79FED187BB0E70123002291E701994F
:1056E00091B9029981B9A3450ED1A3B9002A3FF41B
:1056F0002CAF1D4C2368EB1A312B7FF626AF584692
:10570000FFF784FD256020E72BB9174B1B68EB1AC8
:10571000312B7FF61AAF2046FFF778FD124B1D6044
:10572000019B002B3FF411AF3B5D0AF804300CE7FE
:10573000AFF300800000000000004040CF6C032069
:10574000EC5000209B5000209366002094660020BF
:10575000B8800320B7800320A4910020C8642020D3
:10576000140320201450032080860020B85B002002
:105770000E0320203A66002018032020D466002063
:10578000986600202DE9F74F0023B94FDFF810830A
:1057900088F80030F8F7E2FE7A680646BC6AA2F1A3
:1057A0000903012B3AD90C2A38D01046F7F7D6FE58
:1057B00001463B68AF4D002B40F0BC802046F5F71A
:1057C000C3FA002800F0B180552004EB840300FBED
:1057D0000633A948007805EB030915F803A0F8B1D2
:1057E0005046FDF777FF0246F7F7B8FE40BBBAF127
:1057F000000F08D1642389F80230012389F80330AF
:10580000FF2389F80430552104EB84037A6001FBFF
:105810000633E918EA5464234B7011E00121C8E70C
:1058200071B9BAF1000F0BD1EA54642389F8013041
:1058300089F80230012389F80330FF2389F8043006
:105840004FF0550904EB840309FB06F94B44E95C6E
:10585000EA180E290FD900214FF0010BDFF844A2FE
:10586000E954FF231371DAF8003001335B4500F28D
:105870009F801FF0D3F8814B1B78B3BB98F80030A2
:105880009BBB04EB8403552202FB0633EE18ED5C50
:105890002846F7F763FE034638BB6A1E96F8018078
:1058A000072A00F2B280224629463079B2EE087A01
:1058B000F5F7C0FE724B424603EB8503D3ED007A49
:1058C000FDEEE77A17EE903A18186E4B03EB85035E
:1058D000D3ED007A012367EE877AFDEEE77A17EEC3
:1058E000901A01442846F8F7E9F9F8F7DBFE664B11
:1058F000664A1B68934203D0654A934240F0B480E5
:10590000644B1B68002B40F0A880634B1B781BB9CD
:105910003B68002B00F0A880F5F72AFA01465F48A3
:1059200003B0BDE8F04F13F0E3B9102C88D1F9F7BC
:1059300023F985E7631E0E2BF7D804EB840355206B
:1059400000FB063305EB030A15F803904A4B1B785E
:10595000B3B14846FDF7BEFE0246F7F7FFFD00284B
:105960007FF46EAFB9F1000F7FF44DAF64238AF876
:10597000023001238AF80330FF238AF8043042E71B
:1059800000297FF45DAFB9F1000F02D04A457FF4E2
:1059900057AF552104EB840301FB0633E918EA54A1
:1059A00064234B708B700123CB70FF230B7147E78F
:1059B00004EB8403DFF8F0E04FF00C0C4B44E95C9F
:1059C00001EB410001310EEB00031EF800005A7894
:1059D0000CFB00F09B780CFB02F20CFB03F3FF2A9C
:1059E00028BFFF22FF2B28BFFF23FF288DF80520AB
:1059F00028BFFF208DF806308DF804005846019A24
:105A00000BF1010BFEF7C8FE2DE70B2D11D121463E
:105A10003079F5F7F7FD96F90430002B04DA6B289E
:105A2000A8BF6B2020EAE07042460021FDF7A4FEEB
:105A30005BE7A5F10D02012A3FF657AF96F9042066
:105A40003179002A424603DB2846F8F7EDFA4CE7A5
:105A500021462846F8F7D4FA47E7012B04D103B0D2
:105A6000BDE8F04FF8F770BF03B0BDE8F08F00BF9E
:105A7000EC500020395FF670D1800320D8800320DD
:105A8000287B2020047B2020B85B0020C05B002006
:105A900038630020008C0020CB5B0320CC6F0020FB
:105AA000FC800320A05F00204880032070B586B0F2
:105AB00005AB019004AA03A90420F5F703FB1B4BD7
:105AC000059D1B68022B2DD1194B1B68102B29D962
:105AD0006C1C01269C42A8BF1C46019A0121039818
:105AE000FEF75AFE019A01210498FEF755FE019A2D
:105AF00001212846FEF750FE26B1019A01212046D9
:105B0000FEF74AFE9DF805309DF804201B029DF823
:105B10000610084843EA0243194306B0BDE8704046
:105B200013F018B92C460026D7E700BF8C5E002082
:105B3000A05F002064700020423882B00023172844
:105B400060D8DFE800F0415F70725F0C3B5F5F5F21
:105B50005F5975354D5F115F5F64472713534FF4ED
:105B60007F42ADF8042004E0FF22FAE7ADF80430EC
:105B7000FF238DF8063000209DF8043063F3070002
:105B80009DF8053063F30F209DF8063063F317404E
:105B900002B07047294BB3F8792393F87B33ADF803
:105BA00000208DF80230009BADF804301B0CE0E7BC
:105BB000224BB3F8B22393F8B433F0E71F4BB3F89A
:105BC000E82393F8EA33EAE71C4BB3F8C72393F8CA
:105BD000C933E4E7194BB3F8EB2393F8ED33DEE771
:105BE000164BB3F8E52393F8E733D8E7134BB3F834
:105BF000302393F83233D2E7104BB3F8EE2393F807
:105C0000F033CCE7ADF804304FF00003B1E70C4BB4
:105C10001B7A13FB03F2C3F114038DF804208DF8F3
:105C200005300023A5E764229BE74FF4C84298E7BC
:105C3000024BB3F8A62393F8A833B0E778200020EE
:105C4000EC500020104B82B000205B680F2B9BBFF4
:105C500003EB43030D4A0023D11897BFD25AADF886
:105C600004308B78ADF804208DF806309DF80430B0
:105C700063F307009DF8053063F30F209DF80630AD
:105C800063F3174002B07047EC500020758003208A
:105C900000000000C2B2C0F3074386B007EE902AAE
:105CA000C0F3072207EE103A05EE102AB8EEE76BB4
:105CB000B8EEC77BB8EEC55BA1B3B7EE083B9FED6E
:105CC000214B26EE036B27EE037BB4EEC46BF1EEA3
:105CD00010FA34FE066BFCEEC66BCDED016A25EEC4
:105CE000036BB4EEC46BF1EE10FAB4EEC47B34FE79
:105CF000066BF1EE10FA34FE077BFCEEC66B9DF8E6
:105D000004300020BCEEC77B63F30700CDED026AD0
:105D10009DF8083063F30F2017EE103A63F3174035
:105D200006B07047B6EE004B26EE046B27EE047B00
:105D3000FCEEC66BCDED016A25EE046BDDE700BF1E
:105D4000AFF300800000000000E06F401FB5C2B25A
:105D5000C0F307210190C0F3074042EA0103034367
:105D600014D1019BADF80C301B0C8DF80E309DF852
:105D70000C30002063F307009DF80D3063F30F2013
:105D80009DF80E3063F3174004B010BD8A4235BF52
:105D90000C4614460DF1050301ABA04288BF0DF17E
:105DA00006031B78FF2BDCD0C2EB0222C1EB0121E2
:105DB000C0EB0020B2FBF3F2B1FBF3F1B0FBF3F068
:105DC0008DF80C208DF80D108DF80E00CFE710B473
:105DD000441E032C05D9012010BC18601060086017
:105DE000704710BCF5F76EB9F0B5432985B006468B
:105DF00014461F469DF8285056D00846FFF79CFED3
:105E0000C0F307238DF80000C0F307408DF8013080
:105E10008DF802006FB100980121FFF73BFFC0F33E
:105E200007238DF80000C0F307408DF801308DF88E
:105E30000200E5B1651E032D19D80098FFF786FF13
:105E4000C0F30723C0F307418DF80C008DF80D3027
:105E5000DBB2C0B28DF80E101B02C9B243EA004398
:105E60004C2019433D4B00FB053012F073FF03AB90
:105E7000204602AA01A9FFF7AAFF394B039C1B6821
:105E8000022B14D1374B1B68102B10D9651C01272E
:105E90009D42A8BF1D464D2E16D00BD8432E37D09D
:105EA0004C2E23D005B0F0BDFFF7CCFEA8E7254669
:105EB0000027F0E7532EF5D1009A0121204605B0C6
:105EC000BDE8F040FEF768BC02980121009A57B186
:105ED000FEF762FC009A01212046FEF75DFC009A65
:105EE00001212846EBE7FEF757FCE5E7009A012180
:105EF0000198FEF751FC009A01210298FEF74CFC34
:105F0000009A01212046FEF747FC002FCAD0E6E7A1
:105F1000009A01210198FEF73FFC029E009A0121A0
:105F20003046FEF739FC009A01212046FEF734FC8A
:105F30002FB12646009A01212846FEF72DFC009A33
:105F400001213046FEF728FC009A02213046FEF778
:105F500023FC009A03213046B1E700BF806F002088
:105F60008C5E0020A05F002070B50A4C05460E46EE
:105F70000120226803211EF0C9FC22680A210120A9
:105F80001EF0C4FC30461EF0EDFC2B6801221A7096
:105F900070BD00BFA05F002030B5002385B00C4667
:105FA000551E0093FFF720FF2046FFF7C5FDC0F305
:105FB00007238DF80800C0F307408DF809308DF8ED
:105FC0000A000298FFF7C2FEC0F30723C0F307449C
:105FD0008DF80C00D9B28DF80D30C0B20C4B09020F
:105FE0008DF80E40E4B241EA004153F82500214308
:105FF00081420AD043F825104C20064B00FB0530A7
:1060000005B0BDE8304012F0A5BE05B030BD00BF00
:1060100064590020806F002030B5002385B00D4604
:1060200014460093FFF7E0FE2846FFF785FDC0F316
:1060300007238DF80800C0F307408DF809308DF86C
:106040000A000298FFF782FE00F47F41C3B2C0F35A
:10605000074041EA03410143601E05B0BDE83040FE
:10606000F5F7BABA2DE9F041664D88B006460192BF
:106070002A68002A02FB00F33ADB03F11002002A2F
:106080001446B8BF03F12F04002A4FEA641400DA63
:10609000013C4FF0010800279FED585B2B684345FA
:1060A00033D210213346584A0DEB01001CF09AF808
:1060B00004AA002355481778002F40F081802A68F1
:1060C000551CED1A012DB8BF01256E1E5C19012E5D
:1060D000B8BF01269442A8BF1446A6427ADD019BB0
:1060E0000822294604A81EF099FB08B0BDE8F081FB
:1060F000A3F11002002A1446B8BF03F10F04002ACE
:106100004FEA6414C5DB0134C3E7A04553DC08F152
:10611000FF33B7EE006B07EE103A631E012BB8EEAB
:10612000C77AB8BF012307EE903A9DF80430F8EE25
:10613000E77AC7EE274AB7EEE47A36EE476B07EE0A
:10614000103A9DF80530B8EEC77A27EE247AB7EEFC
:10615000C77AA6EE057BFCEEC77B07EE103A9DF8EA
:106160000630B8EEC77A17EE901A27EE247A8DF82B
:106170001010B7EEC77AA6EE057BFCEEC77B07EEE4
:10618000103AB8EEC77A17EE902A27EE247A8DF8E7
:106190001120B7EEC77AA6EE057BFCEEC77B17EEA3
:1061A000903A8DF812304046049A102108F1010807
:1061B000FEF7F2FA72E74FF00003ADF81070F0E767
:1061C000203F0132F9B25E299EBF10F8271001313D
:1061D0005B1870E74FF007084FF000034146ADF839
:1061E0000C7008F101088DF80E303046039AFEF766
:1061F000D3FAB8F10E0FEFD101366EE700000000C0
:1062000000E06F40A05F00207B410020FA87016022
:10621000104B114A1B68934202D0104A934217D187
:106220000F4B1B78A3B10F4B0F4A1B681268013B41
:106230000E48B3FBF2F102FB1133013303F0030309
:10624000012B0CBF4FF47F014FF4AA0112F082BD65
:10625000704700BFB85B0020C05B0020386300209F
:10626000D8800320745B0020A05F002018700020FD
:1062700070B51A4D1A4811F079FA2E788EB9194C6A
:106280000A2119480FF060FA60B146B10A21164898
:106290000FF05AFA18B11EF0C9FBF9F7BBFA012347
:1062A0002B7070BD1EF0C2FB63782278032101269B
:1062B00042EA0322A37842EA034200F07F430B48FC
:1062C000134308221EF0AAFA1EF0A8FB4FF47A70BE
:1062D00014F038F81EF0A6FBD2E700BFA880032018
:1062E00088470320904E0020D0710020704100208C
:1062F0002DE9F047B84A86B0B84D11682B6899422D
:1063000007D04FF0FF311360B54AC2E90011C2E96E
:106310000211B44A12787AB1B34A934209D1B04B10
:106320004FF0FF32C3E90022C3E9022206B0BDE804
:10633000F087AE4A9342F2D0AD4E347F002C5BD052
:106340000125AC4E002409E02846ADF814408DF834
:1063500016400135059A1021FEF71EFA3368AB424C
:10636000F2D20023012258214D200094FFF73CFD7A
:106370000422002347214D200094FFF735FD5820CB
:10638000FFF7DAFBC0F307238DF81000C0F30740D6
:106390008DF811308DF812004720FFF7CDFBC0F3C8
:1063A00007239DF810208DF815309DF811309DF8C9
:1063B00012101B028DF81400C0F3074043EA024399
:1063C0008DF8160000201943F4F768FD0021012024
:1063D000F4F764FD00210220F4F760FD9DF815300C
:1063E0009DF8142003201B029DF8161043EA024377
:1063F0001943F4F753FD99E77B4A93424CD1B36AB2
:10640000102B49D12346012252214D200094FFF741
:10641000EBFC0422234659214D200094FFF7E4FCB5
:106420005220FFF789FBC0F307238DF81000C0F35B
:1064300007408DF811308DF812005920FFF77CFBD2
:10644000C0F307239DF810208DF815309DF811300A
:106450009DF812101B028DF81400C0F3074043EAA8
:1064600002438DF8160020461943F4F717FD214624
:106470000120F4F713FD21460220F4F70FFD9DF8EB
:1064800015309DF8142003201B029DF8161043EAD6
:1064900002431943F4F702FD3368002B6BD0B36A53
:1064A000102B40F093800024012252214D202346DE
:1064B0000094FFF799FC2346022257214D200094B7
:1064C000FFF792FC0422234659214D200094FFF748
:1064D0008BFC5220FFF730FBC0F307238DF80C0034
:1064E000C0F307408DF80D308DF80E005720FFF7F0
:1064F00023FBC0F307238DF81000C0F307408DF88D
:1065000011308DF812005920FFF716FBC0F3072356
:106510009DF80C208DF815309DF80D309DF80E106B
:106520001B028DF81400C0F3074043EA02438DF8C4
:10653000160020461943F4F7B1FC9DF811309DF880
:10654000102001201B029DF8121043EA0243194358
:10655000F4F7A4FC21460220F4F7A0FC9DF81530C6
:106560009DF8142003201B029DF8161043EA0243F5
:106570001943F4F793FC204E2B68B34240F0CA80D5
:106580001E4BDFF880801A68B2421EBF1E604FF0BB
:10659000FF33C8F800301A4BD3ED007AF8FE677A63
:1065A000FDEEE77A17EE904A002C12DD114B1B68C6
:1065B0009C42A8BF1C46D8F80000002880F2B78093
:1065C0000127DFF830904FF0000A29E00021012078
:1065D000CFE70124EFE700BF20850020B85B002053
:1065E000A4580020FD670320C05B00203863002012
:1065F000EC500020A05F00205C6100201C85002082
:10660000D0460320A05800204FF000033846ADF8D4
:1066100014A001378DF816300121059AFEF7BCF859
:10662000D9F80030BB42EFD2614B20460121B3F8CC
:10663000302493F83234ADF814208DF81630059AD2
:10664000FEF7AAF80123C8F8004000241A464721A3
:106650004C200094FFF7C8FB0422012358214C2052
:106660000094FFF7C1FB4720FFF766FAC0F307234A
:106670008DF81000C0F307408DF8113001218DF81E
:1066800012000498FFF706FBC0F307238DF80800FB
:10669000C0F307408DF809308DF80A005820FFF745
:1066A0004BFAC0F307238DF81400C0F307408DF8B0
:1066B00015308DF816000598FFF7ECFAC0F30723A4
:1066C0009DF808208DF80D309DF809309DF80A10CE
:1066D0001B028DF80C00C0F3074043EA02438DF81B
:1066E0000E0020461943F4F7D9FB21460120F4F7A8
:1066F000D5FB21460220F4F7D1FB9DF80D309DF823
:106700000C2003201B029DF80E1043EA024319439C
:10671000F4F7C4FB2B68B34216D0264A12781AB994
:10672000254A93427FF402AE9FED247A0EE0A04208
:106730003FF47AAF00230121ADF814308DF8163004
:10674000059AFEF729F86FE7B7EE007A1C4B1D4A51
:106750001B681178012B1C4B04BFF6EE007A27EE64
:10676000277AD3ED007A99B1184977EE877A91EDBF
:10677000007AC3ED007AB8EE477AF4EEC77AF1EE0C
:1067800010FA7FF7D3AD83ED007A00231370CDE5C7
:1067900077EEC77AB7EE007AF4EEC77AF1EE10FA28
:1067A00002D4C3ED007AC1E583ED007A0123EDE761
:1067B000782000202081032084630020CDCC4C3E33
:1067C0008C5E0020DB660020D0460320A05F002006
:1067D0002DE9F04FDFF8EC81102785B0D8F80030B4
:1067E0001B09012B38BF0123B7FBF3F76C4B1E7855
:1067F00016B16C4B1D784DB16B4B1B68002B48DDFF
:10680000BB424FF0000628BF3B461D4601244FF017
:106810000009D8F80030A3423ED2002D58D10124FF
:10682000DFF8A4A1DFF8A491A74265D3002E00F001
:10683000AB805E4ADAF80430107883F3040B78B149
:10684000D8F8000060B15A4A1168002946D00139D1
:106850000193B1FBF0F158460131F7F7EBFD019BD5
:10686000002B40F38F80621E01239340514A32F87F
:106870001B20134214BF01230023A042DAF8142086
:1068800058D1A2422CD14C4B1A889B78ADF80820E5
:106890002BE000263546B9E74FF00003ADF80C9029
:1068A000204610218DF80E300134039AFDF774FF55
:1068B000AFE72046ADF80C908DF80EA00134039A96
:1068C0001021FDF769FFD8F80030A342F1D2A6E706
:1068D00001244FF00A094FF0000AF4E70846BFE729
:1068E0004FF47F43ADF8083000238DF80A30029A48
:1068F00010212046FDF750FF0134112C94D1294B73
:106900001B78002B48D02D4B0121D3ED007A4FF49A
:10691000A043F8FE677AADF80C30FCEEE77A00236E
:106920008DF80E30039A17EE900A05B0BDE8F04FCF
:10693000FDF732BFA24201D1214BA5E733B1DC23E1
:106940001A468DF808208DF80930CEE70122F8E7C5
:10695000A5421BD20A238DF80A60ADF80830C6E7BD
:10696000A342E9D019F80420002342B1232219469A
:106970008DF808108DF809308DF80A20B7E71A460F
:106980000121F5E7002378E7002DE1D1DAE90423BE
:10699000A242E5D1A34275E705B0BDE8F08F00BF84
:1069A0004381032020810320C8460320D880032090
:1069B000745B0020885B0320AB240020D0460320BA
:1069C000A8230020A05F0020EC500020548220204B
:1069D000A14B196821232DE9F04FB1FBF3F19F4D35
:1069E00085B02B688B4202D19D4B1B786BB99D4EB5
:1069F0000024204601341DF0F1FE06F8010B102C96
:106A0000F7D1974B012229601A70974A974E136865
:106A1000974F002B40F0A280964A3C781168964F21
:106A2000C907DFF88882357858BF012198F800C07F
:106A300058BF11603A7872B1904A127862450AD113
:106A40008F4A1278AA4206D18E4A1278A24202D107
:106A50008D4A12783AB38D498D4A0F2B03F1010309
:106A600001F1030102F103020FBF002012F8039CA1
:106A700012F802EC12F8010C04BF86468146102B76
:106A800001F802EC01F8039C01F8010CE5D10123A7
:106A900000223B70794B83F800C0794B1D70794B15
:106AA0001C70794B1A706F4F4FF0010B774DDFF868
:106AB000ECA117F8013B98F80040019314B1347829
:106AC00084F001042A884FF00109AB78ADF8082062
:106AD0008DF80A30DAF8003001334B4526D80BF137
:106AE000010B0335BBF1100FE3D13378002B00F01D
:106AF0001281684B03A8684A1B68082BA8BF0823AB
:106B0000012BB8BF012303EB4303D118D25A8B7872
:106B10000DF10D01ADF80C200DF10E028DF80E30C7
:106B20003023F3F7D8FB01245C4D14E1019B3BB10A
:106B30004FF00003ADF80C308DF80E30039A01E0F1
:106B40003CB1029A4846594609F10109FDF724FE75
:106B5000C0E7ADF80C408DF80E40EFE75568414BAB
:106B6000DFF84C9113F805B0D9F80030464CAB4231
:106B7000DFF8408106D13A7898F800309A4201D186
:106B8000237833B3424A05EB45034548D118D35A1D
:106B900003808B7803A98370424BB3F8792393F871
:106BA0007B33ADF80C2005228DF80E30F2F708FD8E
:106BB0003D4BC0F30722C9F800501870C0F30740DE
:106BC0005A7098703B7888F8003023780BB1002316
:106BD00023700124DFF8C490DFF8DC8014E04FF06C
:106BE00000033846ADF80CA001378DF80E30214671
:106BF000039AFDF7D1FDD9F800300133BB42EED83E
:106C00000134102C3FF471AF33781BB101274FF0E2
:106C1000000AF0E7244A05F1010A214BA24508BF0A
:106C200013461A889B78ADF808208DF80A30BBF11E
:106C3000000F0FD002A903A8F2F71FFE9DF80E3037
:106C4000FF2202A9DB0103A8B3FBF2F38DF80E309B
:106C5000F2F77FFD012758E014500320F48600204E
:106C60008F6D0320976D0320EC500020D18003200E
:106C7000A6800320EC7700208D6D0320966D032005
:106C80008E6D0320B3660020A28003205D6D03207B
:106C900075800320845E002048800320A05F0020D0
:106CA000936D032078200020906D0320C86600209B
:106CB000805A0020B4660020F1230020A2451ED196
:106CC000B8F8002003A998F8023002A8ADF80C200B
:106CD00005228DF80E30F2F773FCC0F307238DF810
:106CE0000800C0F307400DF10A028DF809300DF1DC
:106CF00009018DF80A00BE2302A8F3F7ECFA384622
:106D00000137029A2146FDF747FDD9F800300133DB
:106D1000BB42D3D874E7154A12684AB9144BB3F88A
:106D2000362493F83834ADF80C208DF80E30FAE69E
:106D3000012A05D10E4BB3F8392493F83B34F2E71E
:106D40004FF4F052ADF80C20EFE720460434039ADC
:106D50000121FDF721FD2B68033BA342F5D2FFF78C
:106D6000C7FAFFF735FD05B0BDE8F08FB046032048
:106D700078200020924B2DE9F04F1C68A5B0914B74
:106D8000013C1A68904BB4FBF2F11B784F1C2BB1FD
:106D90008E4B1E7816B18E4B1B78E3B18D4B1E784F
:106DA00066B18D4B5B69A3EB070CDCF1000343EB91
:106DB0000C03002B00F0ED8100260CE0874B1B78C4
:106DC000002BEED0864B1B68032B04D1824B5B69F2
:106DD000BB4240F0DE81834B02FB11441B7801343F
:106DE00023B1814B1B78002B40F0D8804FF0000876
:106DF000F4F72CF8CDF804804FF0000A0125DFF8F5
:106E0000D8B1CDF800A0002E00F0F880BAF1000F44
:106E100004D114AA39462046F7F72AFB294614A8BC
:106E2000F7F7E2FA002840F044810A238DF81E00AB
:106E3000B2462946ADF81C302046079AFDF7ACFC57
:106E40000135102DDFD1B8F1000F00F08481019BD6
:106E5000002B00F03D81009B002B00F03981624B3C
:106E60001A78002A00F03481192A604D4FF000038F
:106E7000A8BF192228461946C67806B10133013148
:106E800005301929F8D1D11CD31ADFF860E1891037
:106E9000002BD8BF0B469342D4BF02930292494BBA
:106EA0001B680393002318460099009EB0FBF1F184
:106EB00006FB11019031694411F8508C08F1FF363E
:106EC0000D2E40D810F0010F11F8703C11F8601C25
:106ED0004FF0FF0A0CBF4FF0FF394FF001095E1C65
:106EE000039FA1EB0901BE42D8BF334600260F29FC
:106EF0002F46A8BF0F210129B8BF0121012BB8BF20
:106F000001239B46334697F803C0BCF1000F0BD01A
:106F1000D44507F1050738BF1E4603F1010338BF0A
:106F2000E246192BEFD1334603EB83030EEB030646
:106F30000EF803B04FF00A037170F370019B86F8EE
:106F4000029086F80480013002998142ACD113B1DD
:106F5000274B01211970DFF894804FF0000E0021BB
:106F60002E464FF0FF334FF0FF0C0846F7782FB155
:106F7000674501F101013CBFBC46034601300536BF
:106F80001928F3D18A4280F2A3805E1C00F0A08011
:106F900003EB8303434483F803E0E0E7154A1378E7
:106FA000A342154B02D11988B94204D04FF0010811
:106FB00014701F801EE700234FF0010801931BE7A8
:106FC000745B0020A05F002043810320D880032051
:106FD00020810320CA5B0320EC500020CB5B032000
:106FE000AC610020CA800320D06600207C690320A9
:106FF000FC670320365C0320DA590320DBF8140019
:10700000664B01281B6838BF0120013803FB004094
:10701000552205EB8503294602FB0033604A2046D2
:1070200012F803900A23ADF81C3000238DF81E30AF
:10703000079AFDF7B1FBB9F1000F3FF401AF4846E5
:10704000F7F7DAFFDBF80030002834D123B1DBF8A2
:1070500004304B457FF4F4AE524920464A780B7811
:1070600043EA02238A78294643EA0242FDF794FB69
:10707000B8F1000F3FF4E4AE019B002B3FF4E0AE0B
:10708000009B0E2B3FF6DCAE474B1B780F2B02D03C
:1070900099457FF4D5AE009B90336B4403F8704C58
:1070A00003F8605C03F8509C009B0133DBB2009353
:1070B000C6E6B246ACE7002B7FF4C2AEADF81C309A
:1070C00029468DF81E302046079AFDF765FBB7E686
:1070D000364B93F800B0BBF1000F3CD0344B1A682C
:1070E000344B1968511A1F29009188BF1A60324B1E
:1070F0001E780EB1C6F109060022304D9146EB789C
:1071000003B300991F295FD9013BDBB2D807EB70AD
:1071100058D4297801312970990753D46978002E01
:10712000A878A1EB0001697008DD93FBF6F106FB7E
:107130001131002948D1297801392970002B43D118
:107140000023EB7009F101090535B9F1190FD6D10A
:107150000AB9164B1A7025B0BDE8F08F072A62D81D
:10716000174B520107A8198802F0E0029B78ADF88E
:107170001C1005A98DF81E30F2F722FAC0F3072380
:107180008DF81800C0F307408DF819308DF81A00FB
:1071900049E025B0BDE8F04FF3F758BEA05F0020EE
:1071A000395FF670733B0020CA800320FC67032020
:1071B0001450032000780020C98003207C6903203C
:1071C000B4240020002EB0DC6B78013BDBB20E2B28
:1071D000B6D895F900100029B2DD5D4B1B689942C5
:1071E000AEDC2B79581E0D28AAD88C4200F0AD8059
:1071F00003EB4303574AD118D25A8B78ADF81420C9
:107200008DF81630059BADF818301B0C8DF81A3030
:10721000514B1A78002AA1D1504B1A889B78ADF8AF
:1072200018208DF81A3095F803800DF11A020DF12F
:10723000190106A808EB880303EB8303DBB2F3F71D
:107240004AF8474B1B78012B5CD9069B0DF11E02B7
:107250000DF11D0107A8ADF81C301B0C8DF81E3078
:107260006E23F3F738F895F901A095F9007007AB94
:107270000AF1FF320AF1FF313846019222461DF031
:10728000A9FB0AF1010207AB0AF10101029238469B
:1072900022461DF09FFB324B1B78022B32D9069BF6
:1072A00001370DF11E020DF11D01ADF81C301B0C54
:1072B00007A88DF81E305023F3F70DF807AB2246D0
:1072C000514638461DF086FB254B1B78032B19D9F8
:1072D000069B0DF11E020DF11D0107A8ADF81C3033
:1072E0001B0C8DF81E303223F2F7F5FF07AB224658
:1072F000019938461DF06EFB07AB224602993846CD
:107300001DF068FBB8F1050F95F9007016D9012F33
:1073100014DD069B0DF11E020DF11D0107A8ADF84D
:107320001C301B0C8DF81E304023F2F7D4FF07AB46
:10733000224695F90110781E1DF04CFB06AB224643
:1073400095F9011038461DF045FB5A46FAE600BF94
:10735000A05F002048800320CF660020B4240020D6
:10736000D1660020034B044A5B691268013B02FBB3
:1073700013007047EC500020A05F0020314A324BD0
:107380001168D3ED007A012930B585B03ED1B2EE57
:10739000007A77EE877AC3ED007AD3ED007A9FED1D
:1073A0002B7AF4EEC77AF1EE10FA36DD4FF0FF33A8
:1073B0001360274CFCEEE77A616A0846FFF7D2FFBC
:1073C000A46A5522054604EB8400CDED017A9DF8B0
:1073D000043002FB01001F4A125C3AB302EB420286
:1073E0001D498818895A827803A8ADF80C100DF150
:1073F0000D018DF80E200DF10E02F2F77DFF039ABC
:1074000021462846FDF7C8F905B030BD0131C4D189
:10741000B2EE007A77EEC77ABDE7B7EE007AF4EE07
:10742000C77AF1EE10FAC4D50123C1E78DF8083010
:10743000FF2303A902A88DF809308DF80A30F2F76E
:1074400088F9DCE7BC5B0020BC61002000006643DB
:10745000EC500020395FF670488003202DE9F04F92
:10746000CA4CCB4BE76ADFF858E307EE907A1A680C
:107470009EED007AB8EE676AD207216B58BF0122F1
:10748000C44EB4EE476A07EE901ADFF838C3F8EE40
:10749000677AC14D2DED088B85B058BF1A60F1EEAB
:1074A00010FA3368BD4A40F0E0809CED007AB4EEFB
:1074B000677AF1EE10FA40F0D8801068984240F0F8
:1074C000D480002B40F3EC80B5480078002800F011
:1074D000CC8028680022002B40F3D580002A3CD0C5
:1074E0004FF0010CAE4AF7EE004A00F1FF3A82F885
:1074F00000C003F1FF38A1EB070CDFF8B0E2002772
:10750000DFEDB35A9FEDA75ADFF8BC92874240F0F7
:10751000C980A54A00239FEDA37A1370A34A834232
:1075200040F01C81DFEDA27AA24BB4EEE77AF7EED1
:10753000007AF1EE10FA0EDDC7EE876AF4EEE76A24
:10754000F1EE10FA07D4F2EE047AF4EEE76AF1EE07
:1075500010FA77FEA67AC3ED007A964B01274FF01A
:1075600000084FF0320993ED00BA2B68BB4280F05F
:10757000318107EE903AB7EE003BB8EEE74BD4ED21
:107580000B7A9FED7C2B9FED7D1BB8EE670B11F006
:1075900097F9FDEEC07B94ED0C0AB7EE003B17EEB9
:1075A000908AD5ED007AB8EE400BB8EE674B9FEDB0
:1075B000712B9FED721B11F083F9FDEEC07BB8F1CA
:1075C000000F2A6817EE903A40F30F81904528BFCC
:1075D0009046002B40F30C81934228BF134608F1DC
:1075E000010401274FF4A0494FF0000A944228BF3C
:1075F00014469845B8BF1C46474540F3FB805027CA
:107600004FF000082868A04280F0FF80664B1D788C
:10761000002D00F01781654A002367499FED677AC6
:10762000834240F0FD8000253368002B18DD5F4F5A
:107630000026DFF89881BA469FED4E9B9FED4F8B59
:107640009FED50AB544B1A689642C0F0FD803DB19F
:1076500059490023934240F0C781534B01221A70CD
:1076600005B0BDEC088BBDE8F08F136001228EEDF4
:10767000006ACCED007A2868002B7FF42CAF4849D3
:107680000B7049490B70002A3FF467AF474A00234B
:10769000002183423FF43DAF013342F8041BF8E779
:1076A0000022E8E707EE90CAB8EE677A07EE90AAE4
:1076B000B8EE674A07EE907AF8EEE77AC7EE846A8A
:1076C000F0EE467AE7EE267AF5EEC07AF1EE10FAA1
:1076D0003ED4F4EEE57AF1EE10FA35FEA77AC7EE65
:1076E000256A07EE908AF8EEE77A26EEA77AB5EEDD
:1076F000C07AF1EE10FA2ED4B4EEE77AF1EE10FA79
:1077000077FE877ABBFE677ABDEEC77A012B17EE4C
:10771000102A09EB8201D1ED006A15D0511C4145B8
:10772000A8BF41468A420FD0B8EEC77A09EB810163
:1077300091ED004A77EEC77A34EEE77A67EE847A05
:10774000E7EE267AF0EE676A0137EEEC016ADDE6D5
:10775000B0EE457AC3E7F0EE457AD3E7F2EC017A72
:107760000133F4EEC77AF1EE10FA37FE877AD6E6E7
:10777000AFF300800000000000005940000000004E
:10778000000000000000000000406540EC500020B8
:10779000D077002028470320A05F0020EC5800206D
:1077A000436C032000000000426C0320B8850020D9
:1077B000CDCC4C3DF0580020388500206F12833A24
:1077C000F4580020E8580020808A2020026A032014
:1077D0000000C842ADF80C8038468DF80E900321A9
:1077E000039A0137FCF7D8FFBFE64FF00108F0E637
:1077F0000123F4E6ADF80C9038468DF80EA0032175
:10780000039A0137FCF7C8FFF6E6ADF80C70204686
:107810008DF80E800321039A0134FCF7BDFFF1E6D9
:10782000D2ED007AD1ED006A77EEE67AF0EEE77AF3
:10783000F4EEC77AF1EE10FA3FF7F6AE04320431F7
:107840000133EDE60125EFE6FAEC017A06F10109D4
:1078500067EE8B7AF5EEC07AF1EE10FA5BD4B7EEF4
:10786000000AF4EEC07AF1EE10FA30FE270A5FED5E
:10787000287AB2EE044BB1EE043B20EE270AB0EEBC
:10788000492BB0EE481BB7EEC00A11F019F8FDEE17
:10789000C07B0222002317EE904A0A2CA8BF0A24BC
:1078A000052CB8BF0524032A4FF00002ADF80C30B8
:1078B00048460CBF4FF0040B4FF0020B8DF80E2022
:1078C000039A5946FCF768FFBBF1040F4FF003021F
:1078D0004FF00003E7D10DBB12224FF0050B474BD1
:1078E0005643ABF1050202EB4202324499189A5C0E
:1078F0004878897842EA0022484642EA01425946DD
:107900000BF1010BFCF748FF3C4B5C45E9DA08F151
:1079100012084E4696E69FED3A0AA8E7C3460521AF
:1079200007EE901AB7EE004BB0EE483B0191B8EE6F
:10793000E70BB2EE042BB1EE041B10F0C1FFB7EE63
:10794000C00BB0EE4A4BB0EE483BB7EE002BB7EEA3
:10795000C00A9FED281B10F0B3FFFDEEC07B4FF077
:107960003C0C019917EE903A93FBFCF00CFB1033A2
:107970000128ACEB030212B2C2EB0222B2FBFCF212
:1079800027D0C3EB0323022893FBFCF325D040BB95
:10799000DBB2FF2202EB82024FF0640C03EB8303A5
:1079A000013100EB80000BF1030BD2000B294FEAF1
:1079B000C3034FEAC000B2FBFCF2B3FBFCF3B0FB25
:1079C000FCF00BF8032C0BF8023C0BF8010CA7D1D0
:1079D00082E7D2B20020FF23DCE7D8B2FF230022E7
:1079E000D8E7D3B2FF20FAE757F8040B013341F888
:1079F000040B2FE60000000000000000026A0320D4
:107A0000000000002DE9F0474D4E02EE101A01EE85
:107A1000100AB7EE003BD6ED007AB8EEC22BB8EEF6
:107A2000C11B0125B8EE674B2DED028B08EE102A25
:107A300084B0B8EEC80B01939DF83C8010F040FF75
:107A4000FDEEC07B1CF0F2FF17EE904A33680E9AF1
:107A5000AB421DD20421012002254FF00009FCF7A2
:107A60009BFE0E9A04213068FCF796FE3368013BBA
:107A70009D4213D9B8F1000F27D1B8EEC80A0B21E7
:107A80000E9804B0BDEC028BBDE8F0471CF066BF59
:107A9000284603210135FCF77FFED7E7042704F1D0
:107AA000010AAA4539462846BBBF0023ADF8089015
:107AB000019A8DF80A30B8BF029AFCF76DFE7B1C64
:107AC0000527062BEDD10135D0E7032C29DC1D4A13
:107AD0001D4851781378927843EA0123022143EA42
:107AE00002430B221CF09AFE184B0621184A02A8EA
:107AF0009B681AF077FB082C0CDD124A02A851781B
:107B00001378927843EA0123022143EA02430B22CD
:107B10001CF084FE1CF082FF04B0BDEC028BBDE8BB
:107B2000F087231F042BDFD8064A0A4851781378C0
:107B3000927843EA0123022143EA02430B22D1E770
:107B4000A05F0020243B0020CE3C0020E897057079
:107B5000784100207441002070B5074D0024074E85
:107B6000336828464C3503EB84030134D96B11F09C
:107B7000F1F8042CF4D170BD806F0020B85B0020B8
:107B800090F8703113B1002380F870317047000015
:107B9000000000002DE9F743DFF8D48198F80030A9
:107BA000002B40F0AA805D4F3B6823F00203012BBD
:107BB00001D11CF093FE0023594A01211370594A48
:107BC0001170594A1370594AD370594A13703B685F
:107BD000022B12D0574B552557485C68574B1A68F3
:107BE000631803EB830305FB0233C218C4546423F8
:107BF000D17053709370FF2313710023504A82F8A1
:107C000066334F4810F047F90546002838D1494BF4
:107C10005C684C4B84423ADA187000224A4B484860
:107C200043F824203B68032B484B18BF05251D60F3
:107C300010F03CF90123424A88F8003082F866339C
:107C4000434B1B68012B4BD1424B1B78002B51D16E
:107C5000414B9FED2C4B9FED2D3B9FED2E2B93ED3C
:107C6000000AB0EE431BB8EE400B10F029FEB7EE51
:107C7000C00B0321394803B0BDE8F043F3F780B9E6
:107C80002F4810F032F92E4810F04BF9B9E7FF2CCD
:107C900002DDFF221A70C0E7082C1C701DD8304B83
:107CA00053F8243013B19869FFF76AFF2D4B53F84E
:107CB000240008B10EF07FFD082CAED824264FF02A
:107CC00000090023F1B2013620461A46CDF8009093
:107CD000F5F7EEFF612EF4D19FE70E2CE6D99CE775
:107CE000214BB2EE0E2B9FED074B9FED083B93ED22
:107CF000000AB6E79FED1D0ABBE703B0BDE8F083BD
:107D0000AFF30080000000605555C53F0000000043
:107D1000000000000000000000804F40DC610020F7
:107D2000EF800320CC8003202A810320F8800320E9
:107D3000FC800320EC500020395FF670705B00205F
:107D4000944A0320B480032028970570BC79002052
:107D5000E061002039660020D446032064DCFE7018
:107D6000A0640020105C0020905E00200000000055
:107D7000B3800320F8B5D0F8D0310446F3B900231E
:107D8000A4F8BE31C4F8CC31F8BDAEB250F826002C
:107D900028B112F0C3FDD4F8D03143F82670013574
:107DA000B4F8BE21ABB2D4F8D0019A42EDD808B1F4
:107DB00012F0B4FD0023C4F8D031E0E700252F46CF
:107DC000EEE790F8703110B5044623B1FFF7D8FE06
:107DD0002046FFF7CFFF10BD064B10B504460360E9
:107DE000FFF7C8FFD4F8C00108B112F097FD204694
:107DF00010BD00BFA42A002010B50446FFF7ECFF19
:107E00004FF4EC71204612F08BFD204610BD0000AF
:107E1000034B10B504460360FFF7DEFF204610BD9C
:107E2000C42A002010B50446FFF7F2FF4FF4EC71AE
:107E3000204612F075FD204610BD00002DE9F043EC
:107E4000002405468BB000F1100721460470C46081
:107E5000402280F8B040DFF88880DFF88890C0E9E1
:107E60000144C0E90444C0E90644B4301AF0B1FA50
:107E70002146402205F1F4001AF0ABFA8022FF21DE
:107E800005F120001AF0A5FA022202A906A8C5F8F9
:107E90003C41CDF81480CDF81090C5E94D44CDE9B2
:107EA0000254CDE90644CDE90844F3F701FBDDE9CE
:107EB0000601CDE9000197E80300CDE90601DDE9FF
:107EC000000187E8030006A8C5E90698F3F72DFE30
:107ED00002A8F3F72AFE28460BB0BDE8F08300BFE6
:107EE00079420100552400002DE9F04788461C46E0
:107EF00005461820164612F00DFDC0F8008000213E
:107F000004750746089B016143608175D5E9024805
:107F1000C0E90216444516D044F8040BAC602A7838
:107F200095F8B0300132D2B29A422A703FD905F1A9
:107F3000A001FF2005F1B4040026934232DB85F84E
:107F4000B020BDE8F087D5F804906FF06043A4EB53
:107F50000904B3EBA40F4FEAA40602D11B4815F0A5
:107F6000E0F8012E2CBFB61901369E4228BF1E46EE
:107F7000B600304612F0CEFC824607511CB12246B4
:107F8000494612F02DFC04345444B9F1000F04D0DA
:107F9000A8EB0901484612F0C3FC5644C5E901A408
:107FA000EE60BCE7C85444F823600133C5E7C6D28D
:107FB00005F1A001FF2005F1B40400269342BEDDC7
:107FC000C85444F82360013BF8E700BF7E4100201D
:107FD00070B50446D0E94D56AE4206D1D4E94D32D3
:107FE000934218BFC4F8383170BD55F8040B00280F
:107FF000F2D0142112F094FCEEE7000013B5044611
:1080000001A8F5F717F8064B4FF4A07000FB0430F9
:10801000FFF7DEFF01A8F5F725F802B010BD00BF9D
:10802000C88B0570082801D8FFF7E8BF704700002B
:1080300008287FB5044624D803A8F4F7FBFF124BA9
:1080400001221A55114B53F8243013B19869FFF7E8
:1080500097FD242500260023E9B2013520461A4663
:108060000096F5F725FE612DF5D1094B53F8240054
:1080700008B10EF0A0FB2046FFF7D4FF03A8F4F7E9
:10808000F1FF04B070BD00BF3F800320A06400205A
:10809000105C002010B5094B00241C70084B1C70AC
:1080A000F8F76CFF07480EF086FB2046FFF7A6FFA7
:1080B000054B1C70054B1C7010BD00BF06680320EB
:1080C000CE800320348C0020FD8003201B81032000
:1080D00030B5114D8DB00FCD01AC0FC40FCD0FC415
:1080E00095E8070001AD84E807000024013455F845
:1080F000040BFDF729F90B2CF8D1084B084A1A603C
:1081000000225A601CF0CAFB1CF0CCFB01200DB011
:10811000BDE830401CF016BCBC2300205C7B202056
:10812000000080BF38B500240A4B0B481C700B4B75
:108130001C700B4B1C700B4B1C700B4B1C700B4BB7
:108140001B68834205D00A4D01232B701CF04EFCA6
:108150002C7038BDD3800320C05B0020D580032065
:10816000D4800320D6800320D2800320B85B002077
:108170005A69032070B5374E374D3378374C38483D
:10818000384A002B57D12B78002B56D12378002B5F
:1081900055D103780BB91378A3B10378002B50D1D4
:1081A0001378002B14BF09210021002303703370C2
:1081B0002B70237013702C4B2C4819602C4B996337
:1081C00010F092FD2B4B1B78002B3CD02A4B1B78D8
:1081D000002B38D129481CF009FC0123284D294CDB
:1081E0002B60294B186898BB6B6800F07F4003EB4D
:1081F0004303E218E35C5178927843EA012343EAAF
:1082000002431843F5F796F80146204810F0A2FD06
:108210006B6803EB4303E218E35C5178907843EA20
:10822000012343EA0040F5F785F801460F48BDE811
:10823000704010F08FBD0521B7E70621B5E7072193
:10824000B3E70421B1E712481CF0D0FB0023C5E7D7
:108250000021DAE7D3800320D5800320D4800320D7
:10826000D6800320D2800320108C00206470002070
:10827000A45F0020E4800320D18003203863002025
:10828000EC50002048800320288C0020806F0020C4
:10829000C05B002070B50A4E0A4B32689A420ED17C
:1082A000094C6168A06AF5F765F940B1074D2846A9
:1082B0001CF09CFB3368AB4204BF0123236070BDFC
:1082C000B85B0020C05B0020EC5000203863002029
:1082D00070B51F4E1F4B32689A4237D11E4C1F4D4E
:1082E000A36A2846013B63601CF080FB3368AB4205
:1082F0002CD11B4B00211B4D1868216080B963688D
:1083000000F07F4003EB4303EA18EB5C517892786E
:1083100043EA012343EA02431843F5F70BF8014609
:10832000114810F017FD636803EB4303EA18EB5C98
:108330005178907843EA012343EA0040F4F7FAFFCA
:1083400001460A48BDE8704010F004BD70BD00BF92
:10835000B85B002038630020EC500020C05B002098
:10836000288C002048800320806F0020647000204B
:1083700008B5064B1B7813B10120FAF797FFF5F704
:10838000B7FBBDE80840FFF785BE00BFD8800320DB
:1083900030B5ABB00AA9F2F7E3FE20B93648F3F7DF
:1083A000C3FA2BB030BD4FF0E0244025FFF7E0FFCB
:1083B00000230AA8C4F88851304A9DF82810994231
:1083C00018BF024668462E49F4F7E6F80498F3F71A
:1083D00061F940B92B48C4F80851F3F7A5FA68468B
:1083E000F4F792F8DDE70498F3F746F908B3264C62
:1083F00005A800226946F4F761F80998F3F74AF9ED
:1084000060B30998F3F738F903460998C3B1F3F755
:1084100039F901461D48F3F78DFA05A8F4F79CF8E1
:1084200022681B4B1A60F0F7B1FE05A8F4F76CF850
:10843000DEE76846F4F790F81648C4F80851CCE730
:10844000F3F760F905460998F3F71CF94FF0FF328E
:10845000034629461048F3F76DFADEE705A8F4F75E
:1084600053F86846F4F778F84FF0E02340220B48C1
:10847000C3F80821B1E700BF984100202641002041
:10848000D0710020A5410020145003205F4100203E
:10849000C4790020B3410020BF410020F03C0020FF
:1084A0002DE9F04F9A49E7B01AF004F898490646CA
:1084B000002019F0FFFF96490446002019F0FAFF4A
:1084C00005460EB104B128B9924867B0BDE8F04F37
:1084D000F3F72ABA06A93046F2F742FEA8B18E4950
:1084E00006A81AF0DDF880B10A220021204619F012
:1084F0008BFD044610220021284619F085FDB4F1B9
:10850000005F039007D9854800E08548F3F70CFA2F
:1085100067B0BDE8F08F834F06AAD7F88814D7F864
:108520008404F3F7C1F9C0B146A8002306AA39466E
:10853000F4F732F84A98F3F7ADF8002839D14A98A1
:10854000F3F7A8F810B146A8F4F706F806A975489D
:10855000F4F794F846A8F3F7D7FF26AE002506A94E
:108560007F22304619F07CFF2F21304686F87F505D
:1085700019F089FF60B1B0420AD0057005AA6649BA
:1085800030468DF81851059519F0FAFF0546F8B9EF
:108590003046012306AA6349F3F7FEFF3069F3F77B
:1085A00079F80646002841D15F48F3F7BDF926A8BF
:1085B0000BE04A98F3F760F80028C0D046A8F3F71C
:1085C000CBFF5A48F3F7B0F946A8F3F79DFF9FE7B2
:1085D0000DF58C7840461AF075F8814628461AF059
:1085E00071F8484401307F28D2D8B9F1000F14D176
:1085F0007F222946404619F033FF4246D7F88814B7
:10860000D7F88404F3F750F918B941464548F4F710
:1086100019F805AA40490020B6E72B46444AC9F19B
:10862000800108EB090019F0DDFDE6E7002541486F
:10863000F3F76EF9FFF79CFEACB94FF0E02740244A
:1086400026A8C7F88841F3F787FFC7F80841002E2E
:1086500047D1F2F715FB06A93248F4F70FF8364870
:10866000F3F756F9A3E7B4F5005FA3464FF000090E
:1086700028BF4FF4005BABEB090A3048BAF5805FC6
:1086800028BF4FF4805A5146F3F794FA00283DD0A2
:108690004FF0E0274FF040085246284926A8C7F877
:1086A0008881F1F74CFE8245C7F808812ED15246E9
:1086B00028462249D144F2F775F8214B214ACB458F
:1086C0001B680546A4EB0A041360D4D826A8C7F893
:1086D0008881F1F748FE1C48C7F80881F3F718F9BC
:1086E000AAE7039B9D420FD0F2F7CAFA06A90D48EC
:1086F000F3F7C4FF039B154A2146009346A82B4677
:1087000019F070FD46A8ABE71148A9E7002694E7E9
:10871000CC410020CF41002026410020D94100203B
:1087200098410020D0710020F2410020E741002054
:1087300036410020FB410020014200202B70032025
:1087400014500320C4790020304200200842002049
:10875000F03C00202DE9F041A6B028B94F48F3F7CE
:10876000E3F826B0BDE8F08106A9F2F7F9FC00288D
:10877000F4D04B4906A819F093FF0028EED0494CDD
:1087800006AAD4F88814D4F88404F3F78DF808B94D
:108790004548E4E7FFF7ECFD01A8002306AA2146BF
:1087A000F3F7FAFE0598F2F775FFC8B10598F2F7EE
:1087B00063FF0546A0B90598F2F7A4FF01460446F9
:1087C0003A48F3F7B7F813F0C1FFF2F73DFD002880
:1087D0005FD101A8F3F7C0FEF2F752FA344807E080
:1087E0000598F2F757FF10B101A8F3F7B5FE31482D
:1087F000F3F79AF801A8F3F787FEB2E7B4F5007F24
:1088000026462D4928BF4FF4007605983246F2F7E8
:1088100089FF864206D001A8F3F79EFEF2F730FAF0
:108820002648E5E7244938463246F1F7BBFF314692
:1088300007462148F2F760FA0028ECD013F086FFD3
:1088400013F084FFF2F700FD0028C2D01C4B354422
:10885000A41B1A681B4B1A60C5F30C036BB91A4BA7
:108860001A4AD8F804101B68B3FBF2F3C82253432A
:10887000D8F80420521A9342FAD8002CBED101A88D
:10888000F3F76AFE39461248F3F754F813F05EFF27
:10889000B0E72F46DFF83C80EFE700BF98410020AB
:1088A00026410020D0710020A54100202542002053
:1088B0002C420020F24100202B6E032001420020B8
:1088C00014500320C4790020E850002040420F00DB
:1088D00034420020001000E04D4900202DE9F84FFF
:1088E0000D464C4E32182B4601245F790134053376
:1088F000043202F8047C112C5F7802F8037C9F7824
:1089000002F8027CDF7802F8017CEED14030553568
:10891000B0F5804FE6D1404BFF22404844F20E04B0
:108920001A70FE2245F20E055A703D4A1268C3F8CD
:108930000220D0F83F24C3F80620D0F84324C3F81F
:108940000A2030190A4601230133577A0532112BC8
:1089500000F8017BF8D110345531AC42F1D1FFF76A
:1089600007FD21462F48F2F7E5FF13F0EFFEF2F77F
:108970006BFC30B9F2F784F92B48BDE8F84FF2F7F9
:10898000D3BF0025DFF8BC80284FA946B4F5007F8F
:10899000A24606EB0901284628BF4FF4007A52464A
:1089A000F1F700FF5146054606EB0900F2F7A4F97E
:1089B00018B9F2F765F91E48DFE713F0C7FE13F0A8
:1089C000C5FEF2F741FC0028D4D01A4BD144D8F8A8
:1089D0000020A4EB0A041A60C9F30C035BB9164B20
:1089E000164A79681B68B3FBF2F3C82253437A68CE
:1089F000521A9342FBD8002CC8D129461048F2F7EE
:108A000099FF13F0A3FEBDE8F84FFFF78BBB00BF43
:108A10008E5FF6700000007000400070782000202B
:108A2000E8970570254200202C420020001000E04D
:108A300001420020C4790020E850002040420F008D
:108A4000344200201450032070B52D49C0B019F0F5
:108A500031FD05462A49002019F02CFD044605B1D8
:108A600028B9284840B0BDE87040F2F75DBF6946BC
:108A70002846F2F775FB20B92348F2F755FF40B0BE
:108A800070BD2249684619F00BFE0028F4D020A9D9
:108A90002046F2F765FB0028EED01C4920A819F00B
:108AA000FFFD0028E8D01A4C4FF0E0254026FFF7E4
:108AB0005FFC6A46D4F88814D4F88404C5F8886149
:108AC000F2F7F2FE18B91348C5F80861D5E720AAF5
:108AD000D4F88814D4F88404F2F7E6FE18B10E48EE
:108AE000C5F80861C9E720AA6946201DF3F750FBC5
:108AF000C5F8086108B90948BFE70948BDE700BFE4
:108B0000CC410020CF410020984100202641002088
:108B1000D0710020A54100203E42002049420020A3
:108B2000F03C002070B5A0B020B91748F2F7FCFE69
:108B300020B070BD6946F2F713FB0028F5D0134949
:108B4000684619F0ADFD0028EFD0114E4FF0E0243B
:108B50004025FFF70DFC6A46D6F88814D6F8840441
:108B6000C4F88851F2F7A0FE18B10A48C4F80851B9
:108B7000DCE769463046F3F765FDC4F8085108B9EB
:108B80000548D3E70548D1E7984100202641002059
:108B9000D07100203E42002054420020F03C0020D2
:108BA000F0B5A7B020B92D48F2F7BEFE27B0F0BD52
:108BB00006A9F2F7D5FA0028F5D0294906A819F038
:108BC0006FFD0028EFD0274C4FF0E0254026FFF73F
:108BD000CFFB06AAD4F88814D4F88404C5F88861B9
:108BE000F2F762FE18B92048C5F80861DCE701A871
:108BF000002306AA2146F3F7CFFC059F3846F2F77B
:108C000049FD90B93846F2F745FD10B101A8F3F7D8
:108C1000A3FC06A91548F3F797FA4FF0E02340228A
:108C2000C3F80821B8B912480FE03846F2F724FD1E
:108C30000028E7D001A8F3F78FFC06A9201DF3F761
:108C4000D5FAC5F8086130B90A48F2F76DFE01A8F7
:108C5000F3F75AFCAAE70848F7E700BF984100205D
:108C600026410020D0710020A5410020D4710020B1
:108C7000684200205E420020F03C00202DE9F047D1
:108C80001C46884606461546142011F043FEBDF8E2
:108C9000203080F80080074683810023C0E901541A
:108CA000D6E94E48C381444505D044F8040BC6F8C4
:108CB0003841BDE8F087D6F834916FF06043A4EBFB
:108CC0000904B3EBA40F4FEAA40502D1124814F033
:108CD00028FA012D2CBF6D1901359D4228BF1D4674
:108CE000AD00284611F016FE824607511CB12246FF
:108CF000494611F075FD04345444B9F1000F04D015
:108D0000A8EB0901484611F00BFE5544C6E94DA4F5
:108D1000C6F83C51CDE700BF7E4100200828F0B5E1
:108D2000044685B00D4616461F4612D803A8F4F730
:108D300081F9BDF82830294607484FF4A075009303
:108D400032463B4605FB0400FFF798FF03A8F4F703
:108D500089F905B0F0BD00BFC88B0570082837B58C
:108D600004462FD8FFF764F90323174A0021174D53
:108D700042F82430164A42F824304FF40062154B72
:108D800003FB0455284619F024FB134B0022204610
:108D9000242143F824202A46104BD3ED007AFCEE20
:108DA000E77A17EE903A9BB200934FF48063FFF797
:108DB000B5FF0B4B012220461A5503B0BDE83040E9
:108DC000F8F75CBA03B030BDA8A8F570ACA8057080
:108DD000A8970570AAAA1A0068970570D8610020A4
:108DE000F97A20202DE9F04F584B002585B0584ADC
:108DF0005D626426574B4FF0FF3A574F5C68574B04
:108E000002FB04393B78A3B155480FF044F880B118
:108E100053480FF040F88046F6F728FFC24501D0CE
:108E2000002502E00135032D03D0013E01D0C246EA
:108E3000E8E700254B4B01224FF0640A1D704FF00C
:108E4000FF3B494B3D701D70484B494F1D70494BCE
:108E50001A70F6F70BFF424B83F8665340480FF049
:108E60001AF868B357F82430434A934228D83C484C
:108E70000FF011F803903A480FF037F857F82480B4
:108E80000146C8F5012609EB480006F54C76802E10
:108E900028BF80267200464411F0A2FC304847F8F3
:108EA00024600FF03EF8039B9B4501D0002502E0B3
:108EB0000135032D04D0BAF1010A01D09B46CDE75C
:108EC00000212E4B57F8242020461D6819602C4B9A
:108ED00019602C4B43F824201BF084FD1BF002FD8D
:108EE0002046FFF79FF8284B20464A46D3ED007AEC
:108EF0002421FCEEE77A17EE903A9BB2009357F8E4
:108F00002430FFF70BFF214B01201855204B1B6825
:108F1000032B17D1B5B11F4B013D55211A682318FA
:108F2000B5FBF2F505FB022203EB83031A4D02FBAE
:108F300001110B44EA18EC546423D0705370937001
:108F4000FF23137105B0BDE8F08F00BF64DCFE7035
:108F5000AAAA1A00EC500020B3800320ACA8057028
:108F6000944A0320B4800320FE800320F480032071
:108F700028970570B28003202F1308000C4E0320A1
:108F8000084E032068970570D8610020F97A2020E8
:108F9000DC610020A05F0020395FF6702DE9F0470A
:108FA000884D6B68082B05D9874B1B78002B4AD15D
:108FB000BDE8F087AC6A012C94BF00240124DFF8DF
:108FC0005092DFF85082D9F80030804E434502D0ED
:108FD0007F4A934202D13368022B02D03368032BBD
:108FE00045D1022011F0E4F93168B0FA80F3074668
:108FF00002294FEA531328D110B1764A002010708D
:10900000DFF814C29CF800209A4230D0DFF8ECA1BF
:10901000DFF808E2DAF80000DEF80020821AB2F584
:10902000FA7F24D9DAF8002002298CF80030CEF833
:10903000002012D1644B1B7867B9C3B9002CB7D09C
:10904000F2F70AFBB4E70024B9E70329D8D10028D6
:10905000D3D0D5E75BB1FFF7C5FE3368032B06D14C
:10906000594B1B78002FE8D10BB1FFF7BBFED9F8A5
:109070000030434502D0564A934299D1F4F7E6F9BD
:10908000554B02469870554B1968554B04291F786B
:1090900041D1002F4BD000283ED0524B9878002869
:1090A0003AD1D9F8002042452BD1A86AF1F74CFEFD
:1090B0004D4A1468621EB2F5807F3FF679AFAA6A06
:1090C000511E0F293FF674AF69680F293FF670AF44
:1090D00000283FF46DAF0846F4F740FA00287FF40B
:1090E00067AF552302EB8202404803FB042283183A
:1090F000815464225A709A700122DA70FF221A7128
:1091000056E733498A42D3D1AB6A013B0E2B8CBF61
:1091100000200120CCE757B1AB6A012B07D132B157
:10912000304B987818B9BDE8F047FAF7BFB8336804
:10913000012B7FF43DAF244B03291B7870D1002B0A
:1091400033D12B480378002B2FD12A4D2B782AB30B
:10915000002B7FF42DAF2849284A0B680BB9136800
:109160000B601268D31AB3F5967FFFF421AF14B9E0
:1091700000230B601CE701222A70002FF8D0204B3F
:109180001A70002303701F480B6003601E480370B1
:109190001E4BBDE8F0471A70FBF718BB63B9164BBE
:1091A0001A600C4B00221A7002E7002A7FF400AF0D
:1091B000104B1B78002BF4D000230E4A13700E4A7C
:1091C0001360EEE7EC500020B3800320A47600206B
:1091D00038630020B280032079822020DC610020E7
:1091E000D880032075822020705B0020395FF670E4
:1091F000A3800320238103201C500320145003204C
:10920000A5800320FC8B0020A4800320FE80032087
:10921000B85B0020C05B0020E1800320B44603203F
:1092200062B1002B7FF4C4AE002C3FF4C1AE064AFD
:109230001168064A1160064A136001E7002BB0D09E
:10924000FFF7D0FDADE700BF705B00200C4E0320A0
:10925000084E03202DE9F04F5C4E99B05C4D336809
:109260005C4C2B6023780493002B00F00D83F7F700
:10927000D1FB594B1A68D70705D4584A5169584A47
:10928000116001221A60574A33681278002A68D0A8
:10929000524A0121C2E90411534A002111601BB155
:1092A000524A12689A4201D201233360336850490E
:1092B0002B60504D2A68002A76D00A884E480280DA
:1092C0000B8011F019F82B6829684C4A00296DD0E1
:1092D000C31A4B49A3F57A778F4267D81360494A7E
:1092E000494913782860002B00F0A4802378002BD4
:1092F00000F0A08033683D48013B0068B3FBF0F507
:1093000000FB1533002B40F09580137001220A708A
:109310003E4A13703568354B6A1E1B68B2FBF3F08A
:1093200003FB10229B083A48B2FBF3F30133042BF2
:1093300000F20281036040F00181344B01271F706D
:10934000002A7DD10023314A1370324A0B70156018
:10935000314A036013600123304A1370304A13709E
:109360006EE0304A1278002AA0D01C4A1C4F506987
:10937000396888429AD02C4A1278002A96D12B4A12
:109380001268032A92D0194AD2F800C0421E0CFB80
:1093900002F201329A4205D0013B013913440CFB21
:1093A00011333360386081E71A4687E7204BB7EE08
:1093B000007B93ED006BB4EEC67BF1EE10FA27FE56
:1093C000067BBCEEC77B82ED007A88E7705B0020ED
:1093D000745B0020D8800320F0770020EC50002040
:1093E000F88600200168032078470320A05F002052
:1093F0001A660020344E0320186600209862002070
:1094000058474C00A5800320A3800320A48003209C
:10941000FC8B00200C4E0320084E0320FE8003200E
:10942000F4800320CB5B032020810320AC6100206B
:10943000D85000200B781BB12378002B7FF46AAF43
:10944000464B1B7833B3464B1B68032B22D1454D4B
:109450002B68FBB12378EBB1434B32681B68013AB0
:10946000424C43482468B2FBF3F1002C03FB112269
:109470000168D8BF3F4C01F10101D8BF24680160E9
:1094800063433AB90133994204D33B4B01212A602B
:1094900019700260394B01221A70394A136801337E
:1094A000012B38BF01231360364B1C789CB1364B1F
:1094B0001B780393002B4AD1306868B12A4B1B6894
:1094C00053B1013808AAB0FBF3F103FB11000131DD
:1094D0000130F4F7CDFF03944FF0000B0124DFF8C7
:1094E000BCA0CDE905BB039B002B33D0214608A8C7
:1094F000F4F77AFF07467B1EB3F5807F00F23481D4
:109500002248BAB203889BB29A4249D1102C47D064
:1095100001211F4AA14013880B409BB2002B3FD072
:10952000138823EA0103138013889BB2002B40F0B9
:109530001B8101340380D6E700230360002A7FF4F7
:109540007FAF144B1B78002B3FF47AAFFAE6002371
:109550000393C1E7104B1F68CDE700BFB380032022
:10956000DC6100200C4E0320A05F0020C8460320D1
:10957000084E0320885E0020F6800320E080032050
:10958000384E03204381032020810320825A032088
:10959000845A0320A4800320705B0020395FF6709A
:1095A00004EB8403552202FB07331AF803500AEB3D
:1095B0000308002D00F0D8802846F3F7CFFF0028DD
:1095C00040F0D2802846F5F717FD002840F0CC8007
:1095D00098F803804146012938BF01218B1E122BC8
:1095E00022D84E4A4E4B12781B883AB10F2D05DC1B
:1095F0004C4A127812B94C4B33F81530012B38BF56
:109600000123B8F1120F00F0848075D8B8F1110F62
:1096100000F08180B3FBF1F201FB1233B3FA83F364
:109620005B09002B00F0A080A3005522079304EBF8
:10963000840302FB0733534493F801909B78632B18
:1096400040F28A80B8F1150F40F02181374B1B782A
:1096500013B9374B1B781BB3364A136803B313682F
:10966000B3F5817F1CD2344B1968C9B11968102930
:1096700016D8116855201B68304A03EB830300FBA2
:109680000133D118D35C13B1CB78152B08D000234C
:10969000264A1370264A1370264A1360264A13601E
:1096A000224B1B78002B5FD1214B1A78002A5BD10B
:1096B0000122B9F1000F1A70214B224A1B6823F0D6
:1096C0000303136018BF4A461A4B08BF64221F6089
:1096D000194B1C601C4B1D601C4B1A6055221C4B07
:1096E0001C6004EB840302FB073353441A79194BC3
:1096F0001A701BF087F837E0B8F1130F0CBF08227F
:109700001022B3FBF2F102FB1133581E43424341D6
:1097100087E70422F5E70222F3E700BF4381032035
:10972000865A032020810320685B0320B580032034
:10973000B68003200C8F0020088F0020395FF67060
:10974000048F0020FC8E0020F08E0020F88E002078
:10975000F48E0020CA6600206420079310F098FB66
:10976000079B9842FFF66EAF0134112C7FF4BBAE1D
:109770009C4C06992068F9F7D7FC20685A46059951
:10978000F4F7B4FC984B994D1988306889B2984C1D
:10979000F7F762F92B78974F33B3974B1B68BF2BC2
:1097A00022D93B78002B00F04B81944B1B78002B87
:1097B00040F04681924B1B78002B40F04181012202
:1097C000904932602261013321F8022B102BFAD12B
:1097D0008D4B1B780BB1FFF705FB1BF09BF88B4BF8
:1097E00001221A7000232B703B783568002B00F0A3
:1097F0007481824B1B78002B40F06F81804B1B786B
:10980000002B40F06A81824B1A68824B1B78012B37
:1098100038BF0123534308BF1346AB4295BF012114
:109820006B1C0B461946013B3160B3FBF2F14B1C3C
:10983000002D40F02C812361774D0D2415F8013F58
:10984000F3B1764B1B5DDBB9754B1E5DC6B9204687
:10985000F4F750FB734B744A1B6852F824209B1A90
:1098600007EE903AF8EE677AF4EEC07AF1EE10FA6D
:1098700006DB6E4B53F8240010B10CF09CFF2E70E9
:10988000631C0E240F2BD9D119B0BDE8F08F2846E8
:10989000F6F7F0FD552104EB8402A30001FB07223B
:1098A0005244107992F90420002AB8BF04F12F0025
:1098B000B9F1000F15D04A467F2A28BF7F22D2B2C5
:1098C00029460793F7F774F82846F7F719FB079B23
:1098D00048B1B9F1000F14BF48466420F7F730FBD8
:1098E00042E76422ECE7082D2EDC2846F7F768FCF7
:1098F00000287FF439AF04EB840355222946B2EEE9
:10990000087A02FB0733224653441879F1F792FE96
:10991000474B4A4603EB8503D3ED007AFDEEE77A29
:1099200017EE903A1818434B03EB8503D3ED007AFA
:10993000012367EE877AFDEEE77A17EE901A01446D
:109940002846F4F7BBF90FE70B2D1CD13A4AB2F9C0
:109950001650002D7FF408AF55222344214602FB08
:10996000073353441879F1F74DFEA8F116014A4622
:109970004B424B41294600931A4B1B68F3F700F802
:10998000049B0693F0E6A5F10D03012B3FF6ECAE28
:10999000294B33F91530002B7FF4E6AE552204EB4A
:1099A00084032146284602FB0733244A13441A79CC
:1099B00093F90430002BB8BF4FF0FF320192A8F1A9
:1099C0001602534253414A460093064B1B68F4F774
:1099D0003DFB0D2DDDE904230CBF13469346059393
:1099E000C2E600BF384E03201866002064810320C1
:1099F000EC50002043810320904A03202081032063
:109A000001680320685B0320B3800320D880032013
:109A1000A05F0020E066002010822020F48120203A
:109A2000648120201450032014822020105C002028
:109A3000287B2020047B2020D4812020395FF670F1
:109A40007A4B1B78FBB17A4B62691968794B1B68BA
:109A5000032B12D1002A0EDDF0F7ECFC9042A8BFD8
:109A60001046754B0022C4E9040001381A604843CF
:109A700001303060ACE60120F3E7531E22614B4316
:109A800001333360A4E6012333602361A0E6013D86
:109A90002361B5FBF2F5A9423FF4CEAE674E012437
:109AA000674816F8013F9BB1B5FBF3F203FB125276
:109AB000013293420CD1B1FBF3F203FB12133BB919
:109AC000438801339BB2B3F5807F88BF0123438075
:109AD00001340230102CE4D1AEE6544B6A1C2769E5
:109AE0001B78002B7DD0DFF84CA1DAF800E0BEF146
:109AF000030F31D10FB967692761DFF834917B1EFD
:109B0000BEF1030FD9F8001001FB03F303F1010CC0
:109B10000B4403D1206908B960692061494890F875
:109B200000B0BBF1000F02D0676947480760474F9C
:109B3000D4F810803A60BBF1000F12D093420DD2DE
:109B4000434B1A800122434B1A70F4F7FFFADAF8FC
:109B50000030032B42D11DE06769CEE763692361C2
:109B6000F5E7BEF1030F33D19342D4F814A02AD203
:109B7000DA4526DDF0F75EFC5045A8BF504620616F
:109B800001382D4B002248431A60013030602E4BC3
:109B9000C3F800A02269D9F80010531E4B4339685E
:109BA00001338B4201D1AB423CD190453FF444AEEE
:109BB000012329490B801A4628490B80284B1A702B
:109BC0003AE60120DBE7944588BFC7F800C0DEE72E
:109BD000944501D8934201D2C7F800C0636923615C
:109BE000D8E73260F4F7B2FA2369012B7FF424AE90
:109BF0003368012B7FF420AE012F02D1012D3FF4F9
:109C00001BAE15490B8801339BB2B3F5807F01D899
:109C10001A4601E0012213460A80104A13800122ED
:109C20000F4BCCE79045ECD0C2E700BFCB5B0320E5
:109C3000A05F0020AC61002078470320448103200E
:109C4000685B032020810320F8860020705B0020E1
:109C5000805A0320DF800320865A03207E5A032087
:109C6000DE800320431E072B2DE9F04F0446B7B0DA
:109C7000894651D8DFF8C481F7F76EF9FF236A4DA2
:109C8000D8F804008DF81B30F5F7DAFED8F8043068
:109C9000D90105EBC31393F82730CBB127316348C3
:109CA000294418F09FFB003818BF01205F4E96F83A
:109CB00085307BB1D6F8803063B158B9B9F1000F67
:109CC00000F0C18032201AF0DDFD1AF0A7FEBAE0E4
:109CD0000120EBE70021A0230EAA08468DF83810DA
:109CE0001AF088FE9DF838308BB1F7F7CFF909A844
:109CF00000230EAA4E49F2F74FFCDDF834B0584667
:109D0000F1F7C8FC60B909A8F2F7FEFB04E00EA861
:109D1000F5F752FE0028E8D1002037B0BDE8F08FFB
:109D2000B9F1000F04D004201AF0ACFD1AF076FE51
:109D30005846F1F7E7FC08AA074607A909A8F1F772
:109D4000F6FC28B92C3F2C2327EAE77707930897DE
:109D50000023079A58464FF0000AF1F7DAFCF7F7AC
:109D600081F9089B574605900393039A314B934220
:109D700094BF04930492049B9F420DDAC7F5D51259
:109D8000059B584602F6AA229A4228BF1A462A4B39
:109D9000D919F1F7C7FC20BBB9F1000F3BD109A8D5
:109DA000F2F7DAFBD8F80430D90105EBC31393F8C6
:109DB000273043B127317F221C48294418F050FB3B
:109DC000002386F87F3040F20313012FC6F880701D
:109DD000A6F88430C6F8887032DC002386F8853017
:109DE00091E707440AF1010AF7F750F9B9F1000FBA
:109DF000C1D0039B002BBED01AF0010FBBD13E2077
:109E0000049B0DF11B017843B0FBF3F00430C0B2AA
:109E1000FAF702FDAFE7039B002BC0D00DF11B0149
:109E20004220FAF7F9FCBAE7E8970570004A0320E8
:109E3000D0710020AAAA1A00ACA80570EC5000202E
:109E400009A8F2F761FBD6F88020012A7FF664AFFB
:109E50005208D8F82C10D8F83000642301FB02F720
:109E60000028B7FBF3F701D0034600DD013B994220
:109E700003DB4B1C642BA8BF64236421534320469F
:109E800093FBF1F39F42B8BF1A46A2EB070AFEF715
:109E9000CFF84C4B4C4953454C4804FB01F1A8BF4B
:109EA000534601EB000B23EAE37200EB4703002764
:109EB00097426ED1464B96F88460424F43F8246037
:109EC000444B9A4579DD03F2FF339A4578DCBB1A9F
:109ED0009E18BE4207DC01EB420700211BB238444A
:109EE0005A0018F076FA3C4B5A462046242143F893
:109EF00024603A4BD3ED007AFCEEE77A17EE903A05
:109F00009BB200933346FEF709FF354B01222046F2
:109F10001A55F7F7B3F9B9F1000F04D00DF11B0191
:109F20004E20FAF779FCD8F8041004EB4402E4015F
:109F300001EB41002A4405EBC11128442731437B42
:109F4000067B03F0030346EA0326537B23F0030357
:109F5000167343EA1623537303F00303467B807B97
:109F600006F0FC0600F00F00334380015373937B2F
:109F700023F00F0343EA901304F12700937328445E
:109F80007F22254418F06CFA0023012085F8A630C2
:109F9000C3E633F902CB2BF817C0C7F30B0CBCF1A7
:109FA000000F08D10392CDE90413F7F76FF80748C3
:109FB000039ADDE9041301377AE74FF4806387E7FA
:109FC0003E4690E755550D00AAAA1A00ACA80570A8
:109FD000A897057055510D0068970570D86100204D
:109FE000F97A2020F0B5A9B0F5F70CFC002841D093
:109FF0000378002B3ED0204EA02269467468F5F706
:10A00000B7FB002836D09DF800309BB3082C4FF0EA
:10A0100000051A4BA8BF0824194F1D70012CB8BFAA
:10A020000124F6F7ABFF174B694620461D70F5F784
:10A03000BFFB6423F56220463363134B134E83F852
:10A040008550C3F88050C3F88850012529463570E3
:10A050003D70FFF707FE50B1294620461AF0C2FCBA
:10A060001AF040FC0A4B1B780BB91AF097FC00233E
:10A070003B70337029B0F0BDEC500020066803201F
:10A0800005680320FD800320004A0320FC80032094
:10A09000D8800320084B1A7862B100201870074B53
:10A0A0001A68074B9A4205D1064B1B68022B01D157
:10A0B0001AF050BC704700BFCE800320B85B002070
:10A0C000E86200208C4A03202DE9F04FDFF87C8203
:10A0D000ADF6D40DEFF75AF88B4AD8F80430116872
:10A0E000082B9946894FA8BF4FF00809DFF860A2F6
:10A0F000B9F1010FB8BF4FF001098B4226D0484695
:10A1000013601AF087FC48461AF054FC804B09EBA8
:10A11000490238681A4490F83810537901F03F0129
:10A1200003F0030343EA81039179537121F00F0196
:10A13000008F03F0FC03C0F3831053714FF0FF3323
:10A14000014391710021CAF8003011710024A0234D
:10A150000CAA214620468DF830401AF04BFC6D4B7E
:10A160001C706D4B1C701AF061FC6C4B1B7813B1AA
:10A1700048461AF04FFC6A4D48463A68B5F800B0B8
:10A18000916BBBF1010F0B46B8BF4FF0010B0129DA
:10A19000B8BF01235B45A8BF5B46994218BF9363D4
:10A1A000F5F758FB3B689C6B601E00F1A4802B8880
:10A1B000984280F2A080F5F787FB831E5D425D41E7
:10A1C0000026012250214C2033460096FBF70CFE5E
:10A1D0006DB13346022259214C200096FBF704FE54
:10A1E0003346032247214C200096FBF7FDFD002358
:10A1F00004224C20572100930DF12306FBF7F4FDB8
:10A2000001220023474832703A681363464AD2F865
:10A2100000C00268ACEB0202322A0CD94FF0FF32C8
:10A220004249C1E90022C1E9022241490B70414B78
:10A230001A60414B1A603E4BC0F800C01978B1B9A2
:10A240003E4803910EF058FD03993C480EF050FD36
:10A2500003993A480EF048FD039939480EF04CFD39
:10A26000642137480EF044FD0122314B1A704FF043
:10A27000FF1200213046F1F7F1F8002D3DD0314AB0
:10A2800001213046F1F7EAF84FF47F4202213046CF
:10A29000F1F7E4F86FF07F4203213046F1F7DEF882
:10A2A00085B1DAF800309C4254D1194A09EB4903D0
:10A2B00013445A799B7903F00F039B0143EA9203FD
:10A2C0009C4247D1204A1378002B40F0E8803B683D
:10A2D000596B642940F2EE80642159633378002B76
:10A2E00000F0E88016480EF0FFFC174A1378002BA8
:10A2F00040F0DC80DEE0002562E72A46012130469E
:10A30000F1F7ACF82A46C1E7B45A0020B85B002048
:10A31000F0970570CB800320EA800320D2660020EE
:10A320007C5A0320FC86002014500320A05A0020F1
:10A33000A86D0320B05A00209C5A002018700020FD
:10A34000CC6F002000FFFF002A6E0320EC5000209D
:10A35000F85700203A68642300277E485363D76289
:10A360003946C8F83030C8F82C700EF0BDFC6421B6
:10A3700079480EF0B9FC794B01221A70784B1F70A6
:10A380002F4633786BB1774E33689B4509D0012156
:10A3900075480EF0B1FC594673480EF0A9FCC6F89A
:10A3A00000B0DAF800309C420FD0CAF8004065B91E
:10A3B000F2F7DEF86D4B1D60F6F7E0FD6C4B6D4A71
:10A3C0001D70012313706C4B1D70002F00F0EE8088
:10A3D0006A4A09EB4903C4F3831100271344A2001E
:10A3E0004FF00108624E5A719A791F7122F00F02E4
:10A3F0000A439A71EEF7CAFEF6F7C0FD5D4B37705F
:10A4000083F800805C4B1F705D4B83F885705D4B5B
:10A410001A78002A00F0C2801F70002D00F0C98059
:10A420004846F5F70DFB514B1B68F3B9564B1B7DA6
:10A43000DBB956480DF00AFDB8B9554B1B78A3B9E6
:10A44000544B1B788BB9544B44EA09441A68944224
:10A450000BD034A81C60F5F7AFFA30B1012134A855
:10A46000F6F714FF424B01221A7048480DF0EEFC3B
:10A47000002840F09E80474B1B78002B40F09980CD
:10A48000414C237D43B141480DF0E0FC06460028D5
:10A4900000F0D480F2F76CF8EEF778FE89E03049EE
:10A4A0000B780133DBB2032B0B7001D8002768E770
:10A4B000002313703A68D8F83030D16A013B8B42E0
:10A4C00028BF0B46D8F82C108B4212D0C8F82C307D
:10A4D000D362274B1B7863B1F0F752F948B12A4B8E
:10A4E000187D30B90390EEF751FE012103981AF060
:10A4F0002DFA3B68D8F82C105B6B01318B421DD3D1
:10A50000642B1ADCD8F830209A42CFD03A68C8F8C9
:10A5100030305363164B1B78002BC7D0F0F730F95F
:10A520000028C3D0184B1F7D002FBFD1EEF72EFEA1
:10A53000012138461AF00AFAB8E7642132780B464E
:10A54000002ADFD0044803910EF0CEFB3A68039B4B
:10A550005363D7E7806F0020CC6F00202A6E032062
:10A56000296E0320B05A0020647000202847032081
:10A570001B810320CB800320EA800320F097057025
:10A58000004A0320CF8003209456002088470320F0
:10A59000FD800320066803209C5A0020F0F7F0F8A5
:10A5A000002839D086F800801AF008FA002D7FF4D0
:10A5B0003AAF954B1A6B642A0AD964211963934BFD
:10A5C0001B6859639DF8233013B191480EF08CFB42
:10A5D000904E0BAC06EBC916002D00F02D81FCF758
:10A5E0003DFF8A4B8C4A1F681368D7F8388099451D
:10A5F0008A4D8B4B00F09181C2F8009001223146C8
:10A6000088481A707F22C5F8008017F029FF0023C0
:10A61000844A82F87F3084E14846F5F711FA34A87D
:10A62000F5F7CAF918B1414634A8F6F72FFE012311
:10A630007D4A337044EA09431360B7E72046EFF7D9
:10A6400084FE00283FF426AF4FF48057039694F819
:10A650001480B8F1000F3FF41FAFB4F8C830B3F561
:10A66000007FBFF419AF039BB3F5006F03D3EEF780
:10A670008DFD00230393B7F5006F3A4634A9206996
:10A6800028BF4FF40062F1F74DF8031E7FF702AFC9
:10A69000039A4FF0000CD4F8C410FF1A1A44D4F8EF
:10A6A000C06001EB6303D4F8CC0003920DF1D00B32
:10A6B000B4F9D020E246E6469FED5C7A0492B4F805
:10A6C000C82006960793079B994215D1BCF1000F4D
:10A6D00004D0574B059EA4F8C8201E60BAF1000FA5
:10A6E00003D0C4F8CC00C4F8C410BEF1000F33D0BE
:10A6F000049BA4F8D0302FE09BF901A001309BF817
:10A7000000300131049E43EA0A23C3F1000A0FFA24
:10A710008AFA33EA230328BF53469E42ACBF33462E
:10A72000C646B0F5207F30D3B2F5007F18D3BCF118
:10A73000000F06D0DFF8F8C0059EA4F8C820CCF8BA
:10A740000060C4F8CC00C4F8C410BEF1000F01D002
:10A75000A4F8D030F1F70CFF002F7FF478AF9BE620
:10A76000344807EE903A00EB8200F8EEE77A0132C7
:10A7700092B267EE877AB2F5007FC0ED007A35D0ED
:10A780000020C446C64605920346069E0BF1020B06
:10A79000B14235D3BCF1000F06D0DFF894C0059E5E
:10A7A000A4F8C820CCF80060C4F8CC00C4F8C410E9
:10A7B000BEF1000F01D0A4F8D0300028CAD0B4F800
:10A7C000C830B3F5007FC5D2B4F9D010194A07EEEE
:10A7D000901A02EB83020133FAEEE87A9BB2C2EDE3
:10A7E000007A134AA4F8C8301360B3E7104BA4F8FA
:10A7F000C8201A600023C4F8C410C4F8CC30A7E7FE
:10A80000C24604935FE700BFEC500020B85B002015
:10A81000CC6F002048DB0070945A0020985A00202A
:10A82000A76D0320A96D03209C5A0020000000386A
:10A8300028470320808A20204FF45C4309AFDFF8CB
:10A84000FCA23B80AE4BBD70012593F84924B3F8C0
:10A8500047148DF82A20B3F84A2493F84C34ADF805
:10A8600028102280A370DAF800309D4243D93B685B
:10A8700003253746062201212E201AF087F83B785F
:10A88000002B3FF4AEAE3A78B8463B4601372F2A4C
:10A89000F9D0002A3FF4A5AE1A781F461AB12F2A24
:10A8A00003F10103F8D1DAF8003005F1040B0133AC
:10A8B0009B453FF796AE0A9B062229463E201AF09A
:10A8C00065F898F800008F4AA0F120035E2B88BF3E
:10A8D0003F20A0F1200312F82350DAF800300135B0
:10A8E00001335D449D423FF77CAE23680622594602
:10A8F0001AF04CF8C3E702214FF0000BADF8D0B0CE
:10A9000028468DF8D2B0349A0391F9F745FF0399A0
:10A9100001310B29F2D10135A5E71A78002A3FF45D
:10A920006DAE3146784817F0BBFE10B92B689845DC
:10A9300017D04FF00009754B01223146C3F8009043
:10A94000734B71481A60734B734A1B68C5F80080DB
:10A9500003F5967313607F2217F082FD6A4B83F82C
:10A960007F9034AD00232B70BE6B013E59D46B4BEE
:10A970001B889E4255DA6A4A06EB861380212846D8
:10A980001344684A17F02EFC644B1B889E424EDA33
:10A990003046F4F799FF022849D1284617F092FE75
:10A9A000042815D904382A5C2B182E2A10D15A787D
:10A9B00002F0DF02572A0BD19A7802F0DF02412A17
:10A9C00006D1DB7803F0DF03562B04BF00232B54A2
:10A9D000554B53F82630B3F5FA2F6FD9B3F5961FC0
:10A9E000F7EE007A9FED516A48D8A3F5FA23DFED20
:10A9F000505A002207EE103AB8EEC77AC7EE256A21
:10AA000077EEE67A66EE866A67EE867AFCEEE77A9D
:10AA100017EE901AFCEEE67A17EE903A4FF0010A24
:10AA200009E04449284617F045FE002EACDA002321
:10AA3000FF219A460A4661700027A3702B463149D0
:10AA4000227093F80080B8F1000F3BD128462F4EBA
:10AA500017F038FE0128814640D123680C220E21D0
:10AA6000284619F0DBFE2A4BC6F80080C3F8009098
:10AA7000EEF78CFB0DF6D40DBDE8F08FA3F5961321
:10AA8000DFED2D5A002107EE103AB8EE477AC7EEF7
:10AA9000256AF4EEE76AF1EE10FA77FEA66A77EE21
:10AAA000E67A26EE867A67EE867ABCEEC77AFCEE08
:10AAB000E77A17EE102A17EE903AAFE70023FF214E
:10AAC0001A46ABE7A8F1200801335FFA88F25E2A44
:10AAD0009EBF11F828200132BF18B2E7BAF1000F6B
:10AAE0002ED0042858D8012123680C22284619F0BA
:10AAF00095FE002301223360054B1A60B8E700BFC2
:10AB000078200020FA870160A96D032004870020C7
:10AB1000905A002014500320008700207C5A032004
:10AB200048590070614100204854007000007F4384
:10AB300000002F49C43F00200080FD48A05F002096
:10AB400004284FF00101CFD90E2FCDDD184BDFF8CF
:10AB500064C01B68DCF80020934215D3DFF858E08E
:10AB60003068DEF80020002A18DDCA1901300F3ADB
:10AB7000306082421ADC32604FF0FF3203F5FA7324
:10AB8000CEF80020CCF8003030680C222368091A77
:10AB9000284619F043FE6BE70421D5E70138002869
:10ABA000306003DC002232600122E7E73233E9E75C
:10ABB0001450032000870020905A0020042008B57C
:10ABC000EEF75CFA2D2804DD0448BDE8084019F0D2
:10ABD0000DBFBDE80840FFF777BA00BFE461002071
:10ABE00038B5254B93F88520002A43D0D3F8803020
:10ABF000002B3FD09808214A23F001030021134481
:10AC0000884226D11E4B00211E4A1B6803EBD370DD
:10AC100002EB8303B1EB600F24DB1B4C1B4A1C4887
:10AC20001268D4E90B31C3F16403C1F164012363F9
:10AC3000E1625363D1620EF057F8216B15480EF0B4
:10AC400053F8EFF79DFD01460020BDE8384019F0AC
:10AC50007DBEB2F90040013133F9025D22F8025B9A
:10AC60001C80CDE71468013153F8045D42F8045BA1
:10AC70001C60CFE738BD00BF004A0320ACA80570B8
:10AC800028470320808A2020EC500020B85B002059
:10AC9000806F0020CC6F002010B5044650F8083BB0
:10ACA000DB689847204610BD0D4B9A4230B50546EB
:10ACB00087B012D818235A43541E102C0DD951F8BE
:10ACC000083B02A800935B689847224669462846DD
:10ACD0000EF014FE6846FFF7DFFF07B030BD00BF7F
:10ACE000AAAAAA0AB8FE400AFDEEC07A9FED1F5B31
:10ACF00017EE903AB3F5967FA8BF4FF49673012BE9
:10AD0000B8BF012307EE903AB8EEE76BB3EE087BCD
:10AD100010B526EE076B86B085EE067BB8FE477B46
:10AD2000FCEEC77B17EE904ADCB1224607EE903A64
:10AD30001049114BB8EEE70A0A601048E02183ED94
:10AD4000000AF0F77DFF0E4B224669460B48009340
:10AD50000C4B0293FFF7A8FF6846FFF79DFF06B074
:10AD600010BD01221446E1E7AFF3008000000000AF
:10AD7000389C8C41DC790020B8790020906000205C
:10AD80007C2E00202521010008B5134B1B7833B918
:10AD9000124B1B78F3B1124B1B68012B1AD10FF029
:10ADA000ABFA104B93ED000AB8FE400AFDEEC07AF4
:10ADB00017EE903AB3F5967FA8BF4FF49673012B28
:10ADC000B8BF012307EE903ABDE80840B8EEE70AA5
:10ADD000FFF788BF08BD00BF326600200868032067
:10ADE000B45B0020E897057038B50D4C0546237814
:10ADF000834213D060B1012300222370094B1A80D3
:10AE0000F0F7EEFDFFF7C0FFBDE83840F5F780BB77
:10AE1000EFF754FF2570F0F7E3FDF5E738BD00BF0D
:10AE200008680320DC5903200828034602D810B91B
:10AE3000FFF7DABF0823084A013B1178DBB29942D9
:10AE40001FBF13700022054B1A80054B1B780BB9EE
:10AE50000120EDE7F5F75CBB84660020DC59032098
:10AE60000868032010B535200FF032FB114BC0F3FA
:10AE7000820204461A70C0F340030F4A83F00103B4
:10AE80001370C0F340120D4B49201A700FF020FBD5
:10AE9000431E0022DBB2322B094B28BF0C20187056
:10AEA000084B1A70E30704D50120BDE81040FFF7F6
:10AEB0009BBF10BD84660020866600205669032073
:10AEC000796600200868032000000000354B1B78DD
:10AED00010B5354C86B0002B47D00FF00DFA94ED2D
:10AEE000000A324AB8FE400AFDEEC07A126817EE38
:10AEF000903A012BB8BF012352B12D4AD2ED007A0E
:10AF0000F8FE677AFDEEE77A17EE902A934205D0B5
:10AF100007EE903AB8EEE70AFFF7E4FE94ED007A08
:10AF2000B5EEC07AF1EE10FA19DDB1EE006BB7EEB6
:10AF3000C77A9FED1A0B27EE067B80EE070B15F004
:10AF40006BF81C4B0246694600931B4B1B4802934F
:10AF5000FFF7AAFE6846FFF79FFE06B010BD174830
:10AF600006B0BDE810400EF047BD154A0021136041
:10AF7000144A1360144A11604FF07E51134A116055
:10AF8000134A1360134A1360134A1370134A136071
:10AF9000134A1380134A1370C0E700BF000000007B
:10AFA000389C8C4132660020E8970570DC790020DF
:10AFB000B87900207C2E0020F9010100B06100204A
:10AFC000C8790020D07900200C780020F0570020AC
:10AFD0006C780020B0780020375C0320007A0020D5
:10AFE000DE5903200B680320000000002B4B1B7868
:10AFF00010B586B0002B49D0294C0FF07DF994EDA7
:10B00000000AB8FE400AFDEEC07A17EE903AB3F59A
:10B01000967FA8BF4FF49673012BB8BF012307EEAC
:10B02000903AB8EEE70AFFF75DFE94ED007AB5EED0
:10B03000C07AF1EE10FA25DDB1EE006BB7EEC77AFB
:10B040009FED140B27EE067B80EE070B14F0E4FF58
:10B05000144B024669460093134B14480293FFF7C2
:10B0600023FE6846FFF718FE114B1B7873B1FA21D7
:10B070001048F0F730FCF8210E4806B0BDE810404B
:10B08000F0F729BC09480EF0B7FCEDE706B010BD9B
:10B09000AFF3008000000000389C8C413266002035
:10B0A000E89705707C2E0020F9010100B0610020B6
:10B0B000C85B032020520020144B4FF48002197803
:10B0C000134B10B586B0F1B1C3F884200122114BA7
:10B0D000E02111481A70114B1C784FF47A735C43CD
:10B0E0009C4238BF1C46F0F7ABFD0D4B694622462B
:10B0F000094800930B4B0293FFF7D6FD6846FFF714
:10B10000CBFD06B010BDC3F88820DFE786660020BF
:10B110000080004276680320745700207966002082
:10B120007C2E0020B92900000F4B1B7810B5A3B16D
:10B130000E4B1B7833B10E4B1B781BB9BDE810408A
:10B14000EFF7BCBD0B4B0C4C0C4A1B78D35C228830
:10B15000134423802388172B00D810BD183B23806D
:10B16000FFF7AAFFF6E700BF08680320566903202F
:10B17000D880032084660020DC590320763B002021
:10B1800008B5094B1B782BB1084B1B68012B01D16B
:10B19000FFF7CAFF064B1B782BB1F8210548BDE825
:10B1A0000840F0F798BB08BD08680320B45B002096
:10B1B000326600202052002008B5064B1B7843B1B0
:10B1C00072B6EFF77BFD044B00221A80FFF774FF85
:10B1D00062B608BD08680320DC590320F0B58D4B2A
:10B1E000002487B005460D201C70EFF705FF0E20E8
:10B1F000EFF702FFEFF754F9874B1C60F8F708F8F8
:10B20000002D00F0D080F3F74DFA844B844A1B6880
:10B21000844E934202D0844A93420BD1834B1B68E5
:10B22000002B34D133782BB1EFF7A2FD01468048D3
:10B230000DF05EFD00237F4A7F4D804C13602A781D
:10B240002377002A00F0B18002227D497D480A6000
:10B25000012232704FF0FF3202607B4A12F8017F08
:10B26000D7B1036079487A4A034441F281001268F9
:10B270001B5CBBB900232B7001230B606169337029
:10B280004B1E5343734A01331360216111E0012BBC
:10B29000D0D1F3F759FBCDE70133402BDED16C4B16
:10B2A0001A68E7E7C4E90433013B5343694A0133B1
:10B2B000136019F02FFB0126674B1E80674B1B782C
:10B2C00083B1F3F703F8664A0023013322F8026BD7
:10B2D000102BFAD12B782BB9624B1B7813B95D4B2D
:10B2E00026611E60604961480DF034FD604B614C81
:10B2F0001B78002B00F08680FFF778FEF5F782FAC6
:10B3000000287AD1012323705B4B1A685B4B1A60CB
:10B31000FFF752FF4D4B93ED007AB5EEC07AF1EE98
:10B3200010FA67DDB1EE006B554DB7EEC77A9FEDB1
:10B33000370B27EE067B80EE070B14F06DFE0446FC
:10B3400050480EF059FBFDF785FF4F4B22466946EA
:10B350004C4802930095FFF7A7FC6846FFF79CFC5A
:10B36000032C0AD9494BA208494869460095029323
:10B37000FFF79AFC6846FFF78FFC0023454A1370DD
:10B38000454A1370454A1360454A1360454A1360A5
:10B39000454A1360454A1360454A1360454A1360A5
:10B3A000FF22454B1A7007B0F0BD3378294AEBB144
:10B3B000274B61691E68224B1B68032B12D10029A1
:10B3C0000EDDEFF737F88842A8BF08463B4B002157
:10B3D000C4E904000138196070430130106068E767
:10B3E0000120F3E74B1E734301334DE70123136044
:10B3F00023615EE7FDF72EFFBFE7F5F7D9FB0023DA
:10B400002370D0E72E4A01211170F9E700000000F7
:10B41000389C8C4158690320384E0320B85B0020CB
:10B42000C05B0020CB5B032038630020008C002031
:10B43000CC6F0020BC46032020810320EC5000206C
:10B44000AC6100201C8C002068A80570E89705708E
:10B45000A05F0020705B0020865A032043810320F8
:10B46000685B03200168032000FFFF0018700020C4
:10B4700032660020D880032014500320FC490320AA
:10B480007C2E0020B0610020F901010069A70000B6
:10B490000C5D0020B5800320B6800320048F0020BF
:10B4A000FC8E00200C8F0020088F0020F08E0020E2
:10B4B000F88E0020F48E0020CA6600207847032012
:10B4C000F5800320054B994207D8182359430139C9
:10B4D000102902D9036803B119607047AAAAAA0A01
:10B4E0000000000008B5031E07EE103A15DDB1EEAE
:10B4F000006B0C4BB8EEC77B0B489FED085B27EE4B
:10B50000067B85EE076B83ED006BB8FE466BFCEEA9
:10B51000C67B17EE901AFFF7D5FF08BD00000000AC
:10B52000389C8C41D8500020B06100202DE9F04FAC
:10B5300085B0BD4FF1F778FF0546F1F77EFF06466F
:10B540000420DFF83C93EDF799FD02900620EDF71B
:10B5500095FD2D28D4BF4FF0000A4FF0010A002DB1
:10B5600040F0B181002E40F0AE81029B2D2B00F304
:10B57000AA812D2800F3A781AC4B1B68DFF804E3F8
:10B58000D9F80030AA4C734587F803A084F803A0CB
:10B5900040F0D980029B2D2BCCBF012300230393C5
:10B5A00040F3CE80A34B1978002940F0C980DFF822
:10B5B000D8829E4BD8F800001A68DFF8D0C29E4BA4
:10B5C00080B1101AB0F5FA6F0CD900208CF8001079
:10B5D000C3E90011C3E90211984908604FF07E5099
:10B5E000974908609CF80000C8F8002000F00301AB
:10B5F00043F82120431CDBB2012B8CF8003040F2D1
:10B600009F80042B4FF000029B46DFF82C8228BF5E
:10B610004FF0040B023B9246D3F1000C03F0030100
:10B620000CF0030C58BFCCF10001C9B258F82190BE
:10B63000B9F1000F18D0591CD1F1000C01F0030131
:10B640000CF0030C58BFCCF10001C9B258F821101E
:10B6500051B1A1EB090140F6B63C01F1FF39E145DA
:10B660009EBF01328A44D2B2013BC11AC9B28B4596
:10B67000D2D8002A64D007EE90AA9FED726AB8EE85
:10B68000677A07EE902AF8EE677AC7EE276A9FED91
:10B690006E7AC7EE267AF4EEC67AF1EE10FA00F171
:10B6A000B2819FED6A7AF4EEC77AF1EE10FA37FEB6
:10B6B000277A624AF0EE007A614BD2ED005AF5EE3D
:10B6C000405AF1EE10FA15D09FED615AD3ED006AA1
:10B6D00076EE856A76EEA77A86EEA75A77EE657AD9
:10B6E000B0EE657AA7EE857AF7EE007A77EEC57A46
:10B6F00067EEA67AB4EEC67A82ED007AC3ED007AE0
:10B70000F1EE10FA00F18281DFED507AB4EEE77AC3
:10B71000F1EE10FA77FE877A4E4BBCEEE77A4E4890
:10B72000C3ED007AFDEEE77A8EED0E7A17EE908A81
:10B7300041460DF0D9FA4046FFF7D4FE19F046F91C
:10B740003C4B039A1A70DFF838A1444ADAF800300B
:10B75000934212D1029BDFF838812D2BCCBF4FF0E2
:10B7600001094FF0000906DD98F800301BB93C4B89
:10B770005868F9F7D7FD88F800903A4B3A4A002DFF
:10B7800040F04781AB46A8461D703849002E00F0B6
:10B790006C83787820B9087810B9354802230360A3
:10B7A0000D7001211170214BDFF8E89019682570A8
:10B7B00066701EB9B8F1000F00F04A81002289F8C6
:10B7C0000020BBF1000F40F05881B8F1000F40F0AD
:10B7D0004383164B274E1D6833782178DAF8002012
:10B7E000DFF84C8043B1244B1B68EB1AB3F5FA6FBA
:10B7F00040F2E88200233370002900F0FE823B789B
:10B80000002B40F0FA82DFF890B0DBF80010691AE4
:10B810001E2940F2F28298F80110002940F0ED82D2
:10B82000164882423AE000BF75822020145003205F
:10B83000798220204C6D0320B0860020C086002035
:10B84000805900200000204200606A4700009643B3
:10B850000AD7233CE8970570647000202C5D002017
:10B86000EC500020006803204B6D03204A6D03203C
:10B87000A08600204E6D0320A8860020C05B00201B
:10B88000B85B002034650020908600204F6D0320B7
:10B890004D6D0320596903209486002040F07E817D
:10B8A000A44A926A012A40F03C81A3490A681AB16D
:10B8B000AA1A632A40F2A18201200D60CBF8005041
:10B8C000FFF78CFC99E219F0ADF89C4B2D281C6811
:10B8D0007FF754AEFB78002B7FF450AE984A136884
:10B8E000E31A1E2B7FF64AAE1460924AD9F8001074
:10B8F00054682046EEF78CFD924B804699426AD1FF
:10B90000914B1B78002B66D1936A5A1E0E2A8CBF6E
:10B9100083469B462046EEF771FD0390B8B3204660
:10B92000F1F71CFE98BB834502DC80452FDDC34642
:10B93000E0B2F4F79FFD631E072B4ED82046F5F7C3
:10B940003FFC20BB814BB2EE087A642253F82400FE
:10B950000C2303FB00B0631CC01A7D4B03EB840374
:10B96000D3ED007AFDEEE77A17EE903A1844794B62
:10B9700003EB8403D3ED007A012367EE877AFDEEB3
:10B98000E77A17EE901A01442046F2F797F9D9F8B2
:10B9900000206C4B9A427FF4F1AD6B4B1B78002B6F
:10B9A0003FF4ECAD08F1FF330E2B3FF6E7AD039B00
:10B9B000002B3FF4E3AD2046F1F7D0FD00287FF4E3
:10B9C000DDAD012364225FFA88F10093E0B2FF232A
:10B9D000F2F7F4FED2E5C3469CE70B2C08D159469A
:10B9E000FF20EFF70FFE64220021F7F7C5FECEE738
:10B9F000A4F10D03012BCAD8002364225946204626
:10BA0000F2F7FEFAC3E7B0EE467A52E6DFED527A7D
:10BA100082E676B91E70B346B046397800297FF4C5
:10BA2000B4AE117800297FF4B0AE4C490120086013
:10BA3000ABE693F80080B8F1000F02D10121197034
:10BA4000E9E74FF0000BE8E7167001220A70AAE65A
:10BA500099F800206AB11DB1414A1268914208D399
:10BA6000002289F800203F4A1278002A45D0FCF7CE
:10BA700011FCBBF1000F3FF4ACAE00233A4E89F845
:10BA8000003032682D4BD3F800B02AB1ABEB020284
:10BA9000B2F5AF7FFFF499AEDAF80020294DAA4243
:10BAA00006D032498A4203D031498A427FF48DAEB2
:10BAB00020482A4B41681B680F2984BF012141603F
:10BAC000022B1DD100293FF480AE4FF41645CD4026
:10BAD00015F001057FF479AE0120264A5054C9B211
:10BAE000F9F7D2FB244A01201070244818F07EFF99
:10BAF000214A1570C6F800B067E6FCF7E9FBB8E725
:10BB0000013907293FF661AEAA421B4D04BF00224E
:10BB1000026001221A482A7018F068FF00222A7079
:10BB2000E8E7184A12787AB3CBF80050F7F794FD9B
:10BB300063E100BFEC500020A486002014500320D5
:10BB40009C86002038630020D8800320A8A8F570C8
:10BB5000287B2020047B202000002042A08600209B
:10BB6000087A00205B690320AC860020C05B0020BF
:10BB7000A45F0020B88003205A6903202C5D0020B8
:10BB8000E8620020D180032001237B4A89F800303D
:10BB9000137005F18C03794A13602EE1784B9A42B9
:10BBA00004D1FCF7E7FACBF8005026E1754B9A4236
:10BBB00005D1012389F800306F4B1970E9E7029134
:10BBC00018F014FFDAF800206F480299824240F022
:10BBD00014816E4BDFF8CC911868CBF80050C9F88F
:10BBE0000010DFF8CCB1A0B9D9F8042000F07F40F4
:10BBF00002EB42020BEB02011BF8022091F801C09C
:10BC0000897842EA0C2242EA01421043F1F792FBA2
:10BC100001465F480DF09EF8D9F8042002EB42027D
:10BC20000BEB02011BF802304A78887843EA0223C2
:10BC300043EA0040F1F77EFB014656480DF08AF8D2
:10BC4000DBE0FCF727FB07E14E4A934240F004811A
:10BC5000FCF73EFB00E14B4A49489A1A53425341D4
:10BC60004D4A137018F0C2FEF6E04C4A934208D1D8
:10BC70004B4B01221A7018F0B9FE444B494E18681C
:10BC800018E0494A93423E4A42D1484B4146414816
:10BC9000C3F80080C2F838800DF026F83E4B1B78C0
:10BCA000002B30D0374818F0A1FE01233D4E336001
:10BCB000364B18683E4D00285CD1736800F07F4019
:10BCC00003EB4303EA18EB5C5178927843EA0123D3
:10BCD00043EA02431843F1F72DFB01462C480DF0CF
:10BCE00039F8736803EB4303EA18EB5C51789078FA
:10BCF00043EA012343EA0040F1F71CFB01462548D3
:10BD00000DF028F8A8E0204818F070FE0023CDE7D9
:10BD100028498B4211D10126244B31461E6096637F
:10BD20001C480CF0E1FF1C4B1D78C5B101251548DE
:10BD300018F05CFE1B4E3560BAE71F498B4204D1F8
:10BD400002211A4B91631960EAE71C498B4201D129
:10BD50000321F6E71A498B4205D10821F1E70A4889
:10BD600018F044FEE6E7934202D1FCF703FA73E0D1
:10BD7000054880E70021B1E75B690320087A0020CD
:10BD8000A45F002038630020C05B0020288C0020C6
:10BD9000806F002064700020E48003201061002088
:10BDA000DC660020EC500020945E0020108C002007
:10BDB000488003209C620020E86200203465002057
:10BDC00084630020C9B13B78BBB92C490B68EB1ADE
:10BDD0001E2B7FF618AD2A4B9A422A4B02D09A426C
:10BDE0007FF411AD0D60002127483170D11A274A28
:10BDF0004B424B41137018F0F9FDDAF80030244A39
:10BE0000934229D098F8012032B37A7822BB1B499B
:10BE10004A68AA1A1E2A1FD998F80080B8F1000FA4
:10BE20001AD117484D60834203D0164A93427FF4DB
:10BE30001CAF184A1278002A3FF40DAF012283424A
:10BE40003270154A15607FF4FFAE144B1B78002B3F
:10BE50003FF4F7AEF7F700FC23783B7063787B7014
:10BE6000A378BB7005B0BDE8F08F002D7FF4ECAD7A
:10BE70000B480D700560157095E400BF9486002096
:10BE8000C05B002038630020A45F0020E480032012
:10BE90002C5D002001680320A8860020D1800320AB
:10BEA000A0860020834B8449002808BF18462DE94E
:10BEB000F04F95B016F0FEFA04467F49002016F0C8
:10BEC000F9FA054604B128B97C4815B0BDE8F04F31
:10BED000EFF72ABD0A220021204616F095F810221D
:10BEE00004460021284616F08FF845F20E038146DD
:10BEF0009C4201D07248E8E70026DFF80C827148C6
:10BF00003546EFF705FDFCF733FAB4F5005FA246BE
:10BF10004FF0000728BF4FF4005AAAEB070B06EBBF
:10BF20000803BBF5805F1846039328BF4FF4805B7E
:10BF30005946EFF73FFE002800F0B1805A462846E8
:10BF400003995F44EEF72EFC5F4BBA4505461A682D
:10BF50005E445E4BA4EB0B041A60DED85C48EFF73E
:10BF6000D7FC002CD1D1A94540F08380594E3778B9
:10BF7000FF2F40F08E807378FE2B40F08A800822DD
:10BF80005549B01D16F0FCF9002840F08280534D51
:10BF9000284608EB04020346012192F800C0013153
:10BFA0005F72043283F805C0112912F803CC03F143
:10BFB000050383F801C012F802CC83F802C012F81E
:10BFC00001CC83F803C0E8D140345530B4F5804F3C
:10BFD000DFD1D6F80230DFED427A07EE103AB4EE48
:10BFE000E77AF1EE10FA24DBDFED3E7AB4EEE77A81
:10BFF000F1EE10FA1DD83C4BFCEEC77AB1EE006BA7
:10C000003A4883ED007A3A4BC3ED0E7AB7EEC77A21
:10C01000384B27EE067B9FED255B85EE076B83EDA6
:10C02000006BB8FE466BFCEEC67B17EE901AFFF76E
:10C0300049FA44F20E0345F20E0608EB03042846C3
:10C04000012114F8012B0131053082F080077E2F89
:10C0500098BFFF2211290271F3D110335535B34235
:10C06000EBD12548EFF754FC15B0BDE8F04FFCF7D5
:10C0700059B8EEF705FE2B46204A402104A8CDF81A
:10C08000009016F0AFF804A8EFF742FC15B0BDE839
:10C09000F08F1B4815B0BDE8F04FEFF739BCEEF755
:10C0A000EFFD1848F6E700BFAFF300800000000086
:10C0B000389C8C41CE410020CC410020CF41002053
:10C0C00073420020FB41002014500320C47900205B
:10C0D00030420020004000707E3B00208E5FF670F2
:10C0E0000000204200009643E8970570B0610020F0
:10C0F00034650020D8500020F03C00200842002089
:10C100007C42002001420020000000707FB5614E9B
:10C11000337813B3604DEEF74FFF10F0DBF9E0B169
:10C1200010F010FA002818DBC0B20A2840F0A080F6
:10C130002B680021594AD15423B1013BD05C0D2812
:10C1400008BFD1545548EEF753FB0378044633B982
:10C1500000232B603378002BDFD104B070BD504B2F
:10C160001978EEF737FB21B9FCF702F94D4B0122A4
:10C170001A7069460023227812F0DF0F05D0092AD1
:10C1800003D00133102B0FD10F2310330022464967
:10C1900068466B4403F8102C16F024F940B9434963
:10C1A0004348EFF7C7FBD3E7013401F8012BE2E77F
:10C1B00020464049EEF71CFB0446684616F012F98B
:10C1C00040B922783C4B824214BF20461846FCF707
:10C1D000DFF8BDE73949684616F004F918B920467A
:10C1E000FCF7DEFCB4E73649684616F0FBF818B9F0
:10C1F0002046FCF797FCABE73249684616F0F2F8A8
:10C2000020B13149684616F0EDF848B923781BB1E2
:10C210002046FCF719FC9BE72C48EFF785FB97E7D6
:10C220002B49684616F0DEF830B92378002BF3D09E
:10C230002046FCF735F98BE72649684616F0D2F818
:10C2400018B92046FCF786FA82E72349684616F0BB
:10C25000C9F810B9FCF740FB7AE72049684616F0A8
:10C26000C1F818B92046FFF71DFE71E71C48D4E756
:10C270000D283FF452AF2B685A1CBF2A03D82A60FE
:10C28000064AD05449E7002316482B60EFF74CFBD1
:10C2900043E700BFB85E0320687800203A670320B8
:10C2A000AB68032073680320884200204B410020C4
:10C2B000554100208D42002026410020193D0020DC
:10C2C000584200209242002095420020CF41002099
:10C2D000994200207D3C00209D420020A442002085
:10C2E000AB420020B74200206A4B1B78F0B585B006
:10C2F0007BB9EEF761FE684B1D782DB118F036FB67
:10C30000A0F129035D425D41644F654E10F0E2F8F3
:10C3100008B905B0F0BD10F0BBF80028F9DB2DB16D
:10C32000A0F14203012BF4D95328F2D010F00AF9FE
:10C33000031EEEDBDBB20A2B40F0A2803B6800223A
:10C34000F25423B1013BF15C0D2908BFF254304691
:10C35000EEF74EFA0378E3B10446694600232278EB
:10C3600012F0DF0F05D0092A03D00133102B13D1AF
:10C370000F23103300224B4968466B4403F8102CFE
:10C3800016F030F860B94849EEF724FA4748EFF75D
:10C39000D1FA00233B60B9E7013401F8012BDEE755
:10C3A00020464349EEF724FA0446684616F01AF888
:10C3B00050B9EEF70FFA22783E4B824214BF204666
:10C3C0001846FBF7E5FFE4E73B49684616F00AF834
:10C3D00028B92046EEF7FEF9FCF7E2FBD9E737492A
:10C3E000684615F0FFFF28B92046EEF7F3F9FCF791
:10C3F00099FBCEE73249684615F0F4FF20B1314988
:10C40000684615F0EFFF58B9EEF7E4F923781BB151
:10C410002046FCF719FBBCE72B48EFF785FAB8E795
:10C420002A49684615F0DEFF40B9EEF7D3F92378C4
:10C43000002BF1D02046FCF733F8AAE724496846E0
:10C4400015F0D0FF28B92046EEF7C4F9FCF782F9C1
:10C450009FE72049684615F0C5FF20B9EEF7BAF905
:10C46000FCF73AFA95E71C49684615F0BBFF28B976
:10C470002046EEF7AFF9FFF715FD8AE71748CCE73E
:10C480000D2B3FF443AF3A68511CBF2981D8396066
:10C49000B3543BE7B85E0320D280032068780020C5
:10C4A0003A670320884200204B410020554100207C
:10C4B0008D42002026410020193D002058420020D6
:10C4C0009242002095420020CF4100209942002056
:10C4D0007D3C00209D420020A4420020C04200205C
:10C4E00000000000A54BF0B51C7887B0074604BBE0
:10C4F000FEF71AFEA24AA34E1368A34D93B1FB1A8E
:10C50000A2498B420ED9A24B0021346019604FF032
:10C510007E51A04B2C6019609F4B1C609F4B1C6090
:10C520009F4B1C702B68176001332B60336813B965
:10C53000376007B0F0BD9B4A602113680133B3FB3D
:10C54000F1F001FB103398481360984A0188137882
:10C55000013101330180DBB2052B137007D9944CF4
:10C56000002321681370934A00297CD111702A6836
:10C570005F2ADED93368FB1A07EE903AB8EE677A85
:10C5800007EE902AF8EE676AC7EE267A9FED8A7A60
:10C59000F4EEC77AF1EE10FA61DB9FED887AF4EEE3
:10C5A000C77AF1EE10FA5AD8B3EE087ADFED846A52
:10C5B00067EE877A86EEA77ADFED827AB4EEE77AC5
:10C5C000F1EE10FA07D4DFED807AB4EEE77AF1EEFF
:10C5D00010FA77FE877A6E4BB6EE007A6D4A93EDCD
:10C5E000006AB5EE406AF1EE10FA15D0DFED775A29
:10C5F000D2ED006A76EEA56A36EE877AC6EE875AE5
:10C6000037EEC67AF0EE467AE5EE877AB7EE007A34
:10C6100037EE657A27EE267AC3ED007AF8FE677A60
:10C62000FDEEE77A5C4982ED007A086817EE904AE1
:10C630005A4A5B4BB4F5967FA8BF4FF49674282CEA
:10C64000B8BF2824002842D10C6001211870116065
:10C6500007EE904A5E4BF8EEE77AC3ED007A0023CE
:10C6600037602B6065E713780133DBB299421370B2
:10C6700026D20123137018F001F9564B1A78002ABC
:10C680003FF475AF002254491A70544B1B78DBB14C
:10C690004A692068531E4343013351480A610360CD
:10C6A000504B1A68504B1A60F4F7BCF804460DF072
:10C6B00023FE4FF47A7303FB04004C4B186056E7DB
:10C6C000012B7FF454AFD6E701231A46E5E78442F5
:10C6D00048D111680131022911601A78CCBF0121BB
:10C6E00000211970B4DD002AB2D107EE904AB1EEF4
:10C6F000006BB8EEE77B9FED1F0B27EE067B80EE0D
:10C70000070B13F089FC3A4B02461B782BBB314BCD
:10C710001B7813BB374B694637480093374B02935E
:10C72000FEF7C2FA6846FEF7B7FA354B1A780AB92F
:10C7300001221A70334B1A68334B9A4288D1334B1B
:10C7400003221A60324B334A1878334B00280CBF4F
:10C750001046184618F04AF97AE711462648FEF7BF
:10C76000B1FEE2E701200C60106000221A706FE752
:10C77000AFF3008000000000389C8C41326600203E
:10C78000007A0020D0790020C879002080841E0023
:10C790000C780020F05700206C780020B078002042
:10C7A000375C0320904A0320DE590320FF670320F3
:10C7B000A05F0020546903200000AF4500C8AF47C8
:10C7C000C0E1644C0000204200009643CDCC4C3FB9
:10C7D000E8970570F5800320EC500020CB5B032028
:10C7E000705B002014500320FC4903201C7A0020B9
:10C7F000D88003207C2E0020B0610020F9010100C8
:10C800000B680320B85B002034650020108C0020EA
:10C81000E4800320C05B00203863002008B50DF0E1
:10C820006BFDBDE80840FFF75DBE000073B5042254
:10C830001749184815F0A4FD0446FCF7AFFB15494D
:10C840001CB318F0EFF80D460B460024104813F8FF
:10C85000012B092A03D1025D0AB903F8012C013426
:10C86000042CF4D10E6801A80021019618F0CAF832
:10C87000074B00221E6015F8013B03F0F703012B64
:10C8800008BF05F8012C013CF5D102B070BD00BF16
:10C89000EB8003203A800320000000002DE9F047E0
:10C8A000A04DA14C28682DED028BACB0F1F7EEF94C
:10C8B0009E4B1A68824210D09D4A012118600023C5
:10C8C00013709C4A237013709B4A13709B4A137019
:10C8D0009B4A11709B4A82F885309B4F9B4A3B785C
:10C8E00083B19B4B9B6A012B0CD14FF4803099494B
:10C8F00013708861237898494862002B3BD000234D
:10C900004B6237E0137843B1924B4FF48031996119
:10C910000023914913704B622370904B1B68012BCD
:10C920000BD08F4BB2EE0E2B93ED000A9FED774BA1
:10C93000B8EE400A9FED773B0FE08A4B1B78002B47
:10C9400040F0B780884B93ED000A9FED704BB8EE36
:10C95000400A9FED703B9FED712BB0EE431BB7EE8D
:10C96000C00A0BF0ADFFB7EEC00B03217A48EEF71B
:10C9700007FB012323707D4B1A781AB100226D4901
:10C980001A700A707A48EFF7CDF9002800F0948009
:10C990007748EFF7D1F9DFED777A774820EE270A6D
:10C9A000764A0368BCEEC00A10EE101A22F8131083
:10C9B0000133594203F0070301F0070158BF4B420E
:10C9C000002103600B46013132F8020B08290344B1
:10C9D000F9D107EE903A9FED6A7AF8EE677A87EE22
:10C9E000878A2B68674CDE6A674B514D1B78002B9A
:10C9F00065D0F3F703F917F039FF0121634818F008
:10CA000001F8012322782B70614B002A40F07D81D0
:10CA10001A70604F604A3B6812689B1AB3F57A7FC0
:10CA200023D9444C237803B3002E1EDD07EE906A11
:10CA3000FAEEEF7AF4EEC87AF1EE10FA15DD444B17
:10CA4000564A5B6803EB430313449A79597902F021
:10CA50000F021B7901F00300920143EA002042EA31
:10CA60009101F3F75DF900232370DFF848813B68FB
:10CA7000D8F800209B1A052B40F2E880484C236828
:10CA8000B3F5007F80F2E2803948EFF74BF90028D8
:10CA900000F0DC803B683648C8F80030EFF74CF90E
:10CAA0002268531C23603F4B03EB820383ED000A93
:10CAB000CCE09FED3D0A58E79FED3B8A91E7DFF818
:10CAC0007880DFF8F49098F80030002B76D00223BD
:10CAD0002B70A378002B40F01F81A378334A89F88C
:10CAE00000302C4B12681B689B1AB3F5967F40F2FE
:10CAF000AD802F480BF0AAF9002840F0A7803870CD
:10CB000088F80000A2E000BFAFF3008000000060E2
:10CB10005555C53F00000000000000000000000067
:10CB200000804F40B85B0020486C03203C8600200A
:10CB30004A6C0320476C0320466C03201B810320B2
:10CB4000CB800320004A0320FD800320496C032092
:10CB5000EC5000207C8A002064DCFE70E061002044
:10CB6000905E002039660020D4460320A780032071
:10CB70005047032000401C4638860020145A0320EA
:10CB80000000A042F8800320DD8003203A800320CB
:10CB9000446C03201450032044860020F097057055
:10CBA000744703208082202000000000408600207F
:10CBB00088470320CC460320456C032020782B7047
:10CBC000B249B34B28B10A781AB91A7882F0010237
:10CBD0001A70087019786278002900F08D81002E93
:10CBE00040F38A8107EE906AF8EEE77A22B9F4EE14
:10CBF000C87AF1EE10FA09D500221A7017F016FF64
:10CC0000F7F748FEA34B1A68A34B1A60A378D3B179
:10CC100099F80010B9B90846A02304AA17F0EAFE53
:10CC20009E480BF013F910B19C480AF09FFD04A92F
:10CC30009A480AF0D7FD01233B7088F80030954BE5
:10CC40001A68974B1A60A37889F80030012417F00E
:10CC5000EDFE944894490CF07DF8002322465921BA
:10CC60004C200094F9F7C0F82B78A34262D1002140
:10CC70008E480CF06FF801244FF47F418C484FF43C
:10CC80007F4A0CF067F80023032247214C200094D0
:10CC9000F9F7AAF8FF2187480CF05CF8002304227A
:10CCA00058214C200094F9F79FF807EE906AB3EEF4
:10CCB000004BDFF8DC91B8EEE70BDFF80C829FED5C
:10CCC0006F3B9FED702BB0EE431B0BF0F9FDFDEEBB
:10CCD000C07BB3EE004BB7EEC80A17EE907A9FED1B
:10CCE000673B9FED682BB0EE431B0BF0E9FDFDEEBB
:10CCF000C07B17EE906ABC4201DC112C27D10124C5
:10CD0000DFF88C91DFF8C4814AE0197800297FF4BC
:10CD10007FAE5F4801707BE699F800A0BAF1000F82
:10CD20007FF4DBAE5D480AF021FD87F800A088F8AB
:10CD300000A0D2E64FF47F015C480CF00BF8002312
:10CD4000022252214C200094F9F74EF893E799F80B
:10CD500000305BB10023ADF810A08DF812302146F1
:10CD6000049A01200134F7F717FDC4E7B8F8002052
:10CD700098F80230ADF81020EFE7BC421EDC99F8BD
:10CD80000030B3B138F8032C18F8013CADF810208E
:10CD900021468DF812300134049A0120F7F7FCFC8B
:10CDA000B44201DC112CE8D10124FF274FF0000828
:10CDB00013E0B8F8002098F80230E7E7FF23ADF859
:10CDC00010300023E4E72146ADF810708DF8128092
:10CDD0000134049A0220F7F7DFFCB44201DC112C85
:10CDE000F1D12B78012B27D12A4B0821324A04A8F4
:10CDF0001B681268DFED316A9B1A314A07EE903AE0
:10CE0000F8EE677A87EEA67AB7EEC77A8DED007BEB
:10CE100015F0E8F92B4A13785178927843EA012308
:10CE200043EA02430522032104A817F0F7FC2CB0C3
:10CE3000BDEC028BBDE8F087022B49D1154B0821D0
:10CE4000174A04A81B681268DFED1C6A9B1A1C4A6B
:10CE500007EE903AF8EE677A87EEA67AB7EEC77AD1
:10CE60008DED007B15F0BEF94FF47F43ADF80C302B
:10CE700000238DF80E30039BD4E700BF00000000B4
:10CE8000000000000000000000005940446C032036
:10CE9000476C032014500320448600208847032059
:10CEA00040860020806F002000FFFF00CC6F002034
:10CEB0001870002064700020004E032000007A44A7
:10CEC000CC420020A24E0020A8230020C82400202D
:10CED0000B4B0C48B3F8C42393F8C633ADF81020BD
:10CEE00005228DF81230049B11462CB0BDEC028B4C
:10CEF000BDE8F04717F092BC002A7FF47DAE85E6CE
:10CF000078200020D24200202DE9F843B0F9BC91EE
:10CF10000446B9F1000F03DCFAF72CFFBDE8F883F3
:10CF2000D0F8D0616EB3B0F8BE211FFA89F39A42EF
:10CF300027D10027043EB84656F8045F75B1A5F81E
:10CF40000280A5F80680A5F80A80A5F80E800137B2
:10CF50004F45F1DB0023C4F8CC31DFE72349102033
:10CF600010F0DDF8306020B14580C5804581C58175
:10CF7000EDE72046FAF7FEFE4FF6FF73A4F8BC314A
:10CF8000CCE72046FAF7F6FEB4F9BC616FF06043D7
:10CF900016499E4234BFB0004FF0FF3010F0BFF88A
:10CFA0008046C4F8D00120B94FF6FF73C4F8BC31F5
:10CFB000B4E70023A4F8BE611A469E4211DC0025A6
:10CFC0002F46AE42C6DD0949102010F0A8F848F8F7
:10CFD00025000028CDD001354780C7804781C78113
:10CFE000EFE748F823200133E7E700BFB44E002005
:10CFF00000222DE9704311460646ECF777FD4FF409
:10D0000080334FF4EC704FF00008F3610025336279
:10D01000354BDFF8E09033600DF07CFC0B230022F1
:10D020004FF480710371044643710023856080F8DA
:10D03000245080F82C508563A0F84410056580F8D2
:10D040007051A0F89051C0E9042300220123C0E9E7
:10D0500006234FF07E53642203620364002382623E
:10D06000012243658365C365036643664FF08843C9
:10D07000C26383661D4BC0E96089C3664FF0000838
:10D080004FF000094FF6FF73C0E90C55C0E9125587
:10D09000C0E95D55C0E96289C0E96555C0E96F35F1
:10D0A000134B80F8A8510360C0F8C45180F8C82120
:10D0B000B061C0E96889C0E96B15C0E96D55C0E988
:10D0C0007355FAF757FE94F8913184F87051C4E91A
:10D0D000688933B9D4F878313046C4F89431BDE862
:10D0E0007083D4F8B431F7E7C0270020000080BF78
:10D0F000C42A00200000F03F2DE9F0411378B2EE81
:10D10000085BB0EE000A0E46C01A174607EE900AFA
:10D11000B8EEE77B87EE056BF7EEC60B13F0B6FBB8
:10D12000B5EEC00A3368B7EEC07AF1EE10FA9C692A
:10D1300044DB94ED606BB5EEC06BF1EE10FA4CBFC2
:10D140000123002384ED607B8BB1B4F9BC31002B4B
:10D1500006DD94F8C831012B02D02046FFF7D4FE3B
:10D1600000230022C4F8CC310023C4E9622394F8E0
:10D1700091312BBBD4F87801B4F9BC51002D24DDDA
:10D1800094F8A83143B1B6EE007B94ED686BB4EE31
:10D19000C76BF1EE10FA18D5D4F8B831D4F8942151
:10D1A00094ED607BB5EEC07BF1EE10FA35D52844E6
:10D1B000904208DD5B1BC4F8943106E00023C1E710
:10D1C000D4F8B401D8E79342F4DD33689C69D7E919
:10D1D00001582046BF89FAF7D3FC002D71D0002FEB
:10D1E0006FD0C4F8C4512046FAF7CAFCB4F8BC2189
:10D1F00000254FEA48039742C4F87431C4F87851C7
:10D20000B4F9BC31C4E96D5810D0A4F8BC71204603
:10D21000FFF77AFEC4F8CC510EE05B1B934202DCB0
:10D22000C4F89401D1E79042CFDDF9E7002B03DD8C
:10D23000D4F8D051002DEAD00025B4F9BC31AB426E
:10D2400084F82C5084F8445006DD94F8C831012B42
:10D2500002D02046FFF758FE94F89131C4F8CC5123
:10D260008BBBD4F87821B4F9BC0100282EDDD4F8AA
:10D27000B83194ED607BB5EEC07BF1EE10FA00DAC8
:10D280001A1AD4F87811C4F894218A42BCBF0A460D
:10D29000C4F89411934208DC8B4206DD1B1A8B42C2
:10D2A000ACBFC4F89431C4F8941100230022C4E93F
:10D2B0006223C4E968230023C4F8B031012384F851
:10D2C0007031BDE8F081D4F8B421CCE70023C4F874
:10D2D0009431EAE7F8B5036809781878069D884222
:10D2E00019D9586850F82140297821B316780025BB
:10D2F000FF21D3E94D2797420ED165B1606808B18F
:10D3000009F036FAA06808B109F032FA2A46214637
:10D310003046FFF7F1FEF8BD52F8040B03789B1B73
:10D32000002BB8BF5B42DBB28B4238BF05468B4255
:10D3300038BF1946DFE765683DB12846B0EE000A00
:10D34000EEF7B8FD284609F036FAA468002CE2D0C2
:10D350002046B0EE000AEEF7ADFD2046BDE8F840ED
:10D3600009F029BA036810B504460BB17430984728
:10D3700094F87530DF2B0AD8B02B7BD04ED8902B89
:10D3800066D0A02B00F08C80802B55D010BDE03BE8
:10D390001F2BFBD801A252F823F000BF1D4401004F
:10D3A00031430100314301003143010031430100A9
:10D3B0003143010031430100314301003143010099
:10D3C0003143010031430100314301003143010089
:10D3D0003143010031430100314301004D4401005C
:10D3E000694401007B4401009D4401003143010078
:10D3F00031430100A144010031430100F943010020
:10D4000009440100054401000D44010011440100DC
:10D410003143010015440100A5440100C02B41D057
:10D42000D02BB3D1E369002BB0D094F8761094F8E8
:10D430007400BDE810401847A368002BA6D094F8EC
:10D44000772094F8761094F87400BDE810401847DF
:10D45000E368F2E7A36B002B98D0BDE810401847B3
:10D46000E36BF8E7236CF6E7636CF4E7A36CF2E791
:10D47000E36CF0E76369E0E7226A002A86D094F85B
:10D48000771094F87630C90194F8740003F07F03A4
:10D4900001F47E511943BDE81040A1F50051104739
:10D4A0002369CAE7A369BEE7636A002B3FF46EAF46
:10D4B000B4F8761004F178008029BDE8104028BF48
:10D4C00080211847A36A002B3FF460AF94F87600E0
:10D4D000BDE810401847E26A002A3FF457AF94F8BD
:10D4E000773094F87600DB0100F07F0003F47E5380
:10D4F000BDE8104018431047236BE4E7636BAAE7CD
:10D50000236DA8E773B590F870300A460446D90732
:10D5100020D5012B1ED990F8751081F08005602D63
:10D520001DD890F874505B08954218BF002A0CBFB4
:10D5300001220022022B0BD0032B0DD0012B09D18D
:10D54000009594F8773094F87620EDF7C4FF01E069
:10D55000002AF5D102B070BD002AFBD1F0E7F12915
:10D5600014D8F02934D0F129F4D190F8765090F8FD
:10D5700077302D0103F00F0305F070051D43436D57
:10D580001868EDF7A5FF636D294615E001F10E025D
:10D590000123D2B2934043F25072134212D1DB07FF
:10D5A00028D4F329D6D1436D90F876501868EDF75A
:10D5B0008FFF636D05F07F01186802B0BDE8704011
:10D5C000EDF786BF406D02B0BDE87040EEF7D2B90E
:10D5D00000F17705B0F87630802B94BFEE1805F196
:10D5E0008006AE42B6D0636D15F8011F1868EDF7DE
:10D5F0006FFFF6E790F87730F22190F8765045EA21
:10D60000C315436D1868EDF763FF636D05F07F0187
:10D610001868EDF75DFF636DC5F3C611CCE700F048
:10D62000CF03802B08D000F0EF03E02818BFC02BF9
:10D630000CBF0120002070470120704703060CD565
:10D6400000F10C03DBB2012B07D9FD2805D000F057
:10D65000F003EF2898BF184670470020704700007D
:10D66000000000002DE9F043B44C87B02368002B84
:10D6700069D00CF041FE2368984264D3B04B00217E
:10D680001B7821607BB1AF4B1B68032B0BD1AE4ADB
:10D6900053691361013BAD4A12685343AC4A0133ED
:10D6A0001360AC4B1960AC4B01221A70AB4B1A687B
:10D6B000AB4B1A60FDF780FDAA4B93ED007AB5EEF7
:10D6C000C07AF1EE10FA40F38880B1EE006BA64DFF
:10D6D000B7EEC77A9FED910B27EE067B80EE070B26
:10D6E00012F09AFC0446A1480CF086F9FBF7B2FD53
:10D6F0009F4B224669469D4802930095FDF7D4FA58
:10D700006846FDF7C9FA032C0AD99A4BA2089A4831
:10D71000694600950293FDF7C7FA6846FDF7BCFA23
:10D720000023964A1370964A1370964A1360964ADD
:10D730001360964A1360964A1360964A1360964A9D
:10D740001360964A13600026954C94F85870102F79
:10D7500000F28081636D186803681B699847002890
:10D7600000F0788194F80D3123F0010384F80D3135
:10D77000636D186803685B6998478046C5B2FD2DE4
:10D7800000F06881636E002B40F0948194F859900A
:10D7900084F85B504846FFF751FFFFF740FF48B160
:10D7A00018F0800F06D1012384F85C504D4684F8B0
:10D7B0005B9063662846FFF741FFDF2863D8B028F7
:10D7C00009D020F01003DBB200F2EE80802B02D0F3
:10D7D000A02840F031810323E9E0FBF73BFD9FE700
:10D7E000F5F7EEFDB1E7584D6E4B6A6813F81280FD
:10D7F00003EB4201B8F1030FA7D094F8763094F808
:10D80000772003F07F034F7843EAC2139FED453B37
:10D8100000EE103A9FED454B9FED462BB0EE431BBB
:10D82000B8EE400B0BF04CF8B8F1020F01D1052F08
:10D830008BD8FDEEC07B7AB24146686817EE903A0D
:10D84000202BA8BF202323EAE373F1F715FBB8F1DF
:10D85000010F0CD0B8F1020F10D0B8F1000F7FF417
:10D8600074AF424669683846F6F7FCFA6DE76868B7
:10D870000B287FF46AAFF6F76BFA66E769683846FB
:10D88000F3F7A8F961E7A0F1E0031F2B00F2D480C1
:10D8900001A252F823F000BF7B470100DD490100DF
:10D8A000DD490100DD490100DD490100DD490100DC
:10D8B000DD490100DD490100DD490100DD490100CC
:10D8C000DD490100DD490100DD490100DD490100BC
:10D8D000DD490100DD490100CD4901005149010048
:10D8E0007B47010051490100DD490100DD4901008C
:10D8F0008D490100CD4901008D4901008D4901008C
:10D900008D4901008D4901008D490100DD4901006B
:10D910008D4901008D490100AFF300800000000037
:10D92000389C8C4100000000000000000000000056
:10D93000000040400000000080FFCF401C7A002023
:10D94000CB5B0320AC610020EC500020A05F0020E6
:10D95000705B002078470320D880032014500320F8
:10D96000FC490320E89705707C2E0020B061002060
:10D97000F901010069A700000C5D0020B5800320BB
:10D98000B6800320048F0020FC8E00200C8F002026
:10D99000088F0020F08E0020F88E0020F48E0020EA
:10D9A000C0700020A8642020C02B45D1022323662C
:10D9B000D4E91823013A9342C0F01E8194F85C30F8
:10D9C00005F00F05012284F87500013584F87630E2
:10D9D0000023C4F8FC2084F8745084F8773084F86D
:10D9E000F820C4E918330BE00023012284F8750005
:10D9F00084F87430A4F8763084F8F820C4E9183339
:10DA0000636F03F0FF23B3F5104F40F0F7808023DE
:10DA100084F8753094F87430BB4200F0F680002F23
:10DA200000F0F3800025F4E0802384F8780023667A
:10DA3000002384F85930BBE794F90D01636840F086
:10DA4000010084F80D0103B198470023C4E918339D
:10DA500084F85930834B1B784BB9834B1B78002BD0
:10DA600000F0FD80814B1B68012B40F0F880804B5B
:10DA7000D3ED007A7F4BF8FE677AFDEEE77A17EE7A
:10DA8000904AD3ED007AF8FE677AFDEEE77A17EE5A
:10DA9000903A9C4200F0E380002C40F3E0800CF0D0
:10DAA0002BFC07EE904AB8EEE70A07B0BDE8F0435A
:10DAB000FDF718B910F0800F35D0A5F1F0020F2A4C
:10DAC00031D8DFE802F0153030303030301508083A
:10DAD000080808300808002384F87550A4F8763048
:10DAE00084F874300123C4F8FC3084F8F83087E7F8
:10DAF00094F87820F02A01D0F72A9DD15A1C2344AB
:10DB000083F878504FF47043A4F87620A4F874306A
:10DB10000123C4F8FC2084F8F8300023C4E918334A
:10DB200084F859306CE794F85B20F02A01D0F72A8A
:10DB300026D1E21882F87850D4F8609009F1FF32CB
:10DB4000934259D394F85B50F02D01D0F72D1BD19F
:10DB5000F02394F8F750484884F8F730474B636750
:10DB60008023C4F8FC30012384F8F830FFF7FAFB77
:10DB7000F72384F8795084F878300223636669E7E4
:10DB8000E21882F85B50D7E72846FFF757FD80463A
:10DB900084F87500FFF743FD10B105F00F00013068
:10DBA00094F85C30B9F1030F84F8740084F876308F
:10DBB0004FF000030CBF94F85D201A46B8F1B00F87
:10DBC000C4E918334FF0010384F8772084F8F83063
:10DBD00008D028F01003DBB207D8802B02D0B8F1B0
:10DBE000A00F07D184F859500AE7C02BFAD0B8F13A
:10DBF000E00FF6E7002393E70133BFE794F87530B1
:10DC000083F08003602B7FF605AF01251A48FFF7EC
:10DC1000A9FB39462046FFF775FC002D3FF41AAFEB
:10DC200094F87530F82B3FF490AD902B3FF48DAD08
:10DC3000032E3FF68AAD0136E02BF6B23FF4D3ADAA
:10DC4000FC2B3FF4CDAD802B7FF47FAD94F8772093
:10DC500094F8761094F87400F5F7F6FB75E507B0C4
:10DC6000BDE8F0833266002008680320B45B002022
:10DC7000E8970570B8790020C070002000F080009F
:10DC8000000000002DE9F74FF2F760FC4C4B1C78C8
:10DC900024B116F06BFE313844424441494B1B78A5
:10DCA000A34205D02046F3F7EBFB474B01221A7045
:10DCB000002C66D0FEF72AFA16F004FEFFF7D2FC1D
:10DCC00016F090FDEBF762FA404B1A781AB1002279
:10DCD0001A70F8F79DFA3E4B1A78002A67D0002296
:10DCE0001A70F0F7DFFC3B4B3B4A1B68934202D0B3
:10DCF0003A4A934205D13A4B1B78002B44D016F098
:10DD000009FE4FF47F4137480BF024F8364B1A7860
:10DD100012B9364A0121117000221A70344B1A7858
:10DD20000AB100221A70334B1A780AB100221A7015
:10DD3000314B1A781AB100221A70FBF753F82F4BA7
:10DD40002F4F1A78002A71D03A78002A66D0F1F75E
:10DD50008DFF2C492C4A0B6813F0010F2B4B00F060
:10DD6000808311681868091A072903D912681A6094
:10DD7000FBF714F9F1F77AFF03B0BDE8F04FEBF7CA
:10DD800005BAFEF7B1FA97E7214B1B6853B9214B4F
:10DD90001B78002BB5D0ECF7EBFF01461E480AF0CC
:10DDA000A7FFAEE7012BACD1F0F7CEFDA9E70F4BF3
:10DDB00019780029B2D01A7016F004FEAEE700BF41
:10DDC000D2800320B85E032073680320E080032024
:10DDD000F3800320B85B0020C05B00203863002084
:10DDE0000168032018700020F2800320F1800320D6
:10DDF000DF800320DE800320F6800320F4800320F0
:10DE0000B3800320E477002014500320D486002040
:10DE1000008C0020CB5B0320CC6F00201A70012205
:10DE20008E4B1A70F6F7D2FCF9F7B4FE3B78002B54
:10DE30008DD1DFF8C4828A4C98F80030894E002BCF
:10DE40005CD1894B1B78002B58D0884B1B781BB1B9
:10DE5000874B1B78002B51D0864B1B68032B4DD072
:10DE6000854B1B78002B49D0D4F800A0B24502D0D6
:10DE7000824B9A4542D1824B1A88002A00F0F682E2
:10DE8000804B551E1B68B5FBF3F50135ADB2DFF8CD
:10DE90006C92B9F80030AB4230D0DFF83CB27A4B2C
:10DEA000DBF824001D60CBF81450F9F75BFA754BD2
:10DEB000011E1B6840F3DC829942A8BF19466A1E06
:10DEC000724803FB0211B1F5807F28BF4FF48071C7
:10DED000012938BF0121CAF83810CBF824100AF004
:10DEE00003FF6B4B1B682BB92368294669481D63E8
:10DEF0000AF0FAFE684BA9F800501D60674B93F8D2
:10DF00000090B9F1000F03D02368B34200F0B28251
:10DF10004FF0000916F0D2FC2368B34203D0574AF1
:10DF2000934240F007815E4A5E4D5F4B127828684D
:10DF30001B682AB1504A127812B9642B38BF642387
:10DF40005A490A68821A9A42C0F0F4800860F8F7C9
:10DF50003FFD16F013FD484B1B780BB1F8F70AFF95
:10DF6000DFF89CA19AF800300BB116F0BFFC3B4BD8
:10DF70001B782BB99AF8003013B94D4B1B780BB1B5
:10DF800016F02CFD4B4B1B781BB116F0B7FC16F0AE
:10DF900009FDEFF747FF08B116F064FCB9F1000F77
:10DFA00001D016F003FD444B1A7892B143492A6818
:10DFB00009689142C0F06182414A517813789278A1
:10DFC00043EA0123002143EA02423E4B1868F8F776
:10DFD00049F83D4B1A787AB12268B24202D02749FB
:10DFE0008A4209D139492A6809689142C0F04882B9
:10DFF000374B186816F002FC364B1A78B2B122681B
:10E00000B24213D1344A926A012A0FD1204A1268CF
:10E01000012A0BD131492A6809689142C0F0338244
:10E020002F4B19682F4B186816F054FC2E4A1378A2
:10E030008BB12368B3420ED12C4B1B785BB12C49BA
:10E040002B680968994204D3234B996A092940F245
:10E050001D8200231370274B1A7853E0FE800320A3
:10E06000B85B0020C05B0020CA5B03204381032013
:10E0700020810320AC610020D88003203863002079
:10E08000745B0020A05F00200C5C00206470002006
:10E09000008C0020CC6F0020BC460320F7800320BA
:10E0A000326600201450032038510020B846032067
:10E0B000A5800320FD670320B7800320A4910020E2
:10E0C000CB660020A8910020586903200C7A00201C
:10E0D000107A002055690320EC500020F8790020C8
:10E0E000F4570020FC79002052690320DD660020EF
:10E0F000F07900207468032001680320245A03206B
:10E10000A380032092B19D4A12787AB12268B2426C
:10E1100002D09B498A4209D19A492A6809689142EA
:10E12000C0F0BA81984B186816F060FBEBF72EF838
:10E1300016F074FC3B785BB9944B1B78002B40F0D5
:10E14000AE81DFF8CC9299F80030002B40F0AE8120
:10E1500016F08CFB3B78BBB923688D4A934213D0F1
:10E160008C4A934210D08C4A93420DD08B4A9342F2
:10E170000AD08B4A934207D08A4A934204D08A4AF3
:10E18000934201D0F9F7FAF8FEF750FBFDF7CEF90C
:10E190003B78002B7FF4EEADF3F71CF8834DFBF7D3
:10E1A00079FFF2F745FFEAF7F1FF2368B34240F049
:10E1B000CD817F4930460BF0D1FE002840F0C6816A
:10E1C0007C4B1B68012B40F0B3817B4B9B6A012B7E
:10E1D00040F0BC81794B4FF480329A61784B1B68D8
:10E1E000012B40F0A781774B93ED000A9FED5D4B2B
:10E1F000B8EE400A9FED5D3B9FED5E2BB0EE431BFA
:10E20000B7EEC00A0AF05CFB0321B7EEC00B6E4804
:10E21000ECF7B6FE01232B70F0F780FFDFF8F491E6
:10E220006A4B4FF0000BD9F80050694A1F46DFF8DF
:10E23000E8A113F8011B12F8010B814200F095814F
:10E24000CAF8005002F8011C0BF1010B0AF1040A94
:10E25000BBF1040FEDD1DFF8C4B15E4A9BF80010AA
:10E2600013788B4200F0A0815B4B11701D605B4BFB
:10E27000D4F800A01B68002B40F0E281584B1B78BB
:10E280000BBBF0F76BF94C4B55229B6A03EB8303F6
:10E2900002FB0033534AD35CABB9B24502D0384BD2
:10E2A0009A4510D1FB7873B19BF800505DB94E4B85
:10E2B0000122FD701D704D4B1A704D4B1D70F7F70C
:10E2C00061FA8BF800502368B34202D02C4A934283
:10E2D0000AD13B7843B19BF800302BB9364A926A99
:10E2E000102A40F070813B7022682C4B9A4207D173
:10E2F0007B782BB13F4B1B7813B97B70FCF770FC1C
:10E3000098F800309BB12368224A934205D0204AF6
:10E31000934202D0384A934209D1274B374A1868B2
:10E32000174B00280CBF1046184616F05FFB344907
:10E3300020680BF013FE002800F05282F7F7F6F881
:10E34000304D0D24304F2046EFF7D4FD15F8013F36
:10E35000002B79D03B5D002B76D12C4B1E5D5FE00E
:10E36000AFF30080000000605555C53F000000007D
:10E37000000000000000000000804F40DD6600202B
:10E3800038630020D4790020C0790020786600200E
:10E39000506400202C5D0020A45F0020E862002073
:10E3A000E4610020945E00209C6200205B6D0320ED
:10E3B000D6420020B0460320EC5000207C8A00208A
:10E3C000E0610020D446032064DCFE70F880032066
:10E3D000556D0320596D0320EC860020288C002009
:10E3E000D1800320395FF670EF800320CC800320BA
:10E3F0002A810320DD800320D0630020C05B002041
:10E40000E242002010822020F4812020648120201C
:10E41000FD80032014500320DC860020FC800320B4
:10E4200096B9724ABCEEC00AD9F8003052F82420DE
:10E430009B1A10EE102A934206D36D4B53F824001A
:10E4400010B108F0B8F92E70631C0E240F2B7FF466
:10E450007AAFF5F751F8674B00221A7016F0DEFA22
:10E460008AE410681860012008607AE401250EE54E
:10E47000012124E516F0F2F94EE500221A70A8E514
:10E4800000221A70B8E500221A70CFE559685A4B7D
:10E49000186816F0BFF9DEE500221A7046E6F1F7BB
:10E4A000AFFD3B78002B3FF44CAE51E65349544A44
:10E4B0000B6813F0010F534B03D110681860012053
:10E4C000086011681868091A0F291ED912684E4889
:10E4D0001A6009F0BBFCC0B14C4B1B78ABB14C4D82
:10E4E0002B68B3F5007F10DA4A48EDF71BFC60B1EA
:10E4F0004848D5F800A0EDF71FFC474B03EB8A0313
:10E5000083ED000A2B6801332B603F4809F09EFC25
:10E51000054600287FF41CAE3B4809F027F93F4B25
:10E5200089F800501B68012B04BF3D4B1D700FE69E
:10E53000022B4DE63B4BB2EE0E2B93ED000A9FED06
:10E54000274BB8EE400A9FED273B57E62B78002B70
:10E550003FF462AE344920680BF000FD00287FF4E0
:10E560005BAE324B2870586256E600293FF46CAE21
:10E57000DAF80010691AB1F5FA6F7FF665AE2C492A
:10E580004C2000FB0B10CDE900230AF0D9F9FF283D
:10E59000DDE9002302D001073FF556AE002103F864
:10E5A000011CCAF800104FE6002B3FF460AE214B6F
:10E5B0001A68AD1A41F28832954282BF00228BF868
:10E5C00000201A6053E61C4A3B7013701B4A1370FC
:10E5D000F0F740FA88E600BFAFF30080000000606B
:10E5E0005555C53F000000000000000014822020A7
:10E5F000105C0020CE660020187A0020E87700200A
:10E6000014500320D886002088470320D3660020BA
:10E610002847032004470320808A20208C4A0320B7
:10E62000AD680320905E0020D642002064DCFE70BE
:10E63000806F0020EC860020EF8003202A810320D9
:10E6400098F80030002B7FF44FAEA04BA04A93F80F
:10E6500000B0A04B1D78BBF1000F40F097809E4B9F
:10E6600082F800B083F800B0B24503D09B4B9A45C6
:10E6700040F0A480022D7FF437AE994B1B78002B1D
:10E6800040F09C80974B9A453FF451AE924B1B78DB
:10E69000002B7FF429AE944BDFF86CB21B78CBF8DB
:10E6A00000A0002B7FF420AE904E5520904BD6E971
:10E6B000092101EB810100FB021299189A5C002AE2
:10E6C0003FF412AE4B78B7EE003BB3EE004B00EEDA
:10E6D000103AB0EE431BB8EE400B9FED7A2B0AF0D8
:10E6E000EFF87268DFF860C2552002F2CA32804B40
:10E6F000B8FE400BFCEEC07B5CF822A0D6E909C254
:10E7000017EE901AC6ED037A02EB820E00FB0CE0C6
:10E7100003449B78002B4DD0192B05D0322B4BD0C6
:10E720004B2B14BF05250425552002EB82020191D5
:10E7300000FB0C226E480244D078EBF7BBFEDBF8FE
:10E74000002000906548131A6A485A425A413260C4
:10E75000D9F8002002F548720260624816F046F9C6
:10E76000019965480AF0C0FA294664480AF0BCFAE3
:10E77000009963480AF0B8FA514662480AF0B4FAC0
:10E780002268009B1563C2E90D3AADE5117871B9B5
:10E7900056484FF0550CD0E9090303EB83030CFBFB
:10E7A00000335348C05C4C4B00B901211970012360
:10E7B000137059E70125B7E70325B5E7494B9A459B
:10E7C0007FF492AD504D286800283FF4B0ADBBF106
:10E7D000000F7FF4ACAD16F009F9C5F800B083E581
:10E7E0004A4920680BF0BAFB10B116F09BF8A7E578
:10E7F000474920680BF0B2FB10B116F01FF89FE5F7
:10E80000444920680BF0AAFB10B116F087F897E591
:10E81000414920680BF0A2FB00B3404B1B7813B1B9
:10E8200015F0E8FF8CE53E4B1B7813B116F03EF86F
:10E8300086E53C4B1B7813B116F07CF880E53A4B2B
:10E840001B7813B116F022F87AE5384B1B7813B118
:10E8500016F098F874E516F0D1F871E5344920689F
:10E860000BF07CFB10B116F085F869E531492068A2
:10E870000BF074FB38B1304B1B78002B7FF460AD8C
:10E88000FCF79CF95CE52D4920680BF067FB10B1A3
:10E89000FEF704F854E52A4920680BF05FFB0028D6
:10E8A00054D015F0E7FFF8F793F816F067F8254B0A
:10E8B0001B78002B3FF444ADF8F75CFA40E500BF4D
:10E8C000AFF300800000000000C05F40D98003204B
:10E8D0005A6D03203A8003205C6D032038630020CA
:10E8E000D180032050640020CC800320EC50002015
:10E8F000395FF670944F0320806F0020CC6F0020AA
:10E900001870002064700020D0860020ED420020A6
:10E91000F84200200143002010430020D380032050
:10E92000D5800320D4800320D6800320D28003200A
:10E930001543002024430020DD800320D642002020
:10E940002C430020D8800320E89705700C492068EC
:10E950000BF004FB10B116F059F8F1E409492068F6
:10E960000BF0FCFA10B115F0A5FFE9E406492068A8
:10E970000BF0F4FA00283FF4E3AC15F057FFDFE4A6
:10E9800037430020404300204B430020194B30B553
:10E990001A7800F10C044FF480750F30013202F048
:10E9A000070112F0020F19704FEAC213DBB243F0F5
:10E9B000400118BF0B4612F0040F43F0200118BFAE
:10E9C0000B461033DBB294F828201AB1B5FBF2F2F3
:10E9D0000132D2B202FB0331E270091218BF01F119
:10E9E000FF3121700AB1013AE27001348442EAD168
:10E9F00030BD00BF328003202DE9F04194B01746AE
:10EA0000054688461A46014601A887EAE774EAF7F0
:10EA100073FDAB7CA4EBE774012B0794DDE90101E6
:10EA2000CDE90584ADF810104FEA114103908DF83F
:10EA3000121004991290ADF84C104FEA11418DF864
:10EA40004E101DD105A8FFF7A1FF032304EB4404DA
:10EA500009A98DF8263000231A46013341F8042F06
:10EA60002244082BF9D1002F05A92846BCBFFD235D
:10EA70008DF826302B681B6B984714B0BDE8F081E9
:10EA800000230893ADF82430DFE7F0B595B01646C3
:10EA900004460F461A46014601A80025EAF72CFD58
:10EAA000A37C0796012BDDE90101CDE90576ADF8E0
:10EAB00010104FEA114103908DF812100499129032
:10EAC000ADF84C104FEA11418DF84E1010D105A849
:10EAD000FFF75CFF202200210AA88DF8265013F0D2
:10EAE00078FC236805A920461B6B984715B0F0BD3C
:10EAF0000895ADF82450EDE7436BDFED327A013B2A
:10EB0000F4EEC07A2DE9F0412DED028B08EE103ABB
:10EB1000F1EE10FA88460446B8EEC88A77FE807A8D
:10EB2000F4EEC87AF1EE10FA38FE278AFDEEC87AC4
:10EB300017EE905AF8EEE77A294638EE678AECF736
:10EB4000A7FC0646B5EE408AF1EE10FA07D107EEB3
:10EB5000900AB8EEE70ABDEC028BBDE8F0816F1CAD
:10EB6000B8F1000F11D007EE900A39462046F8EEB2
:10EB7000E78AECF78DFC801B07EE900AB0EE680A7E
:10EB8000F8EEE77AA7EE880AE5E7691E2046ECF77B
:10EB90007FFC394680462046ECF77AFCA91C0746E4
:10EBA0002046ECF775FCB7EE000A03463A463146BC
:10EBB000404638EE000AEEF727FB00EE100AB8EEEA
:10EBC000C00AC8E700000000D0ED067A6FF0FF022F
:10EBD00090ED097AF8B5144B77EE877A04460F4624
:10EBE00000F12C064FF400752DED028BB0EE408A3B
:10EBF00083626FF00703C0ED077AC0E9022307EED6
:10EC0000905A94ED040A08350121F8EEE77A384667
:10EC1000A7EE880AFFF770FFB5F5806FA6EC010A32
:10EC2000EDD1BDEC028BF8BD000080BF2DE9F041B5
:10EC300090F890E10C46DDE90665BEF1000F06D0C4
:10EC4000D0F8B411A14202DC8E42B8BF0E46B0F932
:10EC5000BCC1AD1B95FBFCF5002D39DD02FB0C4161
:10EC6000076819443F698E4207DC05FB0C68414583
:10EC700003DA3B46BDE8F0411847A41BBEF1010F83
:10EC800094FBFCF422440AD192FBF5F105FB11221E
:10EC9000002A00DA2A4402FB0C66F118E9E7BEF10B
:10ECA000020F0ED1012D0CD06C1E640092FBF4F10A
:10ECB00004FB1122002AB8BF1219AA42EBDBA21AE8
:10ECC000E9E722EAE272AA42A8BF05F1FF32E2E7D1
:10ECD0000020BDE8F0812DE9F04F984690F8C8314A
:10ECE00007469246012B2DED028B83B0DDF838905C
:10ECF0000CD11144884569DC894567DD03681B69CF
:10ED000003B0BDEC028BBDE8F04F184790ED627B7D
:10ED1000B0F9BC31BBFE476BBDEEC66BCDE90089D7
:10ED200016EE102AB8EEC66B02FB0315534637EEFB
:10ED3000467B00222946B7EEC78BFFF777FF0446D4
:10ED4000B5EE408AF1EE10FA1CD053460122294656
:10ED50003846CDE90089FFF769FF97F8C8310646C4
:10ED6000022B15D1061B07EE906AB8EEE77A07EE84
:10ED7000904AF8EEE77AE7EE087AFDEEE77A17EECA
:10ED8000903A1CB2204603B0BDEC028BBDE8F08F78
:10ED900053464FF0FF3229463846CDE90089FFF748
:10EDA00045FF53468346022229463846CDE900896D
:10EDB000FFF73CFFB7EE000A0346214632465846AD
:10EDC00038EE000AEEF720FA0446DBE70024D9E724
:10EDD000F8B52DED048BF0EE409A0446F0EE608A13
:10EDE0000F46B7EE009A00F12C0600259FED258A0C
:10EDF00007EE905AB0EE680A08350121F8EEE77A7E
:10EE00003846A7EEA90AFFF777FEF6EC017AB5F5CA
:10EE1000007FA0EE009AA7EE808AE9D1B5EEC08A05
:10EE2000F1EE10FA2BDD28EE088A88EE097AD4ED8F
:10EE30000A7AF4EEC77AF1EE10FA19D4F4EE477AB2
:10EE4000F1EE10FA18D1D4ED097AD4ED066A76EE17
:10EE5000A76AD4ED077A38EEE66A77EEE67AB0EE86
:10EE6000C66AF0EEE77AB4EEE76AF1EE10FA03D57F
:10EE700084ED0A7AC4ED078ABDEC048BF8BD9FEDE2
:10EE8000017AD4E7000000002DE9F8431646D0F8D7
:10EE9000C42104460F462DED048BF0EE408A42B9A2
:10EEA00000252046F8F76CFE2846BDEC048BBDE833
:10EEB000F88390F82C2090ED609BA2B1D0ED107AF1
:10EEC000F4EE407AF1EE10FA0AD1B5EEC09BC16BB8
:10EED000F1EE10FA0FD54FF0FF32914200F08E8123
:10EEE000002284F82C200A2BC4ED108A637104D907
:10EEF00003F1580503E00122EFE703F15A052A4622
:10EF0000002300206421A56212F0EEFC07EE905A67
:10EF1000DFEDB96AB5EEC09BB8EEE77A00220023B8
:10EF2000F1EE10FAC6EE877AC4E90601C4E962235D
:10EF3000C4ED087A62D54FF0FF30D4F87431D4F8BC
:10EF4000B81103EBD373D4F89421E0635B10226310
:10EF50008B42A8BF0B4694F89111002950D1D4F8E8
:10EF60007811012816BF501A981A01308A4260633E
:10EF700096DB9A4294DA002892DDF7EE007A4FF0A1
:10EF8000000800224FF0320C4146C4F83880F4EEFD
:10EF9000678AC0FB05C16046F1EE10FA14BF012379
:10EFA0000023642D18BF43F0010384F824300023AC
:10EFB000C4E904230023642212F046FC01284FF028
:10EFC000010384F84480B8BF012084F82C30A0608D
:10EFD000D7F80080002504F144079FED829ADFED09
:10EFE000829AAE42A26BA36801D99A420BDB9A4285
:10EFF0007FF45AAF2046F8F7C3FD55E701209CE7A0
:10F00000D4F8B411ADE794F8243003BB236820464C
:10F01000D4F894111B699847A36B28F815000135A3
:10F020000133D4E90601A363D4E90423121843EBA6
:10F030000103E16BC4E90423626B9A42D8BF02F179
:10F04000FF33226B01FB0322C4F89421C9E794F833
:10F05000449094ED088AB9F1000F18D149466069CF
:10F0600012F0ACFBDFED617A40F20113E06568EE6F
:10F07000277AA0656065B0EE680A21463846C4ED7F
:10F080001A7AC4F84890A4F84430FFF79DFDA36CA9
:10F09000B3F5007F1BD1D4ED177AB0EE680A94ED7A
:10F0A0001A7A2146636D384677EE877AA365236E18
:10F0B000C4ED177ADFED4D7A6365002328EE278AC9
:10F0C000A36484F8453084ED1A8AFFF77DFDA36CB4
:10F0D0000A2293FBF2F102FB1133EBB9E36CB3F5B7
:10F0E000807F57DC94ED1A7AB0EE680AD4ED177A77
:10F0F0002146384677EE877A07EE103AF8EEC70ACF
:10F1000077EEA00AFFF764FEE36C1033B3F5807F5F
:10F11000E36401DD236E6366D4ED127A002194ED81
:10F12000150A2046F8EEE77AA8EEA70AFFF7E4FCF6
:10F1300094F84510B0EE408AC9B9A36C204694ED0E
:10F14000160A03F5007307EE903AF8EEE77AA8EE98
:10F15000A70AFFF7D1FCA26C254B38EE407A03EBEF
:10F160008203D3ED007AA7EE270AB0EE408AB4EE10
:10F17000C98AA36C0133F1EE10FAA3642FDCF4EE1C
:10F18000C89AF1EE10FA39FE888AFDEEC87A17EEB9
:10F19000900A41E7236D082BBEDC07EE103AD4ED50
:10F1A000197A5A1CF8EEC70A94ED1A7A226570EEA5
:10F1B000A70AD4ED177A77EE877A9FED0E7A70EE74
:10F1C000E77AF0EEE77AF4EEC77AF1EE10FAA3D818
:10F1D000B0EE680A21463846FFF7FAFD9CE7B0EE2C
:10F1E000498AD2E700FEFF46000000C70000004445
:10F1F0001C7C0020000080430000C84262799A42D3
:10F200003FF4E6AE0A2B63714FF000004FF064014B
:10F2100094BF03F15A0503F1580500232A46A5625D
:10F2200012F062FB07EE905A5FED0D6A642DB8EEA6
:10F23000E77A626918BF0123C6EE877A18BF84F89F
:10F240002430636BA3EB020C00236422C4E90601A3
:10F2500032200021CCFB0501C4ED087A12F0F4FA4B
:10F26000A36B0128ACBF1B180133A360B0E600BF3D
:10F27000000000002DE9F04F90F8703104462DEDAC
:10F28000068B87B0CDE904210393002B00F0D182D7
:10F29000B0F9BC516B1E9BB2072B00F2CA820679F3
:10F2A0000B2EF3B21BD0012D19D190F89051B5B9A6
:10F2B00090F8A8519DB9F6EE007A90ED600BB7EE8C
:10F2C000C00BB0EEC00AB4EEE70AF1EE10FA06DBAE
:10F2D000F0EE007AB4EEE70AF1EE10FA12D94FF030
:10F2E00000089FEDB89B9FEDB98B474684F82C80B2
:10F2F00084F84480049BBB4207D94FEA470A4FF089
:10F30000000982E0FFF7C0FD0746384607B0BDECB4
:10F31000068BBDE8F08F059B1FFA89FB91B253F86D
:10F32000293059450293534405D8FBB10023029A72
:10F3300022F80A301AE0CBB194F8913103BBD4F82B
:10F34000785194F8A8E1D4F8B861D4F8941194ED08
:10F35000606BBEF1000F60D1B5EEC06B4944F1EEB9
:10F3600010FA10DB8E4201DD8D4210DD94F89031F1
:10F3700023B1B8F1000F00F011820023002104E254
:10F38000D4F8B451DDE78D42F0DC8E42EEDDD4F8E6
:10F39000C431002BCBD0BEF1000F07D094ED687BB9
:10F3A000B4EEC97BF1EE10FA40F1998100962B463C
:10F3B0005A46D4F894112046FFF78DFCB4F9BC31BD
:10F3C0005A1E91451CD194ED627B94ED606B37EE33
:10F3D000067BBBFE476BBDEEC66BB8EEC65B16EE9A
:10F3E000102A534394F8A82137EE457B84ED627BC5
:10F3F000002A40F0A581D4F894211A44C4F894213D
:10F40000029B09F1010923F80A00B4F9BC214A451D
:10F4100081DC01374FF000086CE7B5EEC06B94ED6E
:10F42000687BF1EE10FA32DB8E4258DC9FED696B9F
:10F43000B4EEC67BF1EE10FA98D4B7EE004BB4EE02
:10F44000447BF1EE10FA40F08980D4F8AC31B01A68
:10F45000D4F898C1534307EE903AC31A9C457DD91E
:10F46000A0EB0C00C4F8945107EE100AB8EEC76B7D
:10F47000B8EE677B86EE075BB5EEC05B84ED685B3C
:10F48000F1EE10FA60D584ED688B02234FE08D42D7
:10F4900040F3C9809FED4F6BB4EEC67BF1EE10FADE
:10F4A0003FF564AFB7EE004BB4EE447BF1EE10FADB
:10F4B00040F0E280D4F8AC31D4F89801534305EB26
:10F4C000030C604580F0D880401BB21A07EE900A0A
:10F4D000C4F89421B8EEE76B07EE903AC8E7B5EEB2
:10F4E000407BF1EE10FAA8D1D4F8AC31B01A5343F6
:10F4F000A0EB030C614531D9401AC4F8985107EECE
:10F50000900AB8EEE76B07EE903AB8EE677B86EEAE
:10F51000075BB7EE006B36EE455BB5EEC05B84ED86
:10F52000685BF1EE10FA05D584ED688B0123C4F811
:10F53000B0312CE7B4EEC65BF1EE10FAF6DD002236
:10F54000264BC4E96823F1E7B4EEC45BF1EE10FA90
:10F550009BDD0022214BC4E9682396E7D4F8B03143
:10F56000012B3DD1B31A5B1A07EE903AD4F8AC31B7
:10F570005343B8EEE75B06EE103AB8EE466B85EE05
:10F58000067BB7EE006B36EE477BB4EEC67B84EDB0
:10F59000687BF1EE10FA07DB00230022C4F8B031DB
:10F5A0000E4BC4E96823F2E6B5EEC07BF1EE10FA2B
:10F5B0007FF5EDAE002384ED688BC4F8B031E6E64C
:10F5C000AFF300802D431CEBE2361A3F0000000031
:10F5D000000000009A9999999999B93F0000F03F6D
:10F5E000022B7FF4D4AED4F89831B11AC91AD4F8EA
:10F5F000AC3107EE901A5343B8EEE76B07EE903A42
:10F60000B8EE677B86EE075BB5EEC05B84ED685BAA
:10F61000F1EE10FACED9B7EE007BB4EEC75BF1EE97
:10F6200010FAB9DCB3E6B5EE407BF1EE10FA7FF4E8
:10F6300039AFD4F8AC315343E81881421CD2491B8E
:10F64000B21A07EE901AC4F89821B8EEE75B07EEFD
:10F65000903AB8EE677B85EE076BB7EE005B35EE50
:10F66000466BB5EEC06B84ED686BF1EE10FA3FF5BA
:10F670005BAFB4EEC56B5FE7D4F8B031012B1CD1A2
:10F68000D4F8AC31491B534307EE901A06EE903A7A
:10F69000B8EEE77BB8EE665B87EE056BB7EE005B16
:10F6A00035EE466BB4EEC56B84ED686BF1EE10FA87
:10F6B000BFF672AFB5EEC06B78E7022B7FF467AE92
:10F6C000D4F898315B1B07EE903AD4F8AC31534331
:10F6D000B8EEE76B07EE103AB8EE477B92E79FED86
:10F6E000576B2B465A460096B4EEC67BF1EE10FAE5
:10F6F00002DDD4F898115EE6D4F894112046FFF7A5
:10F70000EAFA00960AEE100A2B465A46D4F89811E7
:10F710002046FFF7E0FA07EE100AB7EE005BB8EEFE
:10F72000C77BB8EECA6B94ED684B27EE047B35EED1
:10F73000445BA5EE067BFDEEC77B17EE900A3DE627
:10F7400094ED687B9FED3D6BB4EEC67BF1EE10FA55
:10F7500004D5D4F894211A44C4F89421B4EEC97B9A
:10F76000F1EE10FA7FF74CAED4F898211A44C4F8A1
:10F77000982145E6059A52F823003A46049D20F860
:10F78000121001329542F9D80133B4F9BC219A42E2
:10F79000F0DC2046F8F7F4F9049FB6E594ED607BC1
:10F7A000022BD4F87811D4F8B821B5EEC07BC4F898
:10F7B000B08184ED688B30D1F1EE10FA25DBB4F91D
:10F7C000BC31D31AB1EE477BC4F8943184ED607B31
:10F7D00094ED627BB1EE477B84ED627B8B42BCBFD4
:10F7E0000B46C4F89411934208DBD4F8B431934229
:10F7F000BEBFB4F9BC31D21AC4F894210023C4F8B6
:10F80000CC31039B03F0FF0874E594F8913113B1F8
:10F81000D4F8B431D6E70B46D4E7F1EE10FA04DBA6
:10F82000D4F8B431C4F89431D8E7B4F9BC31D31A60
:10F83000F8E7002769E500BFAFF300801EA7E8489E
:10F840002EFFEF3F82692DE9F84FB2F9BC6100AF9E
:10F850000446731C0ED0B300073323F00703ADEB4F
:10F86000030DE846ADEB030D92F87031EA4623B97B
:10F87000036AC361BD46BDE8F88FC5694FF0000B50
:10F88000D0F82090B3452EDBA06990F87031002BA2
:10F8900079D080225146FFF7EDFCA9EB0503002B40
:10F8A0000AD01A46B8BF03F17F02D21127D1002B2C
:10F8B000D4BF4FF0FF330123B5F5803F02D1B9F536
:10F8C000803F1ED0002181421DD0002B03D01D445B
:10F8D00038DDA94538DB4FEA410E4FF0000CB44546
:10F8E00035DB0131EFE709F06DFA48F82B0000280D
:10F8F000C0D004304AF82B000BF1010BC2E71346CD
:10F90000DAE7002BDED100F1020AC0F18000E561E8
:10F91000A8F1040B4FEA4A0A4FF000094500B1452F
:10F9200020DB012E05D13246D8F80010204609F020
:10F93000B5FA0024B4429DDA58F82400013409F0E5
:10F9400085FAF7E7A945C6DD4D460023C3E75AF817
:10F950002CB00CF1010C3BF90E206A4312142BF869
:10F960000E20BCE75BF8040F2A460021504412F039
:10F9700030FDDBF800105FFA89F2204609F1010939
:10F9800009F08CFACBE703685B699847236AE36167
:10F99000CFE700002DE9F04192B0FF240AF078FD96
:10F9A0004FF47F43C24911A8ADF844304FF6FF78B9
:10F9B0008DF84640E9F7CDFE4FF60A73BD4910A811
:10F9C0008DF84240ADF84030E9F7C3FE4FF61473AE
:10F9D000B9490FA88DF83E40ADF83C30E9F7B9FEC3
:10F9E0004FF61E73B5490EA88DF83A40ADF8383081
:10F9F000E9F7AFFE4FF6A073B1490DA88DF8364078
:10FA0000ADF83430E9F7A5FE4FF6AA73AD490CA85E
:10FA10008DF83240ADF83030E9F79BFE4FF6B97300
:10FA2000A9490BA88DF82E40ADF82C30E9F791FECE
:10FA30004FF6C873A5490AA88DF82A40ADF82830BA
:10FA4000E9F787FE4FF65A73A14909A88DF82640B9
:10FA5000ADF82430E9F77DFE4FF664739D4908A8A0
:10FA60008DF82240ADF82030E9F773FE4FF673733E
:10FA7000994907A88DF81E40ADF81C30E9F769FEDA
:10FA80004FF68273954906A88DF81A40ADF81830E4
:10FA9000E9F75FFE4FF6DC73914905A88DF8164033
:10FAA000ADF81430E9F755FE4FF6EB738D4904A815
:10FAB0008DF81240ADF81030E9F74BFE4FF6FA73AF
:10FAC000894903A88DF80E40ADF80C30E9F741FEE6
:10FAD0009623864902A8ADF808808DF80A30E9F728
:10FAE00038FE83480024ECF7CFFD8248ECF7CCFDCC
:10FAF0008148ECF7FFF98148ECF7C6FD8048ECF748
:10FB0000C3FD8048ECF7C0FD7F48ECF7BDFD7F48A2
:10FB1000ECF7BAFD7E48ECF7B7FD7E48ECF7B4FD94
:10FB20007D48ECF7B1FD7D48EDF774FA7C48EDF7C0
:10FB300071FA7C48EDF76EFA7B48ECF7A5FD7B483F
:10FB4000ECF7A2FD7A48ECF79FFD7A48ECF79CFDB4
:10FB50007948ECF799FD7948ECF78AFA7848ECF7A0
:10FB600087FA7848ECF784FA7748ECF7C3F97748D6
:10FB7000ECF7C0F97648ECF7BDF97648FDF738FAAE
:10FB8000754A76490125734802260DF0C3FA744878
:10FB9000ECF7B0F97348ECF7ADF97348ECF768FA95
:10FBA0007248ECF765FA7248ECF762FA7148ECF7C4
:10FBB0005FFA7148ECF75CFA7048ECF759FA704854
:10FBC000ECF712F96F48ECF70FF96F48ECF70CF906
:10FBD0006E48ECF703FA6E48ECF700FA6D48ECF764
:10FBE000FDF96D48ECF7FAF96C48ECF7F7F96C4859
:10FBF000ECF7F4F96B48ECF74FFA6B48ECF74CFA7A
:10FC00006A48ECF749FA6A48FDF7F2F9524A534953
:10FC1000032767480DF07EFA6648FDF7E9F94E4A7A
:10FC20004E4964480DF076FA6348FDF7E1F94A4A17
:10FC30004A4961480DF06EFA6048ECF7AFF9604848
:10FC4000ECF7ACF95F48ECF7A9F95F48ECF752F92B
:10FC50005E48ECF74FF95E48ECF74CF95D48ECF77D
:10FC600049F95D48ECF746F95C48ECF743F95C4824
:10FC7000FDF7BEF9384A394959480DF04BFA594851
:10FC8000FDF7B6F9344A354956480DF043FA56485F
:10FC9000FDF7AEF9304A314953480DF03BFA53486D
:10FCA000FDF7A6F92C4A2D4950480DF033FA9FE094
:10FCB0003A6600203D660020406600204366002032
:10FCC00046660020496600204C6600204F660020F2
:10FCD0005266002055660020586600205B660020B2
:10FCE0005E66002061660020646600206766002072
:10FCF0007850032008520320A48C0020985303203E
:10FD000028550320B8560320485803209435FF7027
:10FD10000434FF707432FF70E430FF70A876002066
:10FD2000D0760020F8760020542FFF70C42DFF708D
:10FD3000342CFF70A42AFF701429FF70DC28FF7098
:10FD4000A428FF706C28FF702077002058770020CF
:10FD500090770020704F0320C85A002085130000C0
:10FD6000DC8C0020148D00203428FF70FC27FF70ED
:10FD7000C427FF708C27FF705427FF701C27FF706B
:10FD8000BC8A0020DC8A0020FC8A0020DC1BFF707B
:10FD90009C10FF705C05FF701CFAFE70DCEEFE70BC
:10FDA0009CE3FE702489002044890020648900209F
:10FDB000744E0320984E0320BC4E03204C8F00202D
:10FDC000888F0020C48F002064E3FE702CE3FE7057
:10FDD000F4E2FE70BCE2FE7084E2FE704CE2FE7063
:10FDE000E04E0320044F0320284F03204C4F0320F4
:10FDF000B948ECF73DF9B948ECF73AF9B848ECF7EF
:10FE000037F9B848ECF734F9B748ECF731F9B748A7
:10FE1000ECF770F8B648ECF76DF8B648ECF76AF80E
:10FE2000B548ECF767F8B548ECF764F8B448ECF778
:10FE300061F8B448ECF75EF8B348ECF75BF8B34808
:10FE4000EAF7B8F9B248ECF713F9B248EBF7CCFF90
:10FE5000B148EBF7C9FFB148EBF7C6FFB048EBF785
:10FE6000C3FFB048EBF7C0FFAF48EBF7BDFFAF48AB
:10FE7000EBF7BAFFAE48EBF7B7FFAE48ECF7F8F890
:10FE8000AD48ECF7F5F8AD48ECF7F2F8AC48FDF703
:10FE9000AFF8AC4AAC49AA480DF03CF9AB48ECF7D6
:10FEA000FBF8AB48ECF7F8F8AA48ECF7F5F8AA48E5
:10FEB000ECF7F2F8A948ECF7EFF8A948ECF7ECF802
:10FEC000A848ECF7E9F8A848ECF7E6F8A748ECF7FB
:10FED00065F8A748ECF762F8A648ECF75FF8A64883
:10FEE000ECF75CF8A548ECF759F8A548ECF756F89C
:10FEF000A448ECF753F8A448ECF750F8A348ECF703
:10FF0000B7F8A348ECF7B4F8A248ECF7B1F8A24868
:10FF1000ECF7AEF8A148ECF7ABF8A148ECF7A8F87D
:10FF2000A048ECF7A5F8A048ECF7A2F89F48EAF73C
:10FF300041F99F48EAF73EF99E48EAF73BF99E48A7
:10FF4000EAF738F99D48EAF735F99D48EAF732F9BA
:10FF50009C48ECF78DF89C48ECF78AF89B48ECF746
:10FF600087F89B48ECF784F89A48ECF781F89A48B0
:10FF7000ECF77EF89948ECF77BF89948ECF778F8BD
:10FF80009848ECF775F89848EBF7B4FF00229748CB
:10FF90001146E9F7ABFD954A954B104682F824408F
:10FFA00013604FF47A739462C2E90743914BC2E93C
:10FFB0001844936107F0C4FB624A8F498B480DF0E7
:10FFC000A9F88E48ECF754F8214622468C48E9F708
:10FFD0008DFD8B4A8B4B1046136007F0E3F88A487F
:10FFE000ECF75AF88948ECF743F88948EBF786FEB6
:10FFF000884A0121A2F11800E9F778FD854A864B6D
:02000004600397
:10000000864882F84C4342F8183C82F84D43C2F8C7
:10001000484382F84E43EBF771FE8148EBF76EFEE2
:100020008048ECF725F88048ECF722F87F4A022157
:10003000A2F11800E9F75AFD7D4B7C4840F8183DC5
:1000400007F014FB7B4A0221A2F11800E9F74EFDEC
:100050007848794B40F8183D0BF0C6FD774B2246A7
:10006000774900947748EBF7D7FD364A76497548CB
:100070000DF050F8714B2246744900957448EBF727
:10008000CBFD304A704972480DF044F86B4B224664
:10009000704900967048EBF7BFFD2A4A6A496E48DE
:1000A0000DF038F86D4B22466D4900946D48EBF722
:1000B000B3FD244A64496B480DF02CF8674B224687
:1000C000694900956948EBF7A7FD1E4A5E496748F4
:1000D0000DF020F8CCE000BF14E2FE70DCE1FE7011
:1000E000A4E1FE706CE1FE7034E1FE706C8C0020C7
:1000F0004C8D0020848D0020BC8D0020F48D0020CC
:100100002C8E0020648E00209C8E0020A8F60020FB
:10011000FCE0FE705C8B00207C8B00209C8B002020
:10012000BC8B0020DC8B00209C8A00201C8B0020D4
:100130003C8B0020C4E0FE708CE0FE7054E0FE704A
:10014000504E0320C85A0020851300000489002067
:1001500084890020A4890020C4890020E48900202B
:10016000048A0020248A0020448A0020108F002066
:10017000009000203C90002078900020B490002057
:10018000F09000202C910020689100201CE0FE706F
:10019000E4DFFE70ACDFFE7074DFFE703CDFFE70EB
:1001A00004DFFE70CCDEFE7094DEFE70049400204E
:1001B0004C590120F0BB0120941E022038810220FE
:1001C000DCE302205CDEFE7024DEFE70ECDDFE70FF
:1001D000B4DDFE707CDDFE7044DDFE700CDDFE7073
:1001E000D4DCFE709CDCFE70348C00208847032039
:1001F0004C26002004290020E534000064DCFE7059
:10020000648A00201C2600207C8A00202CDCFE70E2
:1002100004470320AC4A0320EC260020504703206B
:100220002C470320F4DBFE70BCDBFE70A8460320E5
:10023000342600203C50032040260020DC28FF709C
:1002400078500320A8DBFE70410002000852032012
:1002500094DBFE70A48C002080DBFE70A428FF706D
:10026000985303206CDBFE702855032058DBFE708A
:100270009F4B22469F4900949F48EBF7CDFC9F4A35
:100280009F499D480CF046FF994B22469D49009599
:100290009D48EBF7C1FC994A99499B480CF03AFFFD
:1002A0009A4B22469A4900959A48EBF7B5FC934A37
:1002B000934998480CF02EFF974B2246944900959D
:1002C0009648EBF7A9FC8D4A8D4994480CF022FF23
:1002D000934B2246934900969348EBF79DFC874A3F
:1002E000874991480CF016FF904B22468D490096A5
:1002F0008F48EBF791FC814A81498D480CF00AFF49
:100300008C4B22468C4900968C48EBF785FC7B4A47
:100310007B498A480CF0FEFE894B224686490096AE
:100320008848EBF779FC754A754986480CF0F2FE6F
:10033000764B2246844900968448EBF76DFC6F4A61
:100340006F4982480CF0E6FE734B22467E490096C8
:100350007F48EBF761FC694A69497D480CF0DAFE99
:100360007C4B22467C4900947C48EBF755FC634A61
:1003700063497A480CF0CEFE794B224679490094C5
:100380007948EBF749FC5D4A5D4977480CF0C2FEBD
:10039000764B2246764900947648EBF73DFC574A67
:1003A000574974480CF0B6FE5D4B224672490094E2
:1003B0007248EBF731FC514A514970480CF0AAFEE3
:1003C0005A4B22466C4900946D48EBF725FC4B4A8A
:1003D0004B496B480CF09EFE564B224669490094EF
:1003E0006948EBF719FC454A454967480CF092FE0D
:1003F000534B2246634900946448EBF70DFC3F4A97
:100400003F4962480CF086FE404B2246604900940A
:100410006048EBF701FC394A39495E480CF07AFE36
:100420003D4B22465A4900945B48EBF7F5FB334AB3
:10043000334959480CF06EFE394B22465749009516
:100440005748EBF7E9FB2D4A2D4955480CF062FE61
:10045000364B2246514900955248EBF7DDFB274ABF
:10046000274950480CF056FE324B22464E49009523
:100470004E48EBF7D1FB214A21494C480CF04AFE8B
:100480002F4B2246484900954948EBF7C5FB1B4ACC
:100490001B4947480CF03EFE464B22464649009415
:1004A0004648EBF7B9FB154A154944480CF032FEB3
:1004B000434B2246434900944348EBF7ADFB0F4AB8
:1004C0000F4941480CF026FE404B22460849009453
:1004D0003F48EBF7A1FB094A09493D480CF01AFED9
:1004E0003C4B22461B4900953B48EBF795FB75E0DA
:1004F0006C28FF70B856032044DBFE70C85A0020F9
:10050000410002004858032030DBFE70C427FF7012
:100510009435FF701CDBFE701C27FF7008DBFE703B
:100520003428FF700434FF70F4DAFE708C27FF70FB
:10053000E0DAFE70FC27FF707432FF70CCDAFE70D8
:100540005427FF70B8DAFE70E430FF70A4DAFE7052
:1005500090DAFE7020770020A87600207CDAFE700A
:1005600058770020D076002068DAFE70907700205F
:10057000F876002054DAFE70542FFF7040DAFE70D7
:100580002CDAFE70C42DFF7018DAFE7004DAFE70EB
:10059000342CFF70F0D9FE70DCD9FE70A42AFF70F5
:1005A000C8D9FE70B4D9FE701429FF70A0D9FE70AE
:1005B0008CD9FE70BC8A0020DC28FF7078D9FE70D0
:1005C000DC8C0020A428FF7064D9FE70148D0020FC
:1005D00050D9FE70DC1BFF703CD9FE709F4AA049C9
:1005E000A0480CF097FDA04B2246A0490095A048DA
:1005F000EBF712FB994A9A499D480CF08BFD9D4BF5
:1006000022469D4900959D48EBF706FB934A944985
:100610009A480CF07FFD9A4B2246974900959948DD
:10062000EBF7FAFA8D4A8E4996480CF073FD964B1B
:100630002246964900959648EBF7EEFA874A884994
:1006400093480CF067FD934B2246904900959248E1
:10065000EBF7E2FA814A82498F480CF05BFD8F4B41
:1006600022468F4900948F48EBF7D6FA7B4A7C49A3
:100670008C480CF04FFD7F4B22468B4900948B48F1
:10068000EBF7CAFA754A764988480CF043FD7E4B71
:100690002246874900948748EBF7BEFA6F4A7049B3
:1006A00084480CF037FD704B224683490094834800
:1006B000EBF7B2FA694A6A4980480CF02BFD704B9F
:1006C00022467F4900947F48EBF7A6FA634A6449C3
:1006D0007C480CF01FFD6F4B22467B4900947B4801
:1006E000EBF79AFA5D4A5E4978480CF013FD784BB7
:1006F0002246784900947848EBF78EFA574A5849D1
:1007000075480CF007FD754B2246754900947548F5
:10071000EBF782FA514A524972480CF0FBFC724BDB
:100720002246724900947248EBF776FA4B4A4C49DC
:100730006F480CF0EFFC6F4B22466F4900946F48F6
:10074000EBF76AFA454A46496C480CF0E3FC6C4BFF
:100750002246624900946B48EBF75EFA3F4A4049F3
:1007600068480CF0D7FC684B22465F490094674804
:10077000EBF752FA394A3A4964480CF0CBFC644B27
:100780002246464900946348EBF746FA334A344917
:1007900060480CF0BFFC604B2246364900945F482D
:1007A000EBF73AFA2D4A2E495C480CF0B3FC5C4B4F
:1007B0002246354900945B48EBF72EFA274A284930
:1007C00058480CF0A7FC584B22462749009457483C
:1007D000EBF722FA214A224954480CF09BFC544B77
:1007E0002246274900945348EBF716FA1B4A1C4946
:1007F00050480CF08FFC504B2246264900944F483D
:10080000EBF70AFA154A16494C480CF083FC4C4B9E
:100810002246384900944B48EBF7FEF90F4A10493D
:1008200048480CF077FC484B22463549009447482D
:10083000EBF7F2F9094A0A4944480CF06BFC444BC7
:100840002246314900944348EBF7E6F9034A04494C
:1008500040480CF05FFC404B22467FE0C85A002025
:10086000410002003CD9FE701CFAFE702077002087
:1008700028D9FE709C10FF705877002014D9FE70A4
:10088000DCEEFE7000D9FE705C05FF7090770020F2
:10089000ECD8FE709CE3FE70D8D8FE70DC1BFF70B5
:1008A0003428FF70C4D8FE70FC27FF70B0D8FE70EB
:1008B000C427FF709CD8FE708C27FF7088D8FE700C
:1008C0005427FF7074D8FE701C27FF7060D8FE702C
:1008D0009C8E0020704F03204CD8FE70DC8A0020D4
:1008E000DC8C002038D8FE70FC8A0020148D00209B
:1008F00024D8FE7024890020BC8A002010D8FE7005
:1009000044890020FCD7FE7064890020E8D7FE707F
:1009100064E3FE70D4D7FE702CE3FE70C0D7FE7087
:10092000F4E2FE70ACD7FE70BCE2FE7098D7FE70A9
:1009300084E2FE7084D7FE704CE2FE7070D7FE70C9
:100940004C8F00205CD7FE70888F002048D7FE7047
:10095000C48F002034D7FE706C8C00209F49009417
:100960009F48EBF759F99F4A9F499D480CF0D2FBED
:100970009E4B22469E4900949E48EBF74DF9994ABA
:1009800099499C480CF0C6FB9B4B22469B4900941E
:100990009B48EBF741F9934A934999480CF0BAFB0D
:1009A000984B2246984900949848EBF735F98D4AC0
:1009B0008D4996480CF0AEFB924B2A469249009521
:1009C0009348EBF729F9874A874991480CF0A2FB35
:1009D0008C4B32468C4900968E48EBF71DF9814AC4
:1009E00081498C480CF096FB8B4B22468B49009436
:1009F0008B48EBF711F97B4A7B4989480CF08AFB5D
:100A0000854B2A46854900958648EBF705F9754AD6
:100A1000754984480CF07EFB7F4B32467F49009637
:100A20008148EBF7F9F86F4A6F497F480CF072FB89
:100A30007E4B22467E4900947E48EBF7EDF8694AEA
:100A400069497C480CF066FB784B2A46784900954A
:100A50007948EBF7E1F8634A634977480CF05AFBB1
:100A6000724B3246724900967448EBF7D5F85D4AEE
:100A70005D4972480CF04EFB714B2246714900945F
:100A80007148EBF7C9F8574A57496F480CF042FBD9
:100A90006B4B22466D4900956D48EBF7BDF8514A06
:100AA00051496B480CF036FB654B2246694900966C
:100AB0006948EBF7B1F84B4A4B4967480CF02AFB01
:100AC000664B2246664900946648EBF7A5F8454A0E
:100AD000454964480CF01EFB604B22466249009574
:100AE0006248EBF799F83F4A3F4960480CF012FB27
:100AF0005A4B22465E4900965E48EBF78DF8394A1C
:100B000039495C480CF006FB5B4B22465B4900947C
:100B10005B48EBF781F8334A334959480CF0FAFA4D
:100B2000584B2246584900945848EBF775F82D4A1F
:100B30002D4956480CF0EEFA554B22465549009483
:100B40005548EBF769F8274A274953480CF0E2FA71
:100B5000524B2246524900945248EBF75DF8214A25
:100B6000214950480CF0D6FA4F4B224625490094B3
:100B70004E48EBF751F81B4A1B494C480CF0CAFA97
:100B80004B4B22461F4900974A48EBF745F8154A58
:100B9000154948480CF0BEFA474B22461E490097BB
:100BA0004648EBF739F80F4A0F4944480CF0B2FABF
:100BB000434B22461D4900974248EBF72DF8094A5E
:100BC000094940480CF0A6FA3F4B22461C490094C4
:100BD0003E48EBF721F8034A034979E0744E0320BD
:100BE00020D7FE70C85A0020410002004C8D002022
:100BF000984E03200CD7FE70848D0020BC4E03203D
:100C0000F8D6FE7014E2FE704C8F0020E4D6FE7021
:100C1000D0D6FE70BCD6FE70DCE1FE70888F00205E
:100C2000A8D6FE7094D6FE7080D6FE70A4E1FE7049
:100C3000C48F00206CD6FE7058D6FE7044D6FE706D
:100C40006CE1FE7064E3FE7030D6FE702CE3FE7043
:100C50001CD6FE70F4E2FE7008D6FE7034E1FE7021
:100C6000BCE2FE70F4D5FE7084E2FE70E0D5FE704A
:100C70004CE2FE70CCD5FE70BC8D0020E04E03200F
:100C8000B8D5FE70F48D0020044F0320A4D5FE706B
:100C90002C8E0020284F032090D5FE70648E0020FB
:100CA0004C4F03207CD5FE70A8F6002068D5FE705E
:100CB000C4E0FE7054D5FE708CE0FE7040D5FE702E
:100CC00054E0FE702CD5FE70FCE0FE7018D5FE706E
:100CD0009F480CF01FFA9F4B22469F4900959F4862
:100CE000EAF79AFF9E4A9F499C480CF013FA9E4BE4
:100CF00022469E4900949E48EAF78EFF984A9949F9
:100D00009B480CF007FA9B4B22469B4900949B485A
:100D1000EAF782FF924A934998480CF0FBF9984B06
:100D20002246984900949848EAF776FF8C4A8D4904
:100D300095480CF0EFF9954B22469549009495485B
:100D4000EAF76AFF864A874992480CF0E3F9924B2A
:100D50002246924900949248EAF75EFF804A814910
:100D60008F480CF0D7F98F4B22468F4900948F485B
:100D7000EAF752FF7A4A7B498C480CF0CBF98C4B4E
:100D800022468C4900948C48EAF746FF744A75491C
:100D900089480CF0BFF9894B22468949009489485B
:100DA000EAF73AFF6E4A6F4986480CF0B3F9864B72
:100DB0002246864900948648EAF72EFF684A694928
:100DC00083480CF0A7F9834B22466249009782487A
:100DD000EAF722FF624A63497F480CF09BF97F4B98
:100DE00022466A4900947E48EAF716FF5C4A5D494C
:100DF0007B480CF08FF97B4B2246674900947A4878
:100E0000EAF70AFF564A574977480CF083F9774BBF
:100E10002246644900947648EAF7FEFE504A51495A
:100E200073480CF077F9734B22466149009472487D
:100E3000EAF7F2FE4A4A4B496F480CF06BF96F4BE8
:100E400022465E4900946E48EAF7E6FE444A454968
:100E50006B480CF05FF96B4B2246434900946A489B
:100E6000EAF7DAFE3E4A3F4967480CF053F9674B10
:100E70002246404900946648EAF7CEFE384A39498E
:100E800063480CF047F9634B22463D4900946248A1
:100E9000EAF7C2FE324A33495F480CF03BF95F4B38
:100EA0002246494900945E48EAF7B6FE2C4A2D498D
:100EB0005B480CF02FF9594B22465A4900965A4884
:100EC000EAF7AAFE264A274957480CF023F9534B64
:100ED0002246564900975648EAF79EFE204A214985
:100EE00053480CF017F9534B22465349009453488A
:100EF000EAF792FE1A4A1B4950480CF00BF9504B86
:100F00002246404900944F48EAF786FE144A1549A4
:100F10004C480CF0FFF84C4B22463C4900944B489F
:100F2000EAF77AFE0E4A0F4948480CF0F3F8484BAE
:100F30002246384900944748EAF76EFE084A0949B4
:100F400044480CF0E7F8444B22462449009485E0DD
:100F500018D5FE70FCE0FE7034E1FE7004D5FE7022
:100F6000C85A0020410002009C8A00206C8C00209E
:100F7000F0D4FE701C8B00204C8D0020DCD4FE7061
:100F80003C8B0020848D0020C8D4FE705C8B002038
:100F9000BC8D0020B4D4FE707C8B0020F48D00202A
:100FA000A0D4FE709C8B00202C8E00208CD4FE7070
:100FB000BC8B0020648E002078D4FE70DC8B002077
:100FC0009C8E002064D4FE70C4E0FE70A8F6002061
:100FD00050D4FE70DC28FF703CD4FE70C489002021
:100FE00028D4FE70E489002014D4FE70048A002006
:100FF00000D4FE70248A0020ECD3FE70448A0020C6
:10100000D8D3FE7004890020C4D3FE7084890020E8
:10101000B0D3FE70A48900209CD3FE705CDEFE700D
:1010200088D3FE708CE0FE7074D3FE7054E0FE70C6
:1010300060D3FE70348C0020504E03204CD3FE70E1
:10104000108F002038D3FE700090002024D3FE7053
:101050003C90002010D3FE7078900020A048EAF762
:10106000DBFDA04AA0499E480CF054F89F4B224655
:101070009F4900949F48EAF7CFFD9A4A9A499D48B4
:101080000CF048F89C4B22469C4900949C48EAF797
:10109000C3FD944A94499A480CF03CF8994B224677
:1010A000994900949948EAF7B7FD8E4A8E499748C6
:1010B0000CF030F8964B2246964900949648EAF791
:1010C000ABFD884A884994480CF024F8934B22469B
:1010D000934900949348EAF79FFD824A82499148D8
:1010E0000CF018F88D4B2A468D4900958E48EAF78A
:1010F00093FD7C4A7C498C480CF00CF8874B3246B7
:10110000874900968948EAF787FD764A76498748F5
:101110000CF000F8864B2246864900948648EAF790
:101120007BFD704A704984480BF0F4FF804B2A46DF
:10113000804900958148EAF76FFD6A4A6A497F480D
:101140000BF0E8FF7A4B32467A4900967C48EAF782
:1011500063FD644A64497A480BF0DCFF794B224610
:10116000794900947948EAF757FD5E4A5E49774825
:101170000BF0D0FF734B2A46734900957448EAF789
:101180004BFD584A584972480BF0C4FF6D4B32462C
:101190006D4900966F48EAF73FFD524A52496D4843
:1011A0000BF0B8FF6C4B22466C4900946C48EAF790
:1011B00033FD4C4A4C496A480BF0ACFF664B2A465B
:1011C000664900956748EAF727FD464A464965485B
:1011D0000BF0A0FF604B3246604900966248EAF788
:1011E0001BFD404A404960480BF094FF5F4B22468C
:1011F0003E4900945E48EAF70FFD3A4A3A495C4896
:101200000BF088FF594B2A46384900955948EAF7B0
:1012100003FD344A344957480BF07CFF534B3246A8
:10122000324900965448EAF7F7FC2E4A2E495248B4
:101230000BF070FF514B22462F4900945048EAF7BB
:10124000EBFC284A28494E480BF064FF4B4B2A46DA
:10125000294900954B48EAF7DFFC224A22494948D0
:101260000BF058FF454B3246234900964648EAF7B3
:10127000D3FC1C4A1C4944480BF04CFF434B22460C
:10128000204900944248EAF7C7FC164A16494048EC
:101290000BF040FF3D4B2A461A4900953D48EAF7BE
:1012A000BBFC104A10493B480BF034FF374B324629
:1012B000144900963848EAF7AFFC0A4A0A4936480A
:1012C0000BF028FF354B2246114900943448EAF7C9
:1012D000A3FC044A044932480BF01CFF62E000BF43
:1012E000FCD2FE70C85A002041000200B4900020D9
:1012F000E4890020E8D2FE70F0900020048A0020EB
:10130000D4D2FE702C910020248A0020C0D2FE701E
:1013100068910020448A0020ACD2FE701CE0FE7070
:10132000108F002098D2FE7084D2FE7070D2FE70B2
:10133000E4DFFE70009000205CD2FE7048D2FE70A8
:1013400034D2FE70ACDFFE703C90002020D2FE70E4
:101350000CD2FE70F8D1FE7074DFFE707890002021
:10136000E4D1FE70D0D1FE70BCD1FE703CDFFE70C7
:10137000A8D1FE7094D1FE7080D1FE7004DFFE70A3
:101380006CD1FE7058D1FE7044D1FE70CCDEFE7080
:1013900030D1FE701CD1FE7008D1FE7094DEFE705C
:1013A000F4D0FE709F4B2A469F4900959F48EAF76C
:1013B00033FC9F4A9F499D480BF0ACFE994B324647
:1013C000994900969C48EAF727FC994A99499A4816
:1013D0000BF0A0FE994B2246994900949948EAF7F0
:1013E0001BFC934A934997480BF094FE964B224678
:1013F000934900979548EAF70FFC8D4A8D49934829
:101400000BF088FE924B2246924900949248EAF7EC
:1014100003FC874A874990480BF07CFE8F4B22469D
:101420008C4900978E48EAF7F7FB814A81498C483E
:101430000BF070FE8B4B22468B4900968B48EAF7E7
:10144000EBFB7B4A7B4989480BF064FE854B2246C7
:10145000874900978748EAF7DFFB754A7549854851
:101460000BF058FE844B2246844900948448EAF7E6
:10147000D3FB6F4A6F4982480BF04CFE814B2246EA
:101480007E4900978048EAF7C7FB694A69497E4868
:101490000BF040FE7D4B22467D4900947D48EAF7E3
:1014A000BBFB634A63497B480BF034FE7A4B224610
:1014B000774900977948EAF7AFFB5D4A5D4977487D
:1014C0000BF028FE764B2246764900947648EAF7E0
:1014D000A3FB574A574974480BF01CFE734B224636
:1014E000704900977248EAF797FB514A5149704892
:1014F0000BF010FE6F4B22464A4900946E48EAF703
:101500008BFB4B4A4B496C480BF004FE6B4B22465D
:10151000444900976A48EAF77FFB454A45496848CD
:101520000BF0F8FD484B2246444900946548EAF721
:1015300073FB3F4A3F4963480BF0ECFD474B2246A3
:10154000434900946048EAF767FB394A39495E48E5
:101550000BF0E0FD4B4B2246474900945B48EAF70D
:101560005BFB334A334959480BF0D4FD4A4B2246C2
:10157000464900945648EAF74FFB2D4A2D495448F6
:101580000BF0C8FD494B2246454900945148EAF703
:1015900043FB274A27494F480BF0BCFD474B2246E7
:1015A000444900944C48EAF737FB214A21494A480C
:1015B0000BF0B0FD494B2246494900964948EAF7ED
:1015C0002BFB1B4A1B4947480BF0A4FD254B224629
:1015D0001D4900944448EAF71FFB154A1549424843
:1015E0000BF098FD1F4B22461C4900953F48EAF737
:1015F00013FB0F4A0F493D480BF08CFD3C4B224634
:10160000204900943B48EAF707FB094A0949394851
:101610000BF080FD364B22461F4900953648EAF70D
:10162000FBFA6BE094DEFE7068910020E0D0FE7063
:10163000C85A002041000200CCD0FE700494002063
:101640001CE0FE70B8D0FE7024DEFE70A4D0FE70E8
:101650004C590120E4DFFE7090D0FE70ECDDFE708E
:101660007CD0FE70D4DCFE70ACDFFE7068D0FE7003
:1016700074DFFE7054D0FE70F0BB01203CDFFE70C2
:1016800040D0FE70B4DDFE702CD0FE70941E02209F
:1016900004DFFE7018D0FE707CDDFE7004D0FE709A
:1016A00038810220CCDEFE70F0CFFE7044DDFE708B
:1016B000DCCFFE70DCE30220C8CFFE700CDDFE70D4
:1016C000B4CFFE70A0CFFE708CCFFE7078CFFE70CE
:1016D00064CFFE7050CFFE703CCFFE7064DCFE70B5
:1016E0005CDEFE7028CFFE7014CFFE7000CFFE705F
:1016F0009CDCFE70ECCEFE70D8CEFE70A64AA749E8
:10170000A7480BF007FDA74B2246A7490096A7481C
:10171000EAF782FAA04AA149A4480BF0FBFCA14BCE
:101720002246A3490097A348EAF776FA9A4A9B49CA
:10173000A0480BF0EFFCA04B2246A0490094A04823
:10174000EAF76AFA944A95499D480BF0E3FC9A4BF4
:101750002246944900959B48EAF75EFA8E4A8F49E3
:1017600098480BF0D7FC984B22469849009498482B
:10177000EAF752FA884A894995480BF0CBFC95481C
:10178000EAF78AFC934B2246934900949348EAF780
:1017900043FA814A814991480BF0BCFC8A4B2246AE
:1017A0008C4900958E48EAF737FA7B4A7B498C488A
:1017B0000BF0B0FC8B4B2246874900948A48EAF72D
:1017C0002BFA754A754988480BF0A4FC874B2246D2
:1017D000874900948748EAF71FFA6F4A6F4985489E
:1017E0000BF098FC844B2246804900948348EAF72A
:1017F00013FA694A694981480BF08CFC804B2246F8
:101800007A4900947F48EAF707FA634A63497D48BA
:101810000BF080FC7C4B2246674900947B48EAF73A
:10182000FBF95D4A5D4979480BF074FC784B224620
:10183000654900957748EAF7EFF9574A57497548DF
:101840000BF068FC744B22465F4900957348EAF739
:10185000E3F9514A514971480BF05CFC6C4B22464C
:10186000554900946E48EAF7D7F94B4A4B496C4802
:101870000BF050FC684B22464F4900946948EAF748
:10188000CBF9454A454967480BF044FC624B224678
:101890004A4900966448EAF7BFF93F4A3F4962481F
:1018A0000BF038FC5A4B22463E4900965F48EAF757
:1018B000B3F9394A39495D480BF02CFC5C4B2246A0
:1018C000534900945B48EAF7A7F9334A334959482A
:1018D0000BF020FC564B22464F4900955648EAF73C
:1018E0009BF92D4A2D4954480BF014FC534B2246CA
:1018F000474900945248EAF78FF9274A2749504848
:101900000BF008FC4D4B2246434900954D48EAF741
:1019100083F9214A21494B480BF0FCFB264B224618
:10192000324900974848EAF777F91B4A1B4946486D
:101930000BF0F0FB454B464A2146464D1A600A2201
:1019400005F17800A5F858401A72434B434A85F8D0
:1019500070701A608022424E424FC5E914434FF026
:101960000003C5E9004485F85A30C5E90244C5E9D9
:101970000444C5E90644C5E90844C5E90A44C5E983
:101980000C44C5E90E44C5E91044C5E91244C5E953
:101990001844C5E91A8867E0C85A002041000200CF
:1019A000D8CEFE709CDCFE7044DDFE70C4CEFE70AE
:1019B0000CDDFE70B0CEFE7064DCFE70D4DCFE7018
:1019C0009CCEFE7088CEFE702CDCFE70348C002025
:1019D00074CEFE7054CEFE708847032040CEFE7059
:1019E0002CCEFE700447032018CEFE707C8A0020A7
:1019F000648A002004CEFE70944A0320F0CDFE706D
:101A000050470320DCCDFE702C470320C8CDFE706C
:101A1000F4DBFE70B4CDFE70BCDBFE70A0CDFE70BA
:101A20008CCDFE7078CDFE7064CDFE7050CDFE7012
:101A3000904603203CCDFE7028CDFE70245003203C
:101A400014CDFE7000CDFE70ECCCFE70404E032035
:101A500040280020C07000203C4E0320205200206F
:101A600014780020B82600206C67C5F8F84010F004
:101A7000B0FCC5F80841A5F80C417A4B7A49C5E994
:101A800040447A4D2A681A60794B7A4A18469C601D
:101A9000C3E900440BF03EFB764A774904247748BB
:101AA0000BF038FB764B734AD3ED007A754BF8EEAA
:101AB000677A75497548C3ED007A0BF02BFB6D4AC8
:101AC000714973480BF026FB6A4A6F4971480BF065
:101AD00021FB2A68704B71491A602A68704B714863
:101AE0001A60714B2A681A6008F026FA614A6F4939
:101AF0006C480BF00FFB6E496E4808F01DFA5D4A0A
:101B00006A496C480BF006FB6B496C4808F014FA04
:101B1000584A664969480BF0FDFA6949694808F076
:101B20000BFA544A614967480BF0F4FA6649674872
:101B300008F002FA4F4A5D4964480BF0EBFA644939
:101B4000644808F0F9F94B4A584962480BF0E2FA48
:101B50006149624808F0F0F9464A54495F480BF081
:101B6000D9FA5F495F4808F0E7F9424A4F495D48B2
:101B70000BF0D0FA5C495D4808F0DEF93D4A4B496C
:101B80005A480BF0C7FA5A495A4808F0D5F9394A69
:101B9000464958480BF0BEFA5749584808F0CCF966
:101BA000344A424955480BF0B5FA5549554808F0B2
:101BB000C3F9304A3D4953480BF0ACFA52495348F7
:101BC00008F0BAF92B4A394950480BF0A3FA5049AA
:101BD000504808F0B1F9274A34494E480BF09AFAB8
:101BE00001214D4806F08BFE41214C4806F087FE4E
:101BF00020214B4806F083FE61214A4806F07FFE13
:101C00003046002104F0E8F8013C46F8147BF7D197
:101C10000424454B2A68013C43F8042BFAD12B6875
:101C2000424E301904F5A074F6F708F9B4F5346F94
:101C3000F7D1104A00203E490BF06CFA2A683D4B60
:101C400011491A603C480B4A0BF064FA2A683B4B76
:101C50003B491A603B48074A12B0BDE8F0410BF01F
:101C600059BA00BF004E032005290000145003207C
:101C70007C470320C85A0020AD340000F45D0020EA
:101C8000A05F0020D0460320551C0000B06100205A
:101C9000906000200C5D0020D84603203F3E0020CD
:101CA000CC460320C05B0020248C0020E11C0000F7
:101CB0005443002038630020ED42002034650020AA
:101CC000E24200202C5D00202C4300205C610020BB
:101CD000F84200205064002024430020E8620020E5
:101CE000D6420020E4610020154300209C620020C1
:101CF00001430020945E002010430020A45F0020D8
:101D0000374300201061002040430020D0630020B2
:101D10004B43002084630020806F0020CC6F0020A4
:101D20001870002064700020E0790020C88B0570D6
:101D3000E12A00001403202074570020CC790020F1
:101D4000D9340000945600207FB500F124030446E6
:101D50000E46154693E8070001AB83E807007201C1
:101D60001946206A01F009FA012806D12A4601A97C
:101D7000206A01F0B5F904B070BD0020FBE710B592
:101D8000044600F029FD002384F8313084F8333014
:101D900010BD38B50D46144600F124010022006A3A
:101DA00001F09EF920B143892B8003890120238013
:101DB00038BD38B50D46144600F124010022006AF2
:101DC00001F08EF920B1C3892B8083890120238003
:101DD00038BD38B50D4690F83110044651B9382257
:101DE00010F0F7FA40230120256284F8313084F89E
:101DF000330038BD0020FCE770B40C46254614F8CB
:101E0000011B2029FAD01B49156095602C780CB174
:101E10002F2C0BD12C4615F8011B2029FAD02F2985
:101E2000F8D01C60114670BC01F08AB83C2C05F15A
:101E3000010511D8212C05D8661E1E2E15D80020AC
:101E400070BC7047A4F12206F6B221FA06F6F60736
:101E5000F5D42E2CDAD008E05C2CF0D003D8A4F115
:101E60003E06012EEAE77C2CE9D0202C18BF9560B5
:101E7000CCE700BF012100052DE9F74F90F8333082
:101E8000044689461746DD0740F1A680580603D46C
:101E900094F8313019070BD5D4E90023D4E90410A4
:101EA000BD1843F10003A94270EB030300D28F1A5F
:101EB000B84638E094F83330A1695B0602D50131A9
:101EC000A16144E004F1180201F024F90028C0F2F5
:101ED00083803CD194F8313003F05003002B7BD049
:101EE000A7EB080003B0BDE8F08F002231460BF5E8
:101EF0000470019303F0A5F800286DD0019BC3F591
:101F00000075C1184846454528BF45462A4608F091
:101F100067FCA944A8EB0508D4E900325B1942F13B
:101F20000002C4E90032B8F1000FD9D0206AD4E928
:101F30000032D0F838541D4009D11343BAD194F877
:101F400031305A064CBFD0F83434E369A361D4F879
:101F500020B0C5F30803A6699BF84524023EDBF8D0
:101F60002C14964006EB55260E44002BBDD1B8F537
:101F7000007FBAD3DBF81C128E42B6D0B8F5806F62
:101F80000AD2DBF814024A46314603681B699847B7
:101F900010B34FF40075BCE701239340A3EB552524
:101FA0004FEA58239D4228BF1D468E420BD9DBF8CD
:101FB00014024A4631460368D3F814B02B46D8477A
:101FC00050B16D02A5E773199942F0D20BF5047078
:101FD00003F014F80028EAD194F832304FF0FF30C3
:101FE00043F0020384F832307CE7F7B501220DF1AB
:101FF000070104468569D0E90067FFF73DFF012826
:10200000A5610CBF9DF807004FF0FF30C4E90067E1
:1020100003B0F0BD2DE9F84F90F831C004461646E4
:102020001F46D0F81880BCF1000F5BD0D0E9001338
:10203000BB4208BF914206D056EA070206D10023F0
:10204000A361C4E900670120BDE8F88F1CF0080F08
:1020500004D0D0E90402B042BA4143D3D4F820E01E
:10206000751E9EF8452467F1000A0932D2B2C2F10A
:102070002009A2F12000D5400AFA09F92AFA00F055
:10208000A2F1200A45EA0905C2F12009054394F8A6
:10209000330010F0400F02D0E3692B44D0E711F178
:1020A000FF3B43F1FF302BFA02F200FA09F920FA64
:1020B0000AF042EA09020243954201D30B4315D1CB
:1020C0001CF0400F14BFDEF83434E369A361002D27
:1020D000B7D004F11802A169206A013D01F01AF895
:1020E0000028F4DC0020C4F81880ADE7AD1AEEE754
:1020F0002DE9F04F9A4690F831308DB004460E46E7
:102100001546002B44D191F8313003F05003002BD9
:102110003ED00AF00309B9F1030F39D009F10109E2
:102120000AF0080349EA0309002A38D017690F2387
:10213000002208460E37B7FBF3F702370023FFB241
:10214000FFF768FF4FF0000BD846202204A9304665
:10215000FFF792FE002800F0C480202818D19DF9D6
:1021600010109DF8102000291EDBBBF1000F05D1D7
:102170003168A1F120030193B36900930BF10101D0
:10218000C9B2BB4538BF8B465AB9002D40F0A98073
:102190004FF0000884F8318084F833806BE0032727
:1021A000D0E700208046D0E7B8F1000F28D1BB452A
:1021B00038BFC346852AF4D138224146204610F064
:1021C00008F99DF811209DF8141084F8302001F0D2
:1021D000370211F0100F42F0080008BF024601203C
:1021E00084F83120326A2262B26962623268203A2F
:1021F000A26296F83320C2F3801284F82C20D1E733
:10220000C02A50D19DF8112084F833909307DDE95E
:10221000060148BF49F04002C4E9040148BF84F800
:102220003320099ADDE90A01E261C4E9020135BB04
:102230001AF4006FACD11AF4884F03D194F83330FC
:10224000980718D594F83130D906A1D4DA079FD46D
:102250001AF4806F3CD094F833309B0798D5002255
:1022600000232046FFF7D6FE002891D0204600F03C
:1022700078FC00288CD040460DB0BDE8F08F2A686D
:102280004FF0000329696A609DF81320AB819142E9
:1022900087D1A88ABDF81420A0EB020CDCF1000065
:1022A00040EB0C007EE7C12A7FF47BAF2A4604A9ED
:1022B000204600F0CBFD00283FF474AFAA89002A25
:1022C0007FF470AFD5E9011291427FF46BAFAFE7B5
:1022D0001AF4804FCFD02046D4E90423FFF79AFEAA
:1022E000C7E71AF4007F3FF453AF19F0020F3FF431
:1022F0004FAF002D3FF44CAFBB4524D33822002113
:10230000204696F8338010F064F8336AC8F38018DA
:1023100007F1FF3A2362082384F82C804FF000086D
:1023200084F83130009B6362019BA3622B68A5F89F
:102330000C806B605FFA88F18F4226D8204600F04F
:102340004BFA804697E7202204A93046FFF794FD18
:1023500050B93046D6F8188000F05FFA00283FF4F4
:1023600017AFC6F81880C7E720287FF411AFBBF17C
:10237000000F05D13268A2F120030193B3690093E5
:102380000BF101035FFA83FBB6E701222046FFF75A
:10239000DBFC064600283FF4FBAE90F90030002B32
:1023A000FFF6F6AE2022002110F013F8B8F1000F6E
:1023B00020D185233370214B84F830A086F801A00A
:1023C0001B688BB10DF10B020DF10E0103A89847AC
:1023D000BDF80C307381BDF80E3033819DF80B30A1
:1023E000337508F10108A5E745F621437381F381B0
:1023F0007382F6E7B8F1010F0CD1C02386F8018093
:10240000337069F07F0384F833302B69F370AB8A43
:10241000B380E6E7C12306F11E0B3370AB893BB1F5
:10242000284602F049FE26F8020FB345F6D1D8E758
:10243000D5E901239A42F3D1D3E700BFFC7B00200A
:10244000F0B51E4697B0002305460C460192149342
:10245000ADF8143090F8313013B1002017B0F0BD52
:1024600091F8311001F050010029F6D011782F2990
:102470001CD1104612F8011B2F2908D003B101907E
:10248000246A31B921462846FFF7A3FCE6E7012379
:10249000EFE73822002108A80FF09BFF402310949B
:1024A00008AC8DF8513001238DF8533001AB02AAEE
:1024B00001992846FFF7A0FC0028CED0019B1B788D
:1024C000DBB1002302AA21462846FFF711FE0028AF
:1024D000C3D008AA2B4605F1300C144618680833FF
:1024E00053F8041C1746634503C73A46F6D11868EB
:1024F00038602846FFF743FCD8E7334602AA214656
:102500002846FFF7F5FDA9E719B101F58961FFF745
:1025100097BF08467047134630B490F831205AB937
:1025200091F8314004F0500434B10A6812F01F02EF
:1025300002D130BCFFF7DCBD002030BC704710B5C5
:1025400000230478CA03012B02EB5102C15C0A4448
:1025500091B204D1852C0CBF04230223F2E701338E
:10256000202BEFD1084610BD10B5044602F046FD01
:1025700058B104F5047002F041FD30B1D4F84004C4
:102580000368BDE810401B6A184710BDF8B5044643
:10259000006AA16901B10131012200F000FD0128AA
:1025A000054602D800263046F8BD01230146206AC0
:1025B0001A4600F044FD06460028F3D0A26994F8BC
:1025C00033302AB943F0400384F83330A561EAE799
:1025D000590611D44FF0FF322946206A00F0EDFD74
:1025E0000028DFD0A1690029F0D02A46206A00F037
:1025F000E4FD0028EAD1D5E70132AA42E6D023F073
:102600004003E16984F83330A3698B42E2D94F1C5F
:10261000206A3A4600F0D1FD0028C3D03946F3E7DE
:10262000F8B590F8333004469A0701D40020F8BD7D
:10263000C16971B90025E9B294F830308B4229D2D2
:102640000023206A84F8313084F83330FFF78CFFA0
:10265000EDE75B06006A1AD590F84534D4E9022507
:102660000933013ADBB245F1FF35C3F12007A3F18D
:102670002006DA40002305FA07F725FA06F63A4362
:102680003243013200F0DBFC0028D3D1CEE700F06A
:10269000B1FDF9E701222046FFF756FB0028C5D01F
:1026A0000378013503F07F030370C4E710B590F899
:1026B000313088B00446DB0602D4002008B010BDDB
:1026C00000220023FFF7A6FC202269462046FFF7E0
:1026D000D3FB48B12028F0D19DF900209DF80030AF
:1026E000002AEADB002BEFD10823204684F83130A2
:1026F00094F8333043F0020384F83330FFF790FF4F
:10270000DCE70000F7B5002704463E46F9B294F82E
:1027100030308B4214D2012204F12401206A00F0EF
:10272000DFFC20B14680206AFFF71EFF30B994F825
:102730003230002043F0010384F8323003B0F0BDA2
:1027400000222046FFF700FB05460028EFD0037863
:10275000C02B2AD0C12B21D0852BE8D194F8313061
:1027600003F0370383801B4B1B6883B10DF1030219
:102770000DF1060101A898479DF80330BDF8062029
:102780006B75BDF80430AA81EB812A826B82226AC4
:1027900092F8103243F0010382F810323146284695
:1027A000FFF7CDFE01370646B0E794F833204378B3
:1027B00052064CBF43F0020303F0FD034370D4E91B
:1027C0000423C0E90223E3694361D4E90223C0E999
:1027D0000623DCE7FC7B002010B590F8313004467E
:1027E0000BB9012010BD90F9332090F83330002A46
:1027F00007DA03F07F0380F83330BDE81040FFF7BD
:1028000081BF006AFFF7B0FE0028EAD194F83230A9
:1028100043F0010384F83230E4E7F8B590F8313042
:1028200004465A063FD5006A00F0A8FD236AD3F893
:102830003C341844B0F1806F45D22046FFF7A6FE25
:10284000002840D0236A0026A569012793F8452473
:10285000023DD3F82C3495401D44206A90F845344D
:1028600007FA03F39E4220D394F831305B0615D467
:1028700094F8333063F07F0384F83330D0F83C248D
:10288000D4E902319B1841F10001C4E90231D4E9D5
:1028900004319B1841F10001C4E904312046BDE830
:1028A000F840FFF799BF8068C0E70522711900F56D
:1028B000047002F0C6FB30B14FF400720021013603
:1028C0000FF087FDC9E70020F8BD91F8313003F023
:1028D000500310B50446D3B140F60223FFF708FCBD
:1028E000A8B11023204684F83130FFF796FF70B16D
:1028F000A36920460022E3610023FFF78BFBC1237D
:10290000204684F83330BDE81040FFF765BF002053
:1029100010BDF0B51F4697B0002305460C46019246
:10292000ADF81430149390F8313013B1002017B083
:10293000F0BD91F8313003F05003002BF6D013783E
:102940002F2B09D113782F2B2CD0216A08A8FFF741
:1029500040FA0028EAD008AC01AB02AA0199284647
:10296000FFF74AFA0028E1D0019B1B783BB3002314
:1029700002AA21462846FFF7BBFBB0B108AA2B46A6
:1029800005F1300C14461868083353F8041C164639
:10299000634503C63246F6D1186830602846FFF713
:1029A000EEF9D9E701320192CCE7002FBED002AA9E
:1029B00021462846FFF789FF0028DFD1B6E702AAA3
:1029C00021462846FFF781FFB1E770B500239CB090
:1029D00004460C931A9390F8313003F0180313B99E
:1029E00000201CB070BD006A0B6A9842F8D140F616
:1029F00001236846FFF724FD0028F1D023460EAAE4
:102A000004F130061868083353F8041C1546B34225
:102A100003C52A46F6D1186809AA04F124032860E0
:102A200007CA83E807009DF83030204684F830302C
:102A300094F8333063F07F0384F83330FFF7CCFE33
:102A40000028CDD000230EA8159302238DF86B30FB
:102A500008238DF86930FFF7E3FDC2E72DE9F84F51
:102A60001F4690F83130054689461B079DF82860BF
:102A70009DF82CA09DF830B09DF8344002D4002081
:102A8000BDE8F88FA2F2BC721FFA82F8B8F17F0F8E
:102A9000F5D87B1E0B2BF2D8731E1E2BEFD8BAF184
:102AA000170FECD8BBF13B0FE9D83B2CE7D8FFF769
:102AB00093FE0028E3D046EA4716670814F00104A5
:102AC00046EA482647EA4B1718BF642447EACA2754
:102AD0004FF0000AD0465FFA8AF195F830308B4209
:102AE0000DD2012205F12401286A00F0F9FA00282C
:102AF000C5D0A0F80280286AFFF736FDC0E70022A3
:102B00002846FFF721F90028B9D00378852B0AD091
:102B10004033DBB2012BB2D841460AF1010AFFF77C
:102B20000EFD8046D7E795F8313019F0010F2A6A7B
:102B300003F03703838092F8103243F0010382F8E8
:102B400010321CBF0782468219F0020F1EBF0475A7
:102B50000781468119F0040F1EBF44758781C68125
:102B6000DAE7F7B590F833200446930702D4002043
:102B700003B0F0BDC369002B56D012F0400281694A
:102B800037D0006A90F84554D4E902260935013A55
:102B9000EDB246F1FF36C5F1200CA5F12007EA4061
:102BA00006FA0CFC26FA07F742EA0C023A43013215
:102BB000A9B1013B4D1C5B1A01951A4492B92046FC
:102BC000D4E90023C4E90223C4E9042394F8333090
:102BD00063F07F0384F83330FFF7FEFDC8E701930D
:102BE000E161EBE70023019900F029FA0028E6D122
:102BF000BDE7B1B1019201AA006A00F08BFA00288A
:102C0000B5DB07D04FF0FF32A169206A00F0D5FA9A
:102C10000028ACD001990029D1D0206A00F0EAFA4E
:102C2000E4E70193C161F5E70120A1E72DE9F74F42
:102C300090F833300E460446174699071FD51A07F9
:102C400017D43D464FF0010AD4E90032FDB9D4E96A
:102C500002019842914180F0F180C4E9023294F877
:102C6000333063F07F0384F83330384603B0BDE877
:102C7000F08FD0E90423FFF7CDF90028E1D194F8D3
:102C80003230002043F0010384F83230EEE7206A4E
:102C9000D0F8382412EA030927D1A16900295BD0B2
:102CA00094F833305B064FD590F845E4D4E902320E
:102CB0000EF1090E013B5FFA8EFE42F1FF32CEF1BA
:102CC000200CAEF1200023FA0EF302FA0CFC22FADB
:102CD00000F0E26943EA0C03034313448B4230D80B
:102CE0002046FFF753FC0028C9D0D4F820C0C9F310
:102CF0000808A1699CF845340239DCF82C24994075
:102D000001EB59211144B8F1000F3BD1B5F5007F1B
:102D10002ED3B5F5806FDCF814026DD2DCF81C32CE
:102D20003246994202BF4FF0FF338CF81082CCF844
:102D30001C3203685B6A98470028A0D04FF40079E2
:102D40003EE00131A161D0E704F1180200F0E2F9A0
:102D5000002894DBC4D0C8E7E3693BB92046FFF7FD
:102D600015FC00288BD0A369E361BEE7A361BCE733
:102D7000636920680193236962689842019B72EB42
:102D8000030337D201220CF5047002F05AF900282F
:102D90003FF475AFC8F5007940443146A94528BFD6
:102DA000A946C8444A4607F01BFDB8F5007F07D185
:102DB000206A00F5047002F021F900283FF45FAFAB
:102DC0004E44A5EB0905D4E90032D4E9040119EB1E
:102DD000030342F10002984291413CBF94F8331042
:102DE00061F07F01C4E900323CBF84F83310C4E9CC
:102DF000043229E70522C6E70AFA03F3A3EB5929AF
:102E00006B0A994528BF9946DCF81C32994209D8CB
:102E100009EB010293423EBF4FF0FF338CF8108262
:102E2000CCF81C3203683246D3F828804B46C047A2
:102E300000283FF424AF4FEA4929C1E7024B1B6841
:102E4000002B7FF40CAF10E7FC7B00202DE9F04154
:102E500016460D4601F11E07B38935F8024F43B9F6
:102E6000D6E901239A4204D1B4FA84F04009BDE8BE
:102E7000F081304602F020F902F0D0F98046204679
:102E800002F0CCF9804503D1BD42E5D10120EEE747
:102E90000020ECE72DE9F84F90F831308246894662
:102EA000002B46D002F1FF380C460227002588444B
:102EB0009AF83030BB4231D3002239465046FEF7F3
:102EC00043FFB0B30378C12B33D1064600F11E0B8C
:102ED0001A4B36F8020FCDB100F5105292B2B2F58E
:102EE000806F26D203EA8525C0F30900284300F548
:102EF00080302146424602F003F90446C8B100255D
:102F00000E4B5E45E5D10137FFB2D1E700F5205207
:102F100092B2B2F5006F07D30028EAD10023A4EBE8
:102F200009002370BDE8F88FB2F5806F01D2054625
:102F3000E7E7002089F80000F4E700BF00FC0F007D
:102F400000200B6870B50C4605464FF6FF764B60C7
:102F50008881A3892061DBB9D4E901239A4217D182
:102F60000138A582FE288CBF0020012070BD02F030
:102F700055F9EB0303EB550353FA80F3C3F34E0506
:102F800005EBC33505EB10252069ADB20130E0E754
:102F9000204602F091F8B042E9D10020E6E72DE9A1
:102FA000F84F80468A469346C1B18C1ED8F830341B
:102FB0000125A34298BF002404F00703C4F3C80905
:102FC000274626469D40D8F82C140022404601EBA7
:102FD000163102F036F8C0B9BDE8F88FD0F82044B9
:102FE000E4E73746B44228D0D8F83024B2421FD99B
:102FF0006D0015F0FF050AD109F1010301254FF01D
:103000000009B3F5007FDED2994610F809302B4253
:1030100006F10106E5D1F21B5A45E3D1BAF1000FE2
:1030200004D1BBF1010F08BFC8F82074B81CD3E766
:1030300000274FF400793E46DEE70120CCE72DE97A
:10304000F0478D1E1646D0F830140746AA18984649
:103050008A4240D8D0F82034B8F1000F36D09D42D3
:1030600006D89A4204D98A4228BF0022C0F82024F8
:1030700005F007034FF0010A0AFA03FAD7F82C34D7
:1030800003EB1539C5F3C80501224946384601F05E
:10309000D8FF00B3431909F1010900F50070544647
:1030A0001A78224214BF01210021414513D0624009
:1030B000013E1A7012D0640014F0FF04F0D1013305
:1030C000254601249842A246EAD1DDE79D4238BF59
:1030D000C0F82054CCE70020BDE8F0870120FBE7D2
:1030E00038B5D0F838340C46496800F5047090F8CB
:1030F000355219402368023BAB4003EB5123D0F813
:103100001C12194401F09DFF18B16368C3F3080352
:10311000184438BD38B5D0F830340C461546013364
:103120008B4202D24FF0FF3038BDD0F82414002279
:1031300000F5047001EBD41101F083FF0028F1D0F9
:10314000A400C4F3080403595A1C16BF0120002030
:103150002B60E9E737B505460024019101AA0199E2
:103160002846FFF7D7FF431C05D001340028F5D1CE
:10317000204603B030BD0024FAE770B54B68064620
:10318000D0F838440D461C4013444B60144490F86A
:1031900045340933DBB2DC400CB901200CE02B7A5A
:1031A00029681BB101312960013CF5E72A46304608
:1031B000FFF7B0FF0128F7D070BD012938B50C46E4
:1031C000154601D8002038BDD0F8303401338B4289
:1031D000F8D3D0F82414012200F5047001EBD411C7
:1031E00001F02FFF0028EDD0A400C4F3080405511E
:1031F0000120E8E7F7B506460C46254601AA214618
:103200003046FFF787FF431C074602D1002003B07A
:10321000F0BD002221463046FFF7CFFF0028F5D051
:10322000013417B1019BA342E8D00023621B294659
:103230003046FFF704FF0028E8D0002FE7D0019CBC
:10324000DBE72DE9F04100240746D0F82C64254641
:103250000022314607F5047001F0F3FE78B1013623
:10326000D7F830C4013805F5805E10F8011FFF293A
:1032700007D108340835AC450FD8ACEB0400BDE8E5
:10328000F0810029F6D00823012211424FEA4202C0
:1032900018BF0134013BF8D1ECE77545E5D1D7E71C
:1032A000F8B54FF0FF33164600F504770022C0F85A
:1032B000401404464160C0F81412114680F84424BA
:1032C0000270C36080F81022C0F81C32384601F04A
:1032D000B8FE042E054601D90020F8BD0028FBD019
:1032E000A6B1013E00EB061696F8BE2112F07F0251
:1032F000F2D196F8C231002BEED0D6F8C66138462E
:10330000314601F09EFE05460028E5D01A49052207
:10331000E81C0FF093F801460028DDD195F86C30D9
:10332000092BD9D12B6D3344C4F824346B6DC4F808
:103330002834AB6D3344C4F82C34EB6DC4F830340E
:103340002B6EC4F8343495F86D300125C4F8200490
:10335000204684F8453409332A4605FA03F3C4F8B5
:103360003C34013BC4F83834FFF719FE40232846AB
:1033700084F84434B1E700BF5B43002010B5044635
:10338000D0F83414FFF7E6FE94F845340933DBB285
:10339000984010BD10B50446283001F02FFE50B102
:1033A00004F50E7001F02AFE28B120680368BDE81C
:1033B00010401B6A184710BD024638B552F8105F1E
:1033C00004468068294601F0C2FB40B1A3783DB9AC
:1033D00043F04003A370A37863F07F03A37038BD6C
:1033E00001352269AA42F6D023F04003F2E700003B
:1033F000F8B50478054614F0200402D000263046C3
:10340000F8BD4269154B9A42F8D2FFF7D5FF064640
:103410000028F3D0AA682B699179023B57698B4049
:103420001F44A868E1B203798B4208D882794FF42F
:10343000007393406A6912FA83F36B61DFE7052238
:103440003944283001F0FDFD0028D7D04FF4007238
:10345000002101340EF0BDFFE3E700BF00FE1F00B6
:1034600010B5044680680A462830A16901F0E9FDDC
:1034700020B1A38803F00F0300EB431010BD38B553
:103480000D460178044609B1002038BD24220EF013
:10349000A0FFA560EB79102B03D0202B06D00C2BBE
:1034A000F2D1202301202370A070EEE74023F9E73A
:1034B00038B5CB6804460D4623B98968BDE8384065
:1034C000FFF7DDBF2322002101300EF082FF102321
:1034D00001202370A070AB68A360EB68236238BD45
:1034E0002DE9F84F8378044689461746DE0740F1F8
:1034F000AC8003781D072FD5C36942699B1A9F4290
:1035000028BF1F46B8464FF0000AB8F1000F5DD043
:10351000227863699106D4F808B0C3F3080624D56D
:10352000DBF8205005EB5325002E53D1B8F5007F72
:1035300050D3DBF834309D424CD0B8F5806F61D267
:10354000DBF82C004A46294603681B699847002887
:103550007BD04FF400754EE09806D3D5A3685A8906
:10356000A38AC3EB42139BB2C9E79BF805A00AEA02
:10357000532A4EB9BAF1000F06D18BB953064CBF8E
:10358000DBF82030236A2361D4F808B025699BF862
:103590000630023D9D40DBF814301D445544C3E71E
:1035A0001507216905D5A378580602D50131216197
:1035B000EAE704F11002584601F004FA002844DB5F
:1035C000E2D1237803F07003002B3ED0A7EB080074
:1035D000BDE8F88F002229460BF1280001F031FDEB
:1035E00098B3C6F5007581194846454528BF45463C
:1035F0002A4607F0F5F86369A944A8EB05082B44AF
:10360000636182E722784FEA5826920606D49BF837
:103610000420A2EB0A02964228BF16469D420BD90F
:10362000DBF82C004A4629460368D3F814B0334629
:10363000D84750B17502DEE7AA199342F0D20BF1D8
:10364000280001F0DBFC0028EAD163784FF0FF305E
:1036500043F002036370BBE773B501220DF107016C
:103660000446D0E90456FFF73BFF01280CBF9DF844
:1036700007004FF0FF30C4E9045602B070BD37B503
:103680004569044615F4F07F00D0A1B901220DF17F
:1036900007012046FFF724FF40B2012802D0002096
:1036A00003B030BD63691F33A06805F4F075636132
:1036B00038302844F4E705F12003F5E72DE9F0411F
:1036C0000E4601780446076989B14069B04206D0C8
:1036D00046B92661A378666123F02003A370012018
:1036E000BDE8F0810B0705D5E369B3420AD200209B
:1036F0002761F5E78D0605D5A3685B89B6EB431F07
:10370000F5D8E7E7D4F808C0751EA2789CF8063013
:10371000520603F10903DBB225FA03F503D5236A48
:103720002B442361D6E7421E22FA03F39D4200D3C5
:1037300088B94B064CBFDCF82030236A2361002D8A
:10374000C8D004F110022169A068013D01F03AF9E6
:103750000028F4DCCBE7ED1AF1E710B50378044656
:10376000DA0609D50021FFF7A9FF01212046FFF75E
:1037700086FF18B963785BB1002010BD03783BB1B8
:10378000E52BF2D02E2BF0D0C37A1B07EDD4F3E754
:10379000082320462370A37843F00203A370BDE8FA
:1037A000104000F0ADBFF8B50F46164600212422A8
:1037B00004461D460EF00DFEB868A68006F00F0602
:1037C00000F138023B6AA06002EB4612E360D17A56
:1037D0000E073CD401F017012170D37A03F01803CF
:1037E00013B941F0080121709DF81830E37005F01D
:1037F0000303012B23D0022B23D043BB6B0526D41C
:1038000001218F07A17004D52378DE061FD4DF07BE
:103810001DD405F008036E0541EA0301A170436B56
:10382000518BA361938A41EA034114D559B9A37816
:1038300063F07F03A3706B0411D40120F8BD022153
:10384000DFE70321DDE701F0C2F90028EFD1002016
:103850002070A070F2E72162D369E361EBE7E169D0
:103860002046FFF72BFF0028E7D1F0E72DE9F743CB
:10387000037807460D469146A3BB0B7803F070030F
:1038800083B34C6914F01F042CD12646002128462E
:10389000D5F81480FFF7F3FE20B3017811B32E2979
:1038A00011D0E5290FD0C27A12F008031CD164B9F7
:1038B0004B46C8F34F12294638460094FFF773FF72
:1038C00003B0BDE8F0830024E0E7421E0A30D901CE
:1038D00001EB530112F8013F19448242CBB2F6D1F9
:1038E0009E42E5D00020EBE70F2AECD14B06CDD568
:1038F00001F01F04467BC9E737B50378044613B9C6
:10390000012003B030BD90F90230002B2ADA0121EA
:10391000FFF7A6FD054628B96378002043F00103B0
:103920006370EEE70378E52BF6D023781B0744BFDE
:10393000E369C361236A43831B0C83820C4B1B68BE
:1039400063B10DF103020DF1060101A89847BDF81E
:1039500004302B836B82BDF80630EB82A37803F032
:103960007F03A370A068FFF715FD0028D4D0C7E738
:10397000FC7B002010B50446FFF7BEFF0023237038
:10398000A37010BDF0B51F4695B0002306460C4647
:1039900001920293ADF83830037813B1002015B0CE
:1039A000F0BD0B7803F07003002BF7D013782F2BAA
:1039B00011D113782F2B05D0A16833B93046FFF70A
:1039C0005EFDECE701320192F3E702A8FFF757FD35
:1039D0000028E3D002AC01AB0BAA0199304600F0FD
:1039E0003BFE0028DAD0019B1B789BB100230BAA79
:1039F0002146304600F0F8FC0028CFD0354602AC16
:103A00000FCD0FC40FCD0FC42B6830462360FFF7D6
:103A1000B1FFDFE73B460BAA2146304600F0E4FC4D
:103A2000BDE719B101F58961FFF7ACBF08467047E2
:103A300070B506460D46FFF75FFF044610B9002437
:103A4000204670BD00213046FFF70AFD0028F6D061
:103A5000294600F1200350F8042B984241F8042B2A
:103A6000F9D1EDE730B589B00D4614466946FFF748
:103A7000DFFF28B1BDF810302B80BDF80E30238059
:103A800009B030BD30B589B00D4614466946FFF720
:103A9000CFFF28B1BDF818302B80BDF81630238039
:103AA00009B030BDF0B50B7889B004460E4603F07E
:103AB000700313B9002009B0F0BD40F6022300F0F6
:103AC00093FC0028F6D0012710252046A77025700A
:103AD000FFF78EFC0028EDD02369002120462362E9
:103AE000FFF7ECFD2046FFF707FF0028E2D039463C
:103AF0002046FFF7B5FC0028DCD0C57203466A46B5
:103B000000F1200C6D461868083353F8041C174662
:103B1000634503C73A46F6D14FF02033A068216AC7
:103B20000122CDF801302830CDF805300239ADF84A
:103B3000093010F8223C994050F8143C194401F027
:103B400080FA03460028B5D02E22AC4607468DF8F1
:103B500000206246083703CA47F8041C08A947F842
:103B6000080C94468A42F4D12E2220338DF801208D
:103B7000326A110CADF81A202A46ADF81410154619
:103B8000083303CD43F8041C08A943F8080C2A465F
:103B90008D42F4D1A068FFF7FDFB8CE7F0B51F461E
:103BA00095B0002306460C460192ADF814300B93F5
:103BB000037813B1002015B0F0BD0B7803F070034B
:103BC000002BF7D013782F2B09D113782F2B24D06B
:103BD000A1680BA8FFF753FC0028EBD00BAC01AB9E
:103BE00002AA0199304600F037FD0028E2D0019B7F
:103BF0001B78FBB1002302AA2146304600F0F4FBFB
:103C000070B135460BAC0FCD0FC40FCD0FC42B6870
:103C100030462360FFF7AEFEE0E701320192D4E7C1
:103C2000002FC7D002AA21463046FFF73BFF0028ED
:103C3000E7D1BFE702AA21463046FFF733FFBAE7D4
:103C40002DE9F04303789BB04FF00009044603F0E0
:103C500018030F469046CDF82090CDF844901BB93C
:103C600000201BB0BDE8F08382688B689A42F7D1D0
:103C70002646FFF741FE11AD0FCE0FC50FCE0FC583
:103C80003368494620462B60FFF7EAFB02460028CE
:103C9000E6D003466E4600F1200E6D4618680833E4
:103CA00053F8041CB4467345ACE803006646F5D1EE
:103CB000237808AE92F80B9013F008030AD040F670
:103CC0000123424639463046FFF75CFE0028C7D044
:103CD000002707E0424639463046FFF75FFF0028DD
:103CE000BED0109F0E9B01212046A361BDF8243059
:103CF000A3809DF82330E3700B9BE36000238DF8D5
:103D000020308DF82230FFF7ABFB0028A8D00DF152
:103D10000D0300F10D020DF11D0153F804CB8B4290
:103D200042F804CBF9D1198811809B78937080F800
:103D30000B90002F3ED0A068BB1E8279283050F82F
:103D4000141C93400022194401F07BF9002887D00D
:103D500000F12002AE4600F140031068083252F82C
:103D6000041CF4469A42ACE80300E646F5D1394615
:103D7000A06800F02CFF00283FF472AFA068012279
:103D8000216A837928300239994050F8143C19444B
:103D900001F057F900283FF463AF2A4600F12003F1
:103DA0001546083303CDB54243F8080C43F8041C0C
:103DB0002A46F5D1002311A8199302238DF8463025
:103DC00008238DF8443000F09BFC00283FF448AFF6
:103DD000A068FFF7DFFA44E72DE9F84F9B46037828
:103DE00006460F461B079DF828409DF82C809DF83D
:103DF00030909DF8345002D40020BDE8F88FA2F234
:103E0000BC721FFA82FABAF17F0FF5D80BF1FF33BB
:103E10000B2BF1D8631E1E2BEED8B8F1170FEBD881
:103E2000B9F13B0FE8D83B2DE6D8FFF765FD002838
:103E3000E2D001213046FFF713FB0028DCD044EA32
:103E40004B13F9074FEA550243EA4A2342EA491263
:103E500048BF4382BC0742EAC82206D515F00105D7
:103E60000382C28118BF64254573790744BF038369
:103E7000C282B068FFF78EFABFE713B583780446B5
:103E80009B0702D4002002B010BD036A3BB3016956
:103E9000E1B1002301AA8068019300F093FD00289E
:103EA000F0DB07D06FF070422169A06800F0E9FDF7
:103EB0000028E7D0019961B963692046E361A378DE
:103EC00063F07F03A370FFF717FDDCE70193016246
:103ED000F0E7A06800F07BFE0028EDD1D2E70120DA
:103EE000D1E700002DE9F84F83780446894617464C
:103EF0009D071AD5190713D46369DB1915D2B84683
:103F00006369B8F1000F16D1E2699A4280F0AF8080
:103F1000E361A37863F07F03A3703846BDE8F88FB0
:103F2000C169FFF7CBFB0028E6D16378002043F09E
:103F300001036370F2E7A068C3F3080690F805B0C8
:103F40001BEA532B0BD156B92169002936D0A27830
:103F5000520626D5E2699A4223D901312161A3682C
:103F600021699A79023991405A6911445944002EC5
:103F70005BD1B8F5007F2DD3B8F5806FD86A58D2E1
:103F80005A6B914202BF4FF0FF3283F828605A63A8
:103F90004A4603685B6A98470028C6D04FF400750C
:103FA0003CE004F1100200F00DFD0028BDDBD6D18D
:103FB0002046FFF701FA0028D1D1B6E7236A3BB9C2
:103FC0002046FFF7F9F90028AFD023692362C6E73E
:103FD0002361C4E76069E269904228D2A27812F0B6
:103FE000200F14BF0522012203F1280001F029F857
:103FF00000289AD0C6F5007530444946454528BF8B
:1040000045462E442A4606F0EBFBB6F5007F05D167
:10401000A068283000F0F2FF002886D06369A94428
:10402000A8EB05082B4463616AE70122DCE705225F
:10403000DAE71D794FEA5822A5EB0B05954228BF18
:1040400015465A6B914208D801EB050C62453EBFFC
:104050004FF0FF3283F828605A6303684A469E6A2D
:104060002B46B04700283FF460AF6D02D6E7034B04
:104070001B68002B7FF44DAF4FE700BFFC7B002097
:10408000411E00F10A020020C30103EB500311F8A6
:10409000010F03449142D8B2F6D1704710B54901DF
:1040A0000446FFF70BFB28B120460021BDE8104075
:1040B000FFF7E5BA10BD2DE9F04F05468DB0164665
:1040C00007468946984603AC0FCD0FC40FCD0FC4E9
:1040D0002B6823600124336873600023B381444557
:1040E00001D9012008E0A9EB040103A889B2FFF778
:1040F000D5FF054618B900200DB0BDE8F08F4FF090
:10410000000B5FFA8BF22946384600F054FBB28967
:1041100082463AB9D6E90112914203D1B0FA80F051
:104120004009E9E7304600F0C7FF0190504601F032
:1041300075F88246019801F071F88245DBD10BF1E8
:10414000010BBBF10D0FDCD10134E4B2C7E72DE95F
:10415000F04F04468DB0164689461F4603AD4FF01A
:104160000F080FCC0FC50FCC0FC5236806F1160042
:1041700001242B60FFF784FF0025336882467360BB
:10418000B581BC4203D901200DB0BDE8F08FA9EB89
:10419000040103A889B2FFF781FF0028F4D0059A33
:1041A000BC424FF0000100F1010B92F8283043F0BF
:1041B000010382F828300CBF44F04003234680F806
:1041C0000B800173037080F80DA04183B089A0B902
:1041D000D6E901239A4210D1ADB101354FF6FF70F7
:1041E000EDB2042911D8ABF8000001310BF1020B3C
:1041F0000D29EBD10134E4B2C3E73046019100F060
:104200005BFF0199EDE70125EBE70A2994BFABF8C5
:104210000300ABF80500E8E702464FF02031D0F884
:1042200008C052F8163B2DE9F047C0F8161051604F
:10423000C2F807101A782E3A18BF01221F4613F849
:10424000011B2E29FAD00CF1FF33BB42984603D94B
:1042500013F801192E29F8D100214FF0070E4FF065
:1042600008090E460C4644E03B782E2B04D1B84595
:1042700058D05F2300220DE0222BFAD07C2BF8D0FF
:10428000A3F15B05022DF4D9A3F12A05052D04D86D
:104290002D2BEED1764510D822E0A3F13A05052D5D
:1042A000E7D9A3F121055D2D05D903F0C003802BCB
:1042B000DFD100221CE0764509D9BEF10A0F37D0C4
:1042C000B84535D308F1FF374FF0070EF1E7A3F1FA
:1042D0006105192D1CD8203B49EA0101DBB2C9B2A6
:1042E000751C0644EDB2B375062D2E4698BF0575B4
:1042F00001376745B8D3837D202B24D0D2B10C4041
:10430000E4B2002C18BF022141750120BDE8F087FE
:1043100049EA0405A3F1410AEDB2BAF1190F98BFB9
:104320002C46DDE74FF00A0E08264FF01009DFE7B4
:104330000022E0E701237E224375037D03449A7542
:104340003122DA75E1E70020E0E700002DE9F047CF
:1043500007460E460D7D62244FF0000ADFF8848088
:10436000D8F80030032D06F11B024FF0040153442E
:1043700028BF03251FFA83FA2A440AF00F030139E4
:104380004FEA1A1A092B94BF3033373311F0FF016B
:1043900002F8013DF1D173197E2238469A75FFF774
:1043A0008DF901213846FFF76AF9014628B9787876
:1043B000B0FA80F04009BDE8F08703787BB1C37A9A
:1043C0001B07EED40B2206F116000DF0D9FF0028D2
:1043D000E7D1601E10F0FF04C2D12046EBE70120B8
:1043E000E9E700BF145003202DE9F04F8DB00D46D2
:1043F000904604930B78089003F070031BB90020DB
:104400000DB0BDE8F08F089B1B78002BF7D18B68AF
:104410004FF0000A00210693D14613690D2254463D
:10442000D3460C33B3FBF2F3DBB2079398F81530A5
:104430009807284617BF079B01235F1CFBB257460E
:104440000393FFF73BF908F11603CDF814A0099385
:104450006E6900212846C6F34F16FFF710F90028B1
:1044600061D16B78002BCAD1049B9A05C7D503F0A4
:104470000303013B012BC2D8059B002C18BF1E462D
:10448000039BA34200F2BC80BBF1000F40F0D4803C
:10449000039B424628465F1E5FFA87FB56FA87F762
:1044A000BEB25B463146FFF752FE0028A7D0314628
:1044B0002846FFF7F3FD04460028A0D02022002163
:1044C0000DF087FFD8F816302360D8F81A306360F3
:1044D000B8F81E30238198F82030A37298F8153070
:1044E00003F0180323735B4B1B68002B00F0AC80B8
:1044F0000DF12B020DF12E010BA89847BDF82C30C1
:104500002382BDF82E30E3819DF82B306373069B28
:10451000069A93F8283043F0010382F8283066E0C9
:104520004FF0010B94E70278E52A00D072B9059BA1
:104530000399002C08BF33460593631CDBB2A142EC
:1045400088BF1C46002A8FD0002781E7039BA34227
:1045500088BF00242E2AF7D090F80BC0BCF10F0FB3
:1045600026D1DFB902F01F09079B4B457FF470AFDE
:1045700012F040073FF46CAF90F80DA01F46B9F160
:10458000010F7FF465AF711C3B464246284689B255
:10459000FFF791FD002808BF002759E709F1FF390F
:1045A0005FFA89F94A45CFD1427B5245E7D0CBE744
:1045B0001CF0080FC8D157B1B9F1010F7FF41FAF3C
:1045C000FFF75EFD50457FF41AAFBB460BE00B22B0
:1045D00009990DF0D5FE00287FF43AAF98F815B090
:1045E0001BF0010B9CD1049B19053FF508AF049B00
:1045F000324629460898CDF800B0FFF7D4F8FFE618
:1046000000212846FFF73BF898B96B78002B7FF420
:10461000F6AE039BA3427FF637AF2846FEF7E8FECF
:1046200000283FF4ECAE069B1B7904EB0313DCB2CD
:10463000EFE70134E4B223E741462846FFF786FE60
:1046400000287FF425AFDAE645F621432382238351
:1046500063825CE7FC7B0020F7B515461F460846E1
:1046600011F8013B202BFAD00024244E2860037857
:10467000A3BB2B69013BFE2B18D8024610F8013B67
:10468000202BFAD02F2BF8D028463A6003B0BDE893
:10469000F040FFF7C1BD7F2B04F101042BD8DAB243
:1046A0003C2A0ED8212A04D81F2A14D8002003B08F
:1046B000F0BD223AD2B226FA02F2D207F6D42E2B5D
:1046C0000AE05C2AF2D003D83E3A012A13D8EDE77B
:1046D0007C2A10D1EAE7202BC9D00CE02F2BC8D0C0
:1046E00001AA011D00F056FD0028DFD0019BB3F5A3
:1046F000803FD0D302342C61A860B8E701210005C7
:104700002DE9F04100238AB00446019383789A078B
:1047100003D400200AB0BDE8F081016A002944D129
:1047200001212046FEF79CFE05460028F1D0FFF748
:10473000A7FCE526002307462E702370A068A3700F
:10474000FEF728FE0028E4D0E378002BE2D02146D3
:1047500001A8FEF7ADFE0028DBD001255FFA85F841
:10476000E3784345D5D3A18801A8491B89B2FFF757
:1047700095FC0028CDD0C37A0F2BCAD1027802F065
:104780001F034345C5D1437BBB42C2D106700135EF
:10479000A16891F8283043F0010381F828305306CE
:1047A000DCD5A068FEF7F6FDB4E7806800F00FFAEC
:1047B0000028B5D1ADE7042A04D801EB4201B1F8D5
:1047C000010070470A2A03D801EB4201888870472C
:1047D0000C2A9ABF01EB4201C888002070472DE9DE
:1047E000F04104780D469046CCB314F0600408D034
:1047F000012A34D92F2301200B7000234B70BDE810
:10480000F0812146FEF72CFE48B3064621460822D9
:10481000082933780AD1202B1DD010222E232746B9
:10482000013444451BD2E4B2EB5511E0A3F141073A
:104830000136FFB2192F09D803F1200790F80CC0F8
:10484000FFB212EA0C0F18BF3B46E8E7202BE6D177
:1048500001310C29DCD1002320462B55CFE7002065
:104860002870CCE72DE9F04F00258DB0037806467F
:1048700088461746039563B1C37823B9FFF7AFFFA6
:104880000DB0BDE8F08F014603A8FEF711FE002829
:1048900054D1002088F80000F2E7B18803A8A1EB0A
:1048A000090189B2FFF7FAFB07460028F1D0C27A66
:1048B0000F2AEED1027802F01F025245E9D14FF0E3
:1048C000000ADFF888B05FFA8AF239463046FFF70F
:1048D00072FF0DB300F5105292B2B2F5806FD8D2CC
:1048E000C0F309000BEA8525054305F58030214614
:1048F000019A00F005FC04460028CAD000250AF100
:10490000010ABAF10D0FDED109F101095FFA89FA46
:10491000F3785345C1D207E000F5205292B2B2F5C8
:10492000006F06D30028E2D10023A4EB0800237017
:10493000A6E7B2F5806FACD20546E0E7013F4446FA
:104940004FF0010908EB07030193DFE700FC0F00BC
:10495000FFF788BF1368B3F5807F30B51C4628BFCA
:104960004FF4807401EB4405A94202D31B1B136072
:1049700030BD31F8020B0028F6D15068013050608C
:10498000F2E71368802B30B51C4628BF802401EB6A
:104990008405A94202D31B1B136030BD51F8040BE0
:1049A0000028F6D1506801305060F2E710B442F0B0
:1049B0000203047A00F50E70022C08BF1A4610BCE0
:1049C00000F03FBB01292DE9F04107460C46164691
:1049D00003D84FF0FF30BDE8F081C3698B42F8D3B4
:1049E000C379202B12D18169002201EBD411FFF78A
:1049F000DDFF0028EDD0A40004F4FE740359FA6929
:104A0000934296BF012000203360E4E7102B0DD1C4
:104A1000C1F30721836900221944FFF7C7FF00286B
:104A2000D7D0640004F4FF74035BE8E70C2BD0D10B
:104A3000C1F34E088369002218FA81F81FFA88F53D
:104A4000C8F3462898444146FFF7B0FF0028C0D07D
:104A5000C5F30803C55C0133B3F5007F08D100221C
:104A600008F101013846FFF7A1FF0028B1D000236B
:104A7000C35CE20745EA03234CBF1B09C3F30B03E6
:104A8000BDE701292DE9F04180460C46174602D8C2
:104A90000020BDE8F081C3698B42F9D3C379202B94
:104AA0000DD18169012201EBD411FFF77FFF0028AE
:104AB000EED0A40004F4FE7407510120E9E7102BA6
:104AC0000DD1C1F30721836901221944FFF76EFF5D
:104AD0000028DDD0640004F4FF740753EDE70C2BCD
:104AE000D6D1C1F34E068369012216FA81F6B5B21A
:104AF000C6F346261E443146FFF758FF0028C7D0AC
:104B000014F00104C5F308033A4618BFC15C00EB7A
:104B1000030503F101031CBF01F00F0141EA071275
:104B2000B3F5007F2A7007D101224046B118FFF784
:104B30003DFF0028ACD00023C7F30712C11824B9E9
:104B4000C35C23F00F0343EA12120A70B5E72DE9A4
:104B5000F341C46805460F4690468C4207D20C4686
:104B600000260134EB69A34203D246BBEC68012660
:104B7000F7E7A74223D001AA21462846FFF722FFE4
:104B8000431C1CD00028ECD0019B002BE9D106B1BE
:104B9000EC606FF0704221462846FFF772FF064630
:104BA00068B12FB96B6A002B0EDAC8F8004007E035
:104BB000224639462846FFF764FF0028F2D1002636
:104BC000304602B0BDE8F081013B6B62EDE773B5A2
:104BD00005460C4601AA21462846FFF7F3FE431C72
:104BE000064615D0002221462846FFF74AFF78B135
:104BF0006B6A002BA4BF01336B62EB68A34284BFD6
:104C000004F1FF34EC60019C002EE3D102B070BDD2
:104C10000020FBE7F0B50446406A85B0002836DA8C
:104C2000E3790025E6690C2B06F1010631D094F8F2
:104C30003832DB07CDE9026526692CD400232068D1
:104C400004F51272A16984F838324FF0FF33C4F8CA
:104C5000443203689D69E379202B02AB24D1019390
:104C6000134B00933346A847D8B1039860620EE017
:104C700002AA39462046FFF7A5FE421C11D010B10A
:104C8000029B03B901350137B742F1D3284605B07D
:104C9000F0BD0227F8E704F50E7000F0AFF9002828
:104CA000CCD14FF0FF30F2E70193024BD9E700BFC0
:104CB00027B90100F9B80100F8B501231546002213
:104CC0000446C3604FF0FF330160C271C16280F8D7
:104CD00028204363C0F83C1280F83822C0F84432E0
:104CE000C5B1042D01D90020F8BD1146283000F0CF
:104CF000A8F90028F7D005F1805500F5DF70013DD7
:104D00002B0100EB05152A79002AECD0C35C5B0669
:104D1000E9D1AD680022294604F1280000F091F99C
:104D20000028E0D0B0F80B30B3F5007FDBD1037C76
:104D30002372013B012BD6D8427B09260021531E4A
:104D40002271637101239A4232D1A171C28A226118
:104D50000AB9426A2261C389B0F811602B446681A6
:104D60007601A361077C06F2FF1602FB073323627C
:104D700003EB5623B0F81360636106B9066AEB1AB9
:104D80003344CB40591CE1614FF0FF31616240F682
:104D9000F4718B4215D94FF6F4718B4213D9C36A63
:104DA000236220230120E3712263C4F840229BE7A1
:104DB000013E01D1A17196E701315B00C9B2DBB2BE
:104DC000C1E70C23EEE71023ECE7F8B500248F6B66
:104DD00006460D46C0E90E447FB10146242000F08E
:104DE00095F80460AD6B0446B0630FCD0FC40FCDD2
:104DF0000FC42B6823603046F8BDCB6B002BFAD074
:104E00000146382000F082F80763EB6BF06303F192
:104E1000340253F8041B934240F8041BF9D1EAE72B
:104E200010B50446806B30B1FEF7A4FD18B1002325
:104E3000A363012010BDE06B0028FBD0FCF79FFFAF
:104E40000028F7D00023E363F3E72DE9F04104469F
:104E50000D4616461F46C1B1FFF7E2FFD5F8808424
:104E6000B8F1000F13D02146242000F04FF80023A2
:104E7000324603603B46D5F88014A063FEF7D1FDAF
:104E800010B10120BDE8F081A0630020FAE7D5F859
:104E90008434002BF9D02146382000F037F83B4607
:104EA000C0F830803246D5F88414E063FDF72CFB5F
:104EB0000028E6D1E063E8E7F8B50D46044616465B
:104EC000FFF7AEFFAF6B87B12146242000F01EF83C
:104ED000002332460360A063A96BFEF7C7FC08B14C
:104EE0000120F8BDA0630020FBE7EB6B002BFAD09C
:104EF0002146382000F00AF832460763E063E96B88
:104F0000FDF709FB0028EBD1E063ECE708467047AA
:104F10002DE9F843002604469946C0F88814C0F8E5
:104F2000806401464FF490609046FFF7EFFF4A46D9
:104F3000C0F844640546C0F87864C4F88404D4F822
:104F40008814214EFEF7ACF9A0B105F58967384603
:104F5000FCF715FF29463846FCF73BFF50B11B4BC9
:104F60001A6802B91D60B8F1000F2AD1336843B343
:104F7000012024E007462146C4F8840440F26C4036
:104F8000FFF7C4FF022347604A4683600546C0F826
:104F90004874C4F88004D4F88814FFF78DFE58B123
:104FA00005F589673846FEF7E5FC29463846FEF7E1
:104FB00066FA08B1064BD3E73060C4F88004BDE858
:104FC000F8833460D4E700BF148500209884002063
:104FD0001885002038B504464FF47A750020C4E9DE
:104FE00001052073044DC4E91200204640F8105B0F
:104FF000FFF72BFF204638BD3029002070B503781D
:105000000446DA0710D5406804F11002E16803682D
:105010005B6A984708B9002070BD23789B0705D4C8
:10502000237823F0010323700120F5E7201D04F10C
:10503000100243C8036831445B6A98470028EFD1E7
:10504000E9E7436870B504460E4615460BB90020E3
:1050500070BDC3688B4208D0FFF7D0FF0028F6D0A0
:105060006B070AD50023E6602370237805F003055B
:1050700020461D4300F8105BEAE7606804F1100267
:10508000314603681B6998470028EBD1DFE7000031
:1050900000231370014B1B68184700BF007C0020E1
:1050A000024B034A1A60034B18607047FC7B0020D8
:1050B00035C00100007C002013B50446808918B17A
:1050C0000023A38102B010BDD4E901318B42F9D293
:1050D00001AA184600F05EF810B94FF6FF70F1E72C
:1050E000019B6060B3F5803F98B2EBD3C0F3090039
:1050F0009B0AA0F51050A3F52153A08198B2E1E7D7
:105100000346501A7F2B05D8002841D0084600F8E6
:10511000013B7047B3F5006F0DD2012837D99A09CA
:1051200003F03F03084662F03F0263F07F0300F89C
:10513000022B4B707047B3F5803F11D2022826D95D
:105140001A0BC81C62F01F020A70C3F3851203F029
:105150003F0362F07F0263F07F034A708B707047F9
:10516000032814D99A0C081D62F00F020A70C3F3C9
:10517000053262F07F024A70C3F3851203F03F03E9
:1051800062F07F0263F07F038A70CB70704700206B
:1051900070470000884230B53BD290F90040037858
:1051A000002C03DB441C1360204630BD03F0E004F8
:1051B000C02C1ED103F01F03022404448C4228D8C3
:1051C0000130017801F0C005802D22D1013001F0BD
:1051D0003F01A04241EA8313F3D1A3F180000E49BD
:1051E000884216D8A3F55841B1F5006F11D313606A
:1051F000DAE703F0F004E02C03D103F00F030324FB
:10520000DBE703F0F804F02C03D103F007030424D8
:10521000D3E70024C8E700BF7FFF10007E2830B529
:105220002AD8A0F16103192B8CBF00230123A0EB26
:10523000431398B230BD03EB520231F8225085423D
:1052400088BF1446854298BF1346E21A012AF2D855
:105250009AB231F82230984212D24B2400231949D5
:10526000E21A012A22D89BB231F82320824204BFDD
:1052700001EB83014888DDE7352400231249E4E788
:1052800001EB8201C31ACA789342E6DA91F902204F
:10529000012A03D103F00103C31ACAE74EF2A03377
:1052A000002A08BF1A46024490B2C3E703EB520239
:1052B00031F82250854288BF1446854298BF134674
:1052C000CEE700BFE63400201236002000207047F1
:1052D0007047000037B505460C4605F009FD1B4B2D
:1052E000984204D800232B80238003B030BD694648
:1052F00004F026FD9DF80620503A92B27F2A20D86D
:105300009DF805100131C9B20C291AD89DF8043056
:105310001F2B16D843EA411343EA42239DF802109B
:105320002B8017290FD89DF801303B2B0BD89DF807
:1053300000203B2A07D85B0143EAC12343EA52031A
:10534000D2E70023EAE70023CEE700BFFFA5CE1295
:1053500010B5044640F2D44105F0E2FA204610BDF3
:1053600010B5D0F884448EB00A465CB100232146C3
:1053700068460093FEF755FB10B16846FEF7EDF95D
:105380000EB010BDD0F8881429B1234668460C949D
:10539000FDF7BAF808B90020F2E76846FDF786F98C
:1053A0000028F8D0ECE7D0F8843430B515468FB03B
:1053B0008BB1002203F589646846134600920A46C1
:1053C0002146FEF7DFFA20B12A4621466846FEF75D
:1053D00037FC0FB030BDD0F888443CB10A4668466F
:1053E00004F589610C93FDF72BF808B90020F0E76C
:1053F0002A4604F589616846FDF7E7FA0028F5D0EA
:10540000E7E70A46D0F8841400B58FB031B1002325
:1054100068460093FEF705FB0FB000BDD0F8880486
:105420000028F9D00B460C9101466846FDF76CF850
:10543000F2E7D0F880342BB19B794FF4007098409C
:1054400080B27047D0F8840408B1D0F83C047047AB
:10545000034690F8D00410B588B1D3F88424181D01
:1054600032B1D469013CFFF7E4FFA4FB000110BD99
:10547000D3F88844002CF6D0D4F83044F3E7014642
:10548000F5E770B50546D0F88C0480B90026D5F84C
:10549000800440B3FFF7BEFB0446A6B1D5F88C04E8
:1054A00080B1036800215B6C984760B90AE003682B
:1054B000DB6B98470028E9D0D5F88C0428B9D5F8DB
:1054C0008C0440B90024204670BD03681B6C9847CB
:1054D0000028DBD1F3E7036801215B6C984706469F
:1054E0000028D4D1EEE7D5F884040028D4D0FDF705
:1054F000A8FED1E770B590F8D044B4B1D0F88434A8
:10550000051D5BB1DC69013C2846FFF7BAFF241A90
:105510002846FFF78EFFA4FB000170BDD0F8884439
:10552000002CF1D0D4F83044EEE720462146F4E7D1
:1055300070B5FF2300F59265044680F8C81480F822
:10554000BC3428460AF02EF92846C4F88C5409F0D9
:10555000ADFC40B90123D4F88C1420461A46BDE8AE
:105560007040FFF7D5BC002070BD30B58BB004464D
:1055700001A804ADC4F8C43480E80E00BDF80420CE
:10558000A4F8BC24029AC4F8C02407C807AA85E876
:105590000B0004F29C4582E80B0028460ECA09F075
:1055A00080FB94F8AD34C4F88C5443B901232946E8
:1055B00020461A460BB0BDE83040FFF7A9BC0020DA
:1055C0000BB030BD1FB590F8BC24FF2A05D190F870
:1055D000C814FFF7ADFF05B000BDD0F8C024D0F867
:1055E000C434B0F8BC14CDE9022304ABADF8041008
:1055F00013E90E00FFF7B9FFEDE72DE9F041D0F810
:1056000090548CB007461C4625B9002420460CB0A7
:10561000BDE8F0812B682846DB699847B0F5405F0C
:105620008046F2D94FF400700CF00CFB06460028BF
:10563000EBD0B8F1806F02462346294601A80FD966
:1056400008F07AFA044630460CF004FB002CDCD05B
:105650002B6828461B6A9847381DFFF7B3FFD5E72C
:1056600008F0C0FEEEE7000030B5D0F8905485B0E9
:10567000044625B9002084F8D00405B030BD90F868
:10568000D02490F8D13482B3FE2B09D094F8D20400
:1056900036280ED804F08CFE003818BF0120EAE747
:1056A0002B6828465B6D9847421CEFD038B101202B
:1056B000E1E72B68694628469B6C9847DBE794F83E
:1056C000D134FE2BD6D103212E2004F083FE1A49BB
:1056D0001A4B48681A4A1B68B3FBF2F303EB8303C7
:1056E0004A68121A9342FBD8C4E7FE2B1AD1154B15
:1056F0009B689B03BED5201DFFF764FF0028D6D111
:1057000003212E2004F066FE0B490C4B48680C4A1E
:105710001B68B3FBF2F303EB83034A68121A93424C
:10572000FBD8A7E790F8D2043628E4D804F040FE6E
:105730000028E0D19EE700BF001000E0E850002004
:1057400040420F000080004230B50D46044685B04F
:105750001C48FFF7A5FCFE2D84F8D1541ED14FF054
:105760000001201DFFF7E4FE2E2384F8D00484F806
:10577000D23488B91846032104F02CFE1249134B89
:105780004868134A1B68B3FBF2F303EB83034A68D0
:10579000121A9342FBD8002005B030BD362DFAD83E
:1057A00000230C4A8DF80450201D8DF80530CDE9FA
:1057B000022304AB13E90E00FFF7D7FE84F8D004F0
:1057C000EAE700BF79C20100001000E0E8500020C5
:1057D00040420F0040787D01144B1549154AC3F82B
:1057E000941415491A600022C3F8A8140721C3F8BD
:1057F0008424C3F88824C3F89024A3F89C24C3F815
:10580000AC14292183F8B52483F8BC2483F8CC2474
:105810004FF47F4283F8B114A3F8D024FF22074944
:1058200083F8D224C3F8A014704700BFD0710020C1
:10583000342A0020D429002000093D00042700203C
:10584000F8B583780446182B24D80D2B06D8012BE5
:1058500033D0082B00F08C80002088E00E3B0A2B10
:10586000FAD801A252F823F027C90100FDC70100B0
:10587000FDC7010039C90100FDC70100FDC70100D6
:105880004BC90100FDC70100FDC70100FDC70100B4
:1058900061C90100232B00F09A800AD81D2BDBD1AF
:1058A0004F4B08254F4A8361D36F43F04063D36762
:1058B0000BE02F2B77D0352BCED14B4B4625494AC9
:1058C000A361536F43F0C0035367E6683EB90820F5
:1058D00005F020F80646002103F04AFCE660A369C3
:1058E00000224249D9279A611C3343F80C1C43F823
:1058F000102CDA68920802F01C020F2A94BF52089A
:10590000072202F003021A61DA6842F08002DA60CC
:10591000374A43F8042C374AA17802EB01122329B5
:1059200090680CBF0121022152680760B3F1804FDB
:1059300011604FF00001326813619182917101D3BF
:1059400093680BB901239360916145F00045337969
:1059500022889B00A06802EB420203F1804303F51A
:105960006C23196000211D600CF033FD0120F8BD8F
:10597000214B44251B4A8361D36E43F04073D366A9
:10598000A3E71E4B4225174A8361936E43F04053B1
:1059900093669AE71A4B0425124A8361936E43F487
:1059A0004053936691E7174B48250E4AA361D2F8FE
:1059B000803043F44043C2F8803086E7124B022522
:1059C000084A8361D36F43F04073D3677DE70F4B81
:1059D0000625044A8361536F43F00C03536774E751
:1059E00000C0194000C00F40008019400100800530
:1059F00000000810FC2E0020000019400080184014
:105A000000C0184000001A400040184000401940F3
:105A10002DE9F84F0446C54E0125E368F2681B796D
:105A200005FA03F313421AD1E3782088052BD4E951
:105A3000012170D800EB40000844814212D30C26AB
:105A40001E2325885D4305F5967504F055FC2369F2
:105A5000C31AAB4200F27281E3F798FBF5E7E3F774
:105A600095FBDAE7237D033111F8035C11F8026C32
:105A700003FB055E94F8038011F8015C03FB0666E6
:105A80004FEA1E2703FB05554FEA162C2B0AB8F1E7
:105A9000050F3ED8DFE808F0031C232A303706F450
:105AA0007F463E4346EA034302F10C0613F4000F1F
:105AB0000CBF0F25082513F4800F4FEA830345F030
:105AC000E00708BF3D4602F8015BB242EED1B4E701
:105AD0000EF47F4545EA0C0545EA0343E4E705F487
:105AE0007F4545EA0C4545EA0703DDE743EA0C43F9
:105AF0000EF47F452B43D7E705F47F4545EA07457C
:105B000045EA0C03D0E743EA074306F47F463343F4
:105B1000CAE70023C8E701EB8000814202D31026C8
:105B200028238EE791F800C0043111F8039C11F886
:105B3000028C94F814E011F8017C94F803A00EFB99
:105B40000CCC0EFB09990EFB0888AAF1060A0EFB85
:105B500007774FEA1C234FEA19264FEA18254FEA28
:105B6000172EBAF1170F00F2E780DFE80AF00C28D1
:105B700032364049505A626C747C848F949FA4AD35
:105B8000B6BFC7D0D7E1330443EA05630CF47F4CBA
:105B90004CEA0E0C43EA0C0302F11006002BACBFDA
:105BA0000F25082513F0804F4FEA830345F0E007E7
:105BB00008BF3D4602F8015BB242EFD1ADE71B04DE
:105BC00009F47F4943EA056349EA0E0943EA0903F8
:105BD000E2E72B0443EA0663D8E71B0408F47F4896
:105BE00043EA066348EA0E0843EA0803D4E72D04B3
:105BF00045EA036509F47F4343EA0E032B43CBE7F1
:105C000003EB032308F47F484EEA0343ECE72D043B
:105C100009F47F4945EA0E6549EA030945EA0903A3
:105C2000BAE72B0443EA0E630CF47F4C4CEA060CF3
:105C3000B0E7360408F47F4846EA0E6648EA0308EF
:105C400046EA0803A8E7330443EA0E630CF47F4CEA
:105C50004CEA050C9EE71B0408F47F4843EA0E63F8
:105C600048EA0608C0E71B0409F47F4943EA0E63CB
:105C700049EA0509AAE74FEA0E4E09F47F494EEAC0
:105C8000056E49EA03094EEA090385E74FEA0E4328
:105C900043EA0563C8E74FEA0E4E08F47F484EEA30
:105CA000066E48EA03084EEA080375E74FEA0E431A
:105CB00043EA0663CAE74FEA0E4E08F47F484EEA0D
:105CC000036E48EA0608EEE74FEA0E4E09F47F49F4
:105CD0004EEA036E49EA0509D5E7360407F47F4723
:105CE00046EA05661F4346EA070355E71B0407F427
:105CF0007F4743EA056337433B434DE72D0407F4F1
:105D00007F4745EA06651F4345EA070344E71B044E
:105D100043EA066307F47F472F43EDE72D0445EA86
:105D2000036507F47F43334368E700BF00800E40FC
:105D30001B0643EA0643EDE700232DE76368244A88
:105D40002061934211D9218823F01F0206FB013301
:105D5000BFF34F8F4FF0E021C1F8682F20329342FC
:105D6000FAD8BFF34F8FBFF36F8FE06800256268EA
:105D70002188036871431A600122D9839A809A604E
:105D80004A42DD71DA600A46D9820368DD8B2D0450
:105D900010D4B1F5004F01D2D983DA829A8B42F048
:105DA00008029A830022A3695A610A4B0279DA76C3
:105DB000BDE8F88FB1F5007FF0D2D98B6FF3080101
:105DC0001143D983D98A6FF308010A43E5E700BF7D
:105DD000FFFF1F2000800E400023054A4360C36080
:105DE0004374044B0260002918BF0B468360704760
:105DF00090260020D45200202DE9F04F85B00446B3
:105E00009A464FF0000B9DF83860BDF83C80274F54
:105E1000DFF8A0908DF80C108DF80D20B34501D35C
:105E200001200EE094F9103001330FD1002302223B
:105E300003A9CDE900330123E0680AF027F858B937
:105E4000002005B0BDE8F08FE3F7A0F9207C04F056
:105E5000AFFA0028F8D0E9E77968A6EB0B05D9F886
:105E60000030134A202DB3FBF2F3A8BF202508FB16
:105E700003F37A68521A9342FBD894F91030013335
:105E80000ED10123EAB20AEB0B01E0680AF04BF8ED
:105E90000028D5D05D445FFA85FBBFE7E3F776F9CC
:105EA000207C04F085FA0028F8D0EAE7001000E032
:105EB00040420F00E85000201FB5437C552B18D0FE
:105EC0007C33DBB2052B18D8073102234FF4FA726A
:105ED000CDE90032CAB203AB0921FFF78DFFBDF84F
:105EE0000C40012064BAA4B204F02CFA204604B09D
:105EF00010BD0239C9B20329E5E70024F6E730B541
:105F00001D4690F9103085B0044601338DF80C1011
:105F10008DF80D200ED102239DF8202029460193F3
:105F200003AB00930123E06809F0B0FF05B030BD7A
:105F3000E3F72CF9207C04F03BFA0028F8D0EAE7DC
:105F40001FB5437C552B05D10439C9B2032907D9A4
:105F500005B000BD7C33DBB2052BF9D80B06F7D4B6
:105F6000130A8DF80C108DF80E2008218DF80D30D5
:105F700003230222009303ABFFF7C1FFE8E71FB53D
:105F80008DF80F30012300930DF10F03FFF7B7FFDA
:105F900005B000BD08B505220B460221FFF7EFFF53
:105FA000012004F0CFF9012008BD10B501398AB0F5
:105FB0000024621CE4B28B5C43B902AB05220221CF
:105FC0000094FFF79CFF20460AB010BD28346C44B3
:105FD00004F8203C1446ECE71FB5447C552C1CD13A
:105FE0000439C9B2032916D8102B8DF80C104FF0C4
:105FF00008011FBFC2EB0242FF237F32B2FBF3F264
:10600000130A8DF80E2001228DF80D300323009322
:1060100003ABFFF774FF04B010BD7C34E4B2052C71
:10602000E1E770B50021044602F04CFFC0B1011D4C
:1060300000F58276B4F91E20B4F9203031F9025B04
:10604000AA42A8BF2A46AB42B8BF2B468E42F5D122
:1060500023840123E2832377BDE8704002F0F6BE7B
:1060600070BD00207047002070470368C9B21B68EC
:1060700018470000F8B5037A0F461E4C01255B0057
:106080000646090A204684F8A53084F8305184F881
:106090002F51FFF7EAFF39462046FFF7E6FF0021C0
:1060A000204607F00DFB08B10020F8BD2B46022268
:1060B000317A204607F072FB0128F5D994F8A23016
:1060C00094F8A300834210D25A1CE118D2B2897E00
:1060D00090424FEA012184F8A22008D9023384F8C3
:1060E000A2301444A07E0843DFE76FF0FF014FF0B9
:1060F000FF30F8E7D4520020F8B5037A2429134C76
:106100004FF001054FEA43030F4608BFC280164611
:106110002046090A84F8A53084F8305184F82F51BC
:10612000FFF7A3FF39462046FFF79FFF2046310ABD
:10613000FFF79BFF31462046FFF797FF2946204691
:1061400007F0BEFAB0FA80F04009F8BDD452002042
:10615000F8B5044658480D4616460EF0E7FB0520F4
:1061600004F0F0F806212046FFF784FF3DB1B02887
:1061700005D100232371012301206372F8BD01279B
:1061800044F26002302120462771FFF7B5FF002856
:10619000F4D06C2226212046FFF7AEFF4FF4F972AF
:1061A00028212046FFF7A8FF40F622722C21204626
:1061B000FFF7A2FF44F246423C212046FFF79CFF36
:1061C00040F2371224212046FFF796FF002D68D0B9
:1061D0003A4B342120469D428CBF3A460022FFF7BD
:1061E0008BFF07EE906A32212046B8EE677A07EE01
:1061F000905AF8EE676AB6FBF5F2C7EE267A02F01F
:106200001F0207EE102AB8EEC77A77EEC77A9FED25
:106210002C7A67EE877AFCEEE77A17EE903AC3F3B2
:106220000A0343EAC222FFF767FF44F2FF5230211C
:106230002046FFF761FF732202212046FFF75CFF33
:106240004FF4C87004F07EF841F61D522E2120460E
:10625000FFF752FF45B3072204212046FFF74CFF0A
:10626000B02206212046FFF747FF10220A212046D0
:10627000FFF742FF00220E212046FFF73DFF43F6C5
:106280003C4210212046FFF737FF47F67F7222215C
:106290002046FFF731FF362224212046FFF72CFF4E
:1062A00069E744F2FF02C2E7042220461146FFF7E5
:1062B00023FF3022D5E700BFD452002040660301FF
:1062C00000000045014A0021FFF742BF0040C40A18
:1062D000F8B51F4605460E461446FFF7CBFE20EAEA
:1062E00007003146044328462246FFF705FF0028F1
:1062F00014BF20460020F8BD38B5044679B9012303
:1063000047F67F7222210371FFF7F6FEE28824210F
:1063100042F010022046BDE83840FFF7EDBE80296C
:10632000037994BFC1F1800500253BB10023C288E9
:10633000242122F010020371FFF7DEFE05EB052297
:106340002221E7E7272938B5054616D9283903223F
:1063500049002F2920D80323B1FBF3F442F4B8728B
:106360002A212846FFF7C8FEC0B104EB04122846D4
:106370002021BDE83840FFF7BFBE1D2903D91E39D3
:1063800002224900E7E713298DBF14394900002292
:10639000012288BF4900DEE70F24DFE738BD0F295F
:1063A00028BF0F210F2A28BF0F2242EA0112202105
:1063B000FFF7A2BE0D290A464FF02E0138BF0D226D
:1063C0001F2A28BF1F2208B502EB022241F61F73C5
:1063D000FFF77EFF80B208BD08B5002203230E211F
:1063E000FFF776FF80B208BD10B501224FF480712F
:1063F0000446FFF781FE20B170220A212046FFF7F4
:106400007BFE10BD10B510220A210446FFF774FE72
:1064100028B100224FF480712046FFF76DFE10BDB9
:1064200008B5032301EA03024FF48471FFF750FF1C
:1064300080B208BD08B5002201234FF49271FFF726
:1064400047FF80B208BD08B5002201234FF48271D6
:10645000FFF73EFF80B208BD08B5002203234FF4CA
:106460008571FFF735FF80B208BD00009FED177AF8
:10647000DFED177A20EE070A9FED126BB7EEC00A28
:1064800008B530EE060BB7EEC00BB4EEE70AF1EE3E
:1064900010FA05D4B4EEC70AF1EE10FA77FE007ACE
:1064A0009FED0C7A8B317F2377EE877A4900FCEEE3
:1064B000E77A17EE902AFFF70BFF80B208BD00BF06
:1064C000AFF30080560E2DB29DEFDF3F000040423B
:1064D00000003CC200003C4238B54FF484711446C1
:1064E0000546FFF7C7FD00F00300A04205D0214696
:1064F0002846BDE83840FFF793BF38BD437A10B552
:1065000004462DED068BB0EE40AAF0EE609AB0EE98
:10651000419AF0EE618AB0EE428A1BB1032201215A
:10652000FFF7DAFFB0EE4A0A00212046FFF79EFF90
:10653000B0EE690A01212046FFF798FFB0EE490A44
:1065400002212046FFF792FFB0EE680A03212046A1
:10655000FFF78CFFB0EE480A20460421BDEC068B05
:10656000BDE81040FFF782BFF8B5037E0546002165
:10657000102B11D1437E012B0ED802F0A3FC044650
:1065800000284AD028462146002202F087FC2046F7
:10659000BDE8F84002F05ABC284602F09FFC0446D1
:1065A000D8B3687E2B7E01280DD8C3F11003A11C3F
:1065B00004F5817031F9022F1A41884202FA03F280
:1065C0000A80F7D1DEE7102B04F1040610D1002376
:1065D00004EB4302B2F90410C21826F81310013379
:1065E0009A4202D0802BF8D1CCE7802BF0D1C9E7BA
:1065F0000022C3F1100304EB42018718B1F9041023
:10660000D940994026F812100132BA4202D0802AAD
:10661000F8D1B7E7802AEED1B4E7F8BD2DE9F84309
:106620000021044602F05AFC0546B8B1237F1BB98D
:10663000BDE8F84302F00ABC021D02F58076B242C2
:1066400072D2E38B002B2DD1237F013B062B29D85F
:10665000DFE803F07E06111B25606D000246ECE7C3
:10666000A38DE3833BB1032323774FF08043236261
:1066700000236362E3E70423E18D2377236BE18347
:1066800003F1404393FBF1F3F3E7052323774FF640
:10669000FF73E383236B23620023636202E04FF600
:1066A000FF73E38302F1100C5DB3D4E90830D2E943
:1066B00000984014D2E9021700EBA33333FB09FE24
:1066C000034433FB19F9CEEA094E034433FB08F9BE
:1066D000034433FB18F8C9EA0848034433FB01F9C3
:1066E000034433FB11F1C9EA0141034433FB07F9C9
:1066F000184430FB17F0C9EA0040C2E900E8C2E9DB
:106700000210D4E90832134462462362E38B013B52
:10671000E38394E70023237710321DB142E9043369
:1067200042E902339642F7D8DDB9BDE8F883002389
:10673000218D2362E18311B101212177ADE702238D
:10674000618D23774FF08043E183B3FBF1F3A4E73E
:106750000223618D23774FF08043E183B3FBF1F394
:1067600087E720460022294602F098FB28465FE78B
:1067700072B6037F012B01D9C28E92B90023028D1C
:106780000362C28322B101220277436262B670477C
:106790000223428D03774FF08043C283B3FBF2F3B1
:1067A000F3E7072BF2D00723C2830377036A5B4228
:1067B00093FBF2F3E9E772B6037F9A1F012A09D926
:1067C00043B10623828E0377036AC2835B4293FB45
:1067D000F2F3436262B6704707B501A809F05CFFA7
:1067E000F7EE007A9FED0F7AE0EE077A27EEA70A20
:1067F000DDED017AFDEEE77A20EE000A17EE900A51
:1068000020EE000A20EE000A20EE000A20EE000A28
:1068100020EE000A20EE000A03B05DF804EB09F058
:10682000CFBB00BF1572313BF0EE087AB4EEE70A39
:10683000F1EE10FA15DCF8EE087AB4EEE70AF1EEA4
:1068400010FA11D460EE006AF3EE0B7AB2EE026A2F
:1068500036EEA77AE6EE867A27EE007A87EE270AEA
:106860007047B7EE000A7047BFEE000A704700009D
:106870008023242213B5019300F118030446042158
:10688000009300F50E700E4B06F02CF820B100239B
:1068900084F8DC3A02B010BD4FF4007304222421C6
:1068A00004F52D60019304F511730093044B06F079
:1068B00057FA0028EBD140F20113A4F8DC3AE9E7DB
:1068C0001058002000EB81019FED106A00F52E604A
:1068D000F0EE406A01F6043301F6F421D1ED007ABE
:1068E00093ED007A67EE867A9FED096AE0EE067A0C
:1068F00090ED006A77EEC77AA6EE277A83ED007AEC
:10690000B0EE470AC1ED006A704700BFC64E6C3E4C
:106910004FEC443FDFED0B7AB4EEE70AF1EE10FAEC
:1069200007DCDFED097AF4EEC07AF1EE10FA77FEBB
:10693000807AB1EE007A00F6143067EE877AC0ED07
:10694000007A70476666E63F00000000F1EE0C7AC0
:10695000B4EEE70AF1EE10FA07DCDFED087AF4EEA8
:10696000C07AF1EE10FA77FE807A9FED057A00F595
:10697000326067EE877AC0ED007A70470000000051
:1069800000000038DFED207AB4EEE70AF1EE10FAED
:1069900007DCF1EE047AF4EEC07AF1EE10FA77FE3D
:1069A000807A9FED1A7A00F52E63DFED195A00F612
:1069B0001C3027EE870ADFED177A9FED176ADFEDAF
:1069C000176A20EE007A20EE066A67EEC77A66EE56
:1069D000C76AE0EE257AE6EE077A9FED116AE7EEE8
:1069E000267ADFED106A66EEC76AC3ED007ADFED46
:1069F0000E7AE0EE067A9FED0D6AE7EE467AE7EE54
:106A0000267AC0ED007A7047006D9246936515387E
:106A1000363C7D3F8863DD3E166A0D3E787AA53CA4
:106A2000AC8B5B3DCDCC4C3D9CC4803F5C8FC23D6C
:106A300000F6183383ED000AFFF7A4BF00F6F42335
:106A40009FED0E7A00F60430D3ED007AF0EEE77A8F
:106A5000F4EEC77AF1EE10FA0DDCD3ED047A0433CC
:106A6000F0EEE77AF4EEC77AF1EE10FA03DC834237
:106A7000EAD1002070470120704700BF17B7D13816
:106A80002DE9F04F2DED088BADF5A05D00F6143328
:106A90000446002187B093ED008A029302F01EFAAB
:106AA00001218146204602F00DFA022107462046C8
:106AB00002F008FA0646B9F1000F1FD12046FFF791
:106AC000BDFF80B917B1384602F0C0F9002E00F0C2
:106AD0008A8130460DF5A05D07B0BDEC088BBDE89E
:106AE000F04F02F0B3B902F06DF981460028E9D009
:106AF0004FF48072002104300BF06BFC94F8DD3A07
:106B000004F6283B09F102059FEDBA9A002B00F02C
:106B1000C48009F58173F1EE009A9BED007AAA46D4
:106B2000019306AA2B4633F9021F07EE901A01992A
:106B3000F8EEE77A994267EE877A67EEA97A67EE10
:106B4000897AE2EC017AEED100259FEDABAA9FEDA8
:106B5000ABBA8023DFEDAAAA0DF5836206A904F57E
:106B60000E7005F0DBFEEFB104F61833D3ED008AAA
:106B70003B1D33F9153000EE103A04F53263B8EEE0
:106B8000C00AD3ED007A20EE270AFFF725FE28EE93
:106B9000800A2046B4EECA0AF1EE10FA3AFE000A64
:106BA000FFF7F0FE6EB1331D33F9153007EE903A62
:106BB000029BF8EEE77A93ED008A67EE897AA7EEFA
:106BC000A98AB4EECB8AF1EE10FA63DCF4EEC8AA1F
:106BD000F1EE10FA3AFE888A04F61C310DF5836353
:106BE0000DF618424FF00008039103EB051304F56E
:106BF000316102EB051204F6243B0491B3EC010A67
:106C000000219BED007A2046059308F10108049BC2
:106C1000D3ED007A039BE7EE407A93ED007A68EEBD
:106C2000677AA7EE270AFFF7FFFDFFF74BFE01216A
:106C30002046FFF747FE02212046FFF743FE0321CF
:106C40002046FFF73FFEB8F1040F059BA2EC010AB6
:106C5000D4D10135802D86D14FF4007386AA0DF66C
:106C6000184104F52D6006F099F886ABF3EC017A33
:106C7000FEEEE87A17EE902A2AF8022F019A524582
:106C8000F4D120460022494602F008F9484602F0B5
:106C9000DDF817E79FED598A9EE73B1D06F10408D2
:106CA0009FED55AA019306F58273DFED54AADFED3F
:106CB000549A039335F9023FDBED007A08EE903ADF
:106CC000F8EEE88A68EEA78A68EE898AEFB104F6E2
:106CD000183393ED00BA019BB3F9003000EE103A7F
:106CE00004F53263B8EEC00AD3ED007A20EE270A2D
:106CF000FFF772FD2BEE000A2046B4EECA0AF1EE51
:106D000010FA3AFE000AFFF73DFE76B1B8F90030FE
:106D1000B1EE007A07EE903A029BF8EEE77A93ED37
:106D2000008A67EE897AA7EE878AB4EEEA8AF1EEE6
:106D300010FA55DCF4EEC89AF1EE10FA39FE888AA2
:106D40009FED2F5AF7EE004A042204F5336AF0EE65
:106D5000455A04F61C3334EEC50A04F62431DAED44
:106D6000007A204691ED007A04F5316120EE280A80
:106D70000493A7EE850AD1ED007A0021E7EE687A48
:106D800093ED007A68EE677AA7EE270AFFF74CFDCD
:106D9000FFF798FD01212046FFF794FD02212046D0
:106DA000FFF790FD03212046FFF78CFDF5EE007AFA
:106DB000013A049BE0EE275A35EE275ACBD1FEEE7E
:106DC000E85ACAED008A08F1020815EE903A2B80C5
:106DD000019B02330193039B98457FF46BAF50E70F
:106DE0009FED068AACE70DF5A05D07B0BDEC088B02
:106DF000BDE8F08F00000038006D92466666E64000
:106E0000000000002DE9F04F4FF0000C91469B462A
:106E1000D0F81C80D0E909A2D0E90B76134631F9ED
:106E20001C20120358FB16F507EB85055AFB16F4D8
:106E30001344C5EB6303A3EB840358FB13F406EB85
:106E4000840458FB14F705EB87075AFB14F6A2EBF2
:106E5000070EAEEB860E58FB1EF604EB86063D448D
:106E600025F34F35344424F34F34734423F34F3325
:106E700029F81C502BF81C40099C24F81C300CF1FC
:106E8000010CBCF1800FC9D1C0E90A270663BDE837
:106E9000F08F00002DE9F04F85B091468B4600261B
:106EA00003938369D0E909AC0193036AD0E90B2706
:106EB0000293029B39F91610594321F0784303F1EC
:106EC0000063DB0053FB13F3274C53FB14F3013C2B
:106ED000C91604EBC303C1F106010B41019951FB33
:106EE00013F322498B42A8BF0B4661463BF916C0FB
:106EF0001B024FEA0C3C53FB17F502EB85055AFBCE
:106F000017F26144C5EB6101A1EB820153FB11F45F
:106F100007EB840453FB14F205EB82025AFB14F8CE
:106F2000ACEB020EAEEB880853FB18F304EB8307BF
:106F3000154425F34F353C4424F34F34414421F3A9
:106F40004F31039B23F816500E9B23F816400F9BDE
:106F500023F816100136802EABD1C0E90AC20763B0
:106F600005B0BDE8F08F00BFABAAAA2AE710520017
:106F70002DE9F7430546002101F0A4FF0746012152
:106F8000284601F09FFF044637B9002853D003B0CC
:106F9000BDE8F04301F05ABF01F014FF064630B9D6
:106FA000384601F053FF002C45D02046EFE701F0B2
:106FB00009FF804620B9384601F048FF3046F0E727
:106FC00001F000FF814638B9384601F03FFF3046F6
:106FD00001F03CFF4046E4E7321D391D043008F162
:106FE00004031CB3CDE9003013462846221DFFF7E9
:106FF00051FF204601F02AFF384601F027FF00220A
:107000003146284601F04AFF304601F01FFF0122B9
:107010004146284601F042FF404601F017FF28464E
:107020000222494601F03AFF4846B0E70090284660
:10703000FFF7E8FEE0E703B0BDE8F083254B1A68F0
:1070400070B511691A79244BDA77244A914204D237
:10705000234B1B78002B36D1224A2349A2F580739B
:107060000D687DB32149086860B3214C218840290F
:1070700028D88E1C403105EB4605218000EB4600E8
:107080001C46BFF34F8F03F1200603F58071B14218
:1070900094BF012108214FF0E02603EB4111C6F80F
:1070A0005C4F20348C42FAD1BFF34F8FBFF36F8F08
:1070B00033F9041B25F8021B9A4233F9021C20F80D
:1070C000021BF5D870BD4FF0E0234022C3F8082220
:1070D000C2E700BFA484002000800E40E09520207D
:1070E000FB690320E09620209C840020A0840020DF
:1070F0000A5A0320F8B5064601F064FE044630B390
:1071000001F060FE054618B920462C4601F09EFEAF
:1071100072B6184B1A887F2A1BD9174A1768146051
:10712000164A1468156000221A8062B63946304645
:1071300001F0B4FE384601F089FE304601222146B6
:1071400001F0ACFE2046BDE8F84001F07FBE0546E8
:10715000DEE734B108490A682AB90C6007491A8089
:107160000D6062B6F8BD62B6204601F06FFE28469B
:10717000E9E700BF0A5A03209C840020A084002075
:1071800000F11002064B43F822104311012200F0D7
:107190001F0003F13823824040339B001A60704780
:1071A0000068002010B51D4C0121204601F0E0FFD1
:1071B000002000F0EBF91A4B03221A491A48C3F8D1
:1071C0007C210222C3F894252368196017499A820A
:1071D00018611748C3E901124FF4807200219861C9
:1071E000DA82DA830622D9609A832379114A9B00D6
:1071F00003F1804303F56C2319601A600E4B0F4AAC
:10720000C3F8882001F05EFF0D4B0E4918702079FD
:107210000D4BD876BDE81040FFF7B2BFA484002024
:1072200000801F40A2403840E0942020000001016F
:1072300000FEFFFF13000080004038400100009274
:10724000FB690320E1DF010000800E40024A034990
:10725000034805F05FBF00BFC85A0020F5090000D1
:10726000A484002010B500F58074036831FB03F29C
:1072700031FB13F302F30F0203F30F03C2EA0343DC
:1072800040F8043B8442F0D110BD2DE9F0410025C7
:10729000064600F118072C4629463046D4B901F0BD
:1072A0001DFE044630B13968B1F5803F02D004308C
:1072B000FFF7D8FF01350437042DEDD1002C4AD05B
:1072C00030462146002201F0E9FD2046BDE8F041AC
:1072D00001F0BCBD01F0F6FD0028EBD0D7F800E0CE
:1072E000BEF5803F1DD100F10C0C04F10C0300F53C
:1072F000867E53F8082C5CF8081C92FA11F243F8C9
:10730000082C53F8042C5CF8041C92FA11F20CF1CE
:10731000080C43F8042C0833F445EAD101F096FD3B
:10732000C8E704F1040C021D00F5827852F8041B32
:107330003EFB01F33EFB11F103F30F0301F30F01D9
:10734000C3EA0143DCF8001093FA11F342454CF80C
:10735000043BEBD1E2E7BDE8F08170B585690646F4
:107360003DB9294601F0AEFDE0B1BDE8704001F045
:107370006DBDB5F5803F4FF000010AD101F0A2FDCF
:10738000044678B130460022214601F087FD2046B0
:10739000EBE701F0A3FD044620B129460430FFF7D6
:1073A00061FFEFE770BD00002DE9F84F404B414C05
:1073B0001A6819791268404BA242D97728D23F4BFC
:1073C0001B78FBB93B4CDFF804B13D4BDFF800A163
:1073D000DFF80081DBF800901E68BAF80070B8F89A
:1073E0000050B9F1000F3BD07B0009F10401403798
:1073F0008EB1321D1944204602EB450201F0E4F93A
:1074000040350CE04FF0E0234022C3F80822D9E7D2
:10741000A4F58074D7E71944204601F0F4F9BFF3CE
:107420004F8F04F5807204F1200393422CBF012397
:1074300008234FF0E02204EB4313C2F8704F2034CE
:107440009C42FAD1BFF34F8FBFF36F8F7F2F16D8B7
:10745000AAF800707F2D1ED8A8F80050BDE8F88F5C
:1074600036B1311D204601EB450101F0ECF9C7E7CB
:107470004FF48072314620460AF0ABFFCFE700247C
:107480004846AAF8004001F0E1FC0E4B1A681C6067
:10749000CBF80020DEE700243046A8F8004001F0D9
:1074A000D5FC094B06491A681C600A60D6E700BF84
:1074B000CC840020E097202000800E40FD6903204E
:1074C000C4840020C0840020C8840020BC84002024
:1074D0000E5A0320105A032038B50021054601F04A
:1074E000F1FC034638B172B61949086890B90B60CF
:1074F000184B188062B60121284601F0E3FC0346D0
:1075000038B172B61449086890B90B60134B1880F3
:1075100062B638BD124A14680CB91360EAE713600A
:1075200000220C4B0C601A8062B601F08FFCE2E77F
:107530000C4A14680CB91360EAE713600022074B89
:107540000C601A8062B6BDE8384001F07FBC00BF15
:10755000BC8400200E5A0320C4840020105A03204B
:10756000C0840020C884002000F11002064B43F8BC
:1075700022104311012200F01F0003F13823824042
:1075800040339B001A6070470068002038B52E4CCD
:107590000546E36F43F44023E3672C4B9A68002AC7
:1075A00048DBD3F88830002B44DB002342F2107212
:1075B0004FF40C611C200DF04DF9E369244A23F4CB
:1075C000406343F40063E361A36A6FF3080343F08D
:1075D000CE03A362536823F4002323F0070343F48C
:1075E000002353601B4B25B90322C3F82021C3F8A5
:1075F0002421032200204FF48031C3F828211C22CB
:10760000124B1866DA60144A1A61144A59619A6179
:10761000134ADA61C3F8E0001020C3F88C00114867
:10762000C3F89000C3F894100F49C3F89810C3F83A
:107630009C2038BD002DFCD1064B0322C3F820212D
:10764000C3F82421F5E700BF00C00F4000403840D8
:1076500000C00A4000801F40010000471B1F0110AE
:10766000001F1F1F010000071B1F010038B5224D1E
:1076700001210024284601F07BFD204B20461C60A0
:107680001F4B1C60FFF782FF1E4B03221E49C3F8ED
:1076900080212B681D4A9C611A6002229C82C3E9EA
:1076A0000112A2F202221A49DA604FF48072DA82E1
:1076B000DA8306229A83174A1A612A79930003F122
:1076C000804303F56C231C601960134BDA7603F5D5
:1076D0002713D3F8882042F01042C3F888200F4ABD
:1076E0009A6001F0EFFC0E4B0E4918702879BDE846
:1076F0003840FFF739BF00BFCC840020BC84002095
:10770000C484002000801F4002000101E096202078
:10771000140000802240384000800E400104009098
:10772000FD6903204DE30100024A0349034805F0C7
:10773000F1BC00BFC85A0020F5090000CC8400202D
:1077400038B50E230025044680F86F3280F8703279
:107750004565006E10B101F079FB2566606E18B1C9
:1077600001F074FB0023636638BD00004FF0E02396
:1077700070B5D3F80841054614F0400403D0402208
:107780000124C3F8882195F86F320E2B19D00023FD
:10779000286E6E6E2B666B660E2385F86F3208B10D
:1077A00001F054FB16B1304601F050FB05F1180012
:1077B000E4F7D2FE094A138853B94621084805F078
:1077C000E4FD24B14FF0E0234022C3F8082170BD4E
:1077D000013B9BB21380002BEFD0F2E7D859032076
:1077E000405100202DE9F0439BB006460C46FFF7C0
:1077F000BDFF4FF0E023D3F8085115F0400503D04A
:1078000040220125C3F88821454F4621454805F00F
:10781000A9FD3B8822464449013306A8DFF81C91A4
:107820003B800023FDF7D6FB189B002B32D1199C1F
:10783000002C2FD14FF47A738DF81040CDE90194CC
:1078400003933A4B0AA80693FDF7EAFAB36A1BB111
:1078500006F11800E4F746FEB462002401A805947E
:10786000E4F752FEB06A002840D003681B6B9847CB
:1078700000283BD01423A6F86A4273654FF00063DA
:10788000C6F86C320E2386F87032002D42D11BB040
:10789000BDE8F0835C204FF0000803F03BF8244B78
:1078A0000446C0F8048003600AA9079B183040F81A
:1078B0000C3C204B40F8103C089B40F8083C9DF8DD
:1078C000243000F8043CFDF780FA1B4BC4F85880C4
:1078D000A3604FF47A73CDF80880039363688DF842
:1078E00010800133CDF804906360AAE73B885BB950
:1078F00046210C4805F049FD25B14FF0E023402218
:10790000C3F808210020C2E7013B9BB23B80002B5B
:10791000EED0F1E74FF0E0234022C3F80821B6E7AC
:10792000D859032040510020D4710020E0250020C8
:1079300054290020B02900203029002004290020EB
:10794000C16A8BB2012B28D1036B4AF644429342A1
:107950000AD045F2226293421DD042F61132934280
:107960001BD10F4A042301E00E4A0023090C012910
:1079700004D0022911D1520843F00103418F082994
:1079800004D0102909D1520843F00203C26580F8DF
:10799000703201207047044AE4E70020704700BFBE
:1079A000F24E3817BC13CE0579279C0B2DE9F04118
:1079B00000F16A07B0F86A6204460D463E44002DA5
:1079C00000F0BD8094F86F320E2B00F27F81DFE86B
:1079D00013F0B600B600E3002201B600B600B60010
:1079E000B6000F0052008000BD00CE007D01B60041
:1079F000636D04F12C003146AB4228BF2B469846FC
:107A000094F86E324246184402F0EAFE94F86E3260
:107A1000434484F86E32B4F86A324344A4F86A32BC
:107A2000636DA3EB08036365002B40F08880E16A77
:107A3000A84A914240F04A81A2F57002616BA2F21D
:107A4000FB72914240F04281A348D4E90E12814278
:107A50000ED1A2F11001182900F238810921464403
:107A6000A5EB080584F86E3284F86F126265A6E70C
:107A70000C231946F3E7636D04F12C003146AB4249
:107A800028BF2B46984694F86E324246184402F0BE
:107A9000A7FE94F86E32434484F86E32B4F86A322A
:107AA0004344A4F86A32636DA3EB08036365002BBB
:107AB00045D12046FFF744FF002800F007814644E7
:107AC000A5EB0805082363654FF42063A4F86E3224
:107AD00075E7636D04F12C003146AB4228BF2B469D
:107AE000984694F86E324246184402F079FE94F8B3
:107AF0006E32434484F86E32B4F86A324344A4F8D8
:107B00006A32636DA3EB08036365C3B9226BE16A54
:107B10006265724A914215D184F8713294F87032DC
:107B200084F86F32DB0705D4636DA3654644A5EB8B
:107B3000080544E701F046F960660028F4D100200A
:107B4000BDE8F0810B2384F86F32EFE7636DB4F882
:107B50006A22AB4205D95B1B2A446365A4F86A22FA
:107B6000EDE71A441E44ED1AA4F86A22AAE7626DF2
:107B70002B46B4F86A12954228BF13461944D21A0C
:107B8000A4F86A1201D06265D9E71E44ED1A0823F1
:107B9000636584F86F3212E7636D216E9D4228BFE2
:107BA0001D465B1B6365B4F86820023636F8020C8C
:107BB000023D02F1010C01EB4202A4F868C0908082
:107BC000B4F868207F2A1ED90022204601F066F909
:107BD0000122216E204601F061F9206E01F036F994
:107BE0000023F61B606E2366636DA4F86A622B4463
:107BF000636508B101F02AF9636D13B90E2384F8A7
:107C00006F3201209CE7002DCDD1002B97D10E23A0
:107C100084F86F3293E7636D94F871229D4228BF18
:107C20001D465B1B6365002A37D0B4F86810226ECE
:107C300002EB4102E16A9180002284F87122B4F8DB
:107C40006810023D626E36F8020B01F1010C02EB86
:107C50004102A4F868C09080B4F868207F2A2ED929
:107C60000022216E20464FF0000801F017F9206E27
:107C700001F0ECF80122616E2046C4F86080F61B2A
:107C800001F00CF9606E01F0E1F8636DC4F86480F6
:107C90002B44A4F86A626365AFE7023D318806D1E0
:107CA000002BB4D00223E16284F8713247E7226EE0
:107CB0000236B4F8680002EB40029180BFE7002D65
:107CC000EBD1002BA3D084F8715238E70E2384F84F
:107CD00070329DE752494646666D74206461746156
:107CE0002DE9F04190F86F3204460D3BDBB2012BD9
:107CF0003AD901F067F82066002835D094F86F3241
:107D000003F0F903012B08D101F05CF8606630B98B
:107D1000206EBDE8F04101F099B8002363660023AE
:107D2000B4F86C12A4F86830B4F86A32C91A0029A1
:107D300015DC94F86F320E2B18D104F11800E4F71B
:107D40000BFC404A1388002B6DD146213E4805F0BC
:107D50001CFB0E2384F8703284F86F3233E0204627
:107D6000FFF724FE0028E4D0BDE8F08104F11800FC
:107D7000E2F7EBFA0028E0D00027A06A10B9A4F8D7
:107D80006C02DAE703684FF4007204F16A019B6841
:107D9000984783B2A4F86C32002BCED01946204607
:107DA000A4F86A7294F86F82FFF700FE94F86F32BD
:107DB00010B10E2BD8D1C0E70E2BBED0B8F1070FF3
:107DC00001D9072BD9D9216EC9B1B4F868308BB16C
:107DD0000A1D00207F2B2CD90022204601F05EF8DE
:107DE00094F86F3213F0F90F04D10122216E20466E
:107DF00001F054F8206E01F029F800232366616E2B
:107E00000029B1D0B4F868303BB10A1D00207F2BA7
:107E100013D90122204601F041F8606E01F016F8F6
:107E200000236366A0E7013B9BB21380002B8CD03C
:107E30008FE722F813000133CCE722F81300013357
:107E4000E5E700BFD85903204051002090F86F02A9
:107E500007288CBF00200120704710B50021044680
:107E600001F030F8B0B194F866331BB9BDE81040AA
:107E700000F0ECBF94F8643394F865130133D12B10
:107E8000A8BF00239942F1D0991D04EB81014860FD
:107E900084F8643310BD90F8641390F86523CBB276
:107EA0009142D0B238BFD133181A704738B5054661
:107EB000D0F8600320B100F0C9FF0023C5F860339B
:107EC00095F86543E4B295F86433A34202D185F88E
:107ED000654338BD0134D12C28BF0024A31D05EB18
:107EE0008303586800F0B2FFEDE70246D0F8600364
:107EF00010B5A0B992F8651392F86443CBB2A142D1
:107F00000CD00133D12B28BF0346991D02EB810110
:107F1000486882F86533C2F86003043010BD002061
:107F2000FCE710B50446D0F8600320B100F08EFFE6
:107F30000023C4F8603310BDF8B5044600F042FFDA
:107F4000054600287CD0227EE369D2B9C3EA2343E8
:107F500000F1240200F5927142E9083342E9063348
:107F600042E9043342E9023320328A42F4D1204606
:107F70002946002200F092FF2846BDE8F84000F0B4
:107F800065BF021DD4E9086083FAA6F1EFF300870C
:107F90003F0128D491FBF0F17F2939DD05F114016F
:107FA00005F58A77626AE36902EB030C03EB42038F
:107FB000C3EA2C4CD61803EB4203C3EA2646D0187A
:107FC00003EB4203C3EA204002EB030E03EB420340
:107FD000E361C3EA2E4341E904C641E902031031DB
:107FE000B942DFD1C3E7F0B1471C022F82BF96FB35
:107FF000F0F693FBF0F3F11ACEE7E3690239606A19
:10800000C61803EB4003E361C3EA264342F8043B8E
:108010000129F2DC39B1606AD4E907130144C3EAEB
:10802000214342F8043B236A002005F58271E36195
:108030002076C3EA23438A4299D242F8043BFAE706
:10804000F8BD0000B1F5803F4FEA2123C8B20F49C7
:108050000FDA5A1C023331F9122031F91330C0F50E
:108060008071584302FB01008030001200F5C040CF
:108070007047C3F50072C3F5FF73013331F9122065
:1080800031F9133052425B42E9E700BFFE3700206E
:10809000F8B505460C4617461E46B4F5704F0BDD85
:1080A000D5F8083105EBC302013303F01F039460D8
:1080B0001773C5F80831F8BD002C0EDB21462846A1
:1080C000FFF7C0FF07B9404206F00F0305EB83033B
:1080D000D3F810210244C3F8102104F5805401366E
:1080E000DBE70000F8B500EBC1050646AC682F7B66
:1080F000214604F58054FFF7A5FFB4F5003FAC60BE
:1081000007DB002F7368044A18BF4FF44042134442
:10811000736007B94042F8BD0040FFFF2DE9F04110
:10812000D0E9428405464768A8EB0403DB0620D06B
:108130004646013E284606F01F063146FFF7D2FFAD
:10814000B4420744F5D1013455F83430B3F5003F5B
:108150000FDB04F01F04A045C5F80C4109D0013421
:1081600055F83430B3F5003FA4BF04F01F04C5F840
:108170000C413846BDE8F08138B504460D46FFF79E
:10818000CDFF4FF440432268002DA3FB0213A3F55B
:10819000C04300FA83F005DB002ABEBF636803F525
:1081A0004043636038BD000010B51446FFF7B6FFCA
:1081B000034BB4FBF3F4C4F54054204410BD00BF9E
:1081C0005555010038B515460A1E044603681DDAE8
:1081D000002B1ADBD0F85411D21AC91A0023080355
:1081E000090D09F081FB40F6FF7194F85031B0F5AC
:1081F000805F18BF014643B12B460022494220460A
:10820000FFF746FF002384F8503138BD002BFCDA1D
:108210005942D21A00230803090D09F065FB40F604
:10822000FF7194F85031B0F5805F18BF0146002B04
:10823000EBD12B46012249422046FFF729FF0123BB
:10824000E1E72DE9F047984690F8503104460E4694
:108250009146F3B10268D0F8541191424ED9B1421F
:1082600001D996424AD2891A0023B21A0803090D8D
:1082700009F03AFB40F6FF7143460022B0F5805FFB
:1082800018BF014620464942FFF702FF002384F849
:1082900050312568002D31DA002E2FDB694240F67F
:1082A000FF77721B00230803C4F85491090D09F0ED
:1082B0001BFBB0F5805F14BF0146394643460122DF
:1082C00049422046FFF7E4FE01234E4584F8503131
:1082D00014D3A9EB0501721B00230803090D09F053
:1082E00003FBB0F5805F18BF074643460022794282
:1082F0002046FFF7CDFE002384F85031BDE8F0871B
:1083000070B515460A1E044618DA0368002B15DB03
:10831000C3F10041D21A00230803090D09F0E4FA61
:1083200040F6FF712B460022B0F5805F18BF014672
:1083300020464942BDE87040FFF7AABE70BD70B547
:1083400005460E461446FFF7DBFF31462846FFF789
:1083500013FF04F00F0205EB8202B2F91031C2F8EC
:10836000100118462E6070BD70B505460E461446C5
:10837000FFF728FF31462846FFF7D0FE04F00F0232
:1083800005EB8202B2F91031C2F8100118462E60D6
:1083900070BDF8B505460E4617461C46FFF751FF5F
:1083A00031463A462846FFF7FFFE04F00F0305EB7F
:1083B0008303D3F81021C3F8100150112E60C0EBD5
:1083C000620000B2F8BD0000436A2DE9F74F054690
:1083D000D0E906462BB904EBC614846103B0BDE8AE
:1083E000F08FD0F8208000F0EDFC074620B9AB6993
:1083F00003EBC613AB61F1E7B5F93230444400F149
:1084000004080C2B2ED8DFE813F00D009200680052
:10841000CE0040002401A0005001E700AE00AE00F5
:108420007900370100F5827CD5F824E022464146E8
:10843000AF484FEA126BC2F30F290BF1010330F979
:108440001BB030F913A0C9F580330BFB03F309FB14
:108450000A3353FB0EF321F8023B8C453244E8D13A
:1084600004EBC6142B6AE41AB5F93430AC61002B66
:1084700040F0308128460022394600F00FFD384692
:1084800003B0BDE8F04F00F0E1BCE86A18B9384627
:1084900000F0DCFCABE7D5F824E007F5827C22464F
:1084A00041464FEA1269C2F30F2BB9F1FF0F09F1F0
:1084B0000103CBF5803A30F9199008BF002330F959
:1084C00013300BFB03F30AFB093353FB0EF321F8C4
:1084D000023B8C453244E4D1C2E76B6A23F34F037D
:1084E000821C00F5817C214600293144B4BF5842EA
:1084F000184622F8020F9445F6D1B1E72146C3464B
:108500004FF0000931444A4605F1380009F10109EC
:108510000191FFF729FF6B6AB9F1800F019903FB05
:1085200000F04FEA20402BF8020BEBD198E7D5F88A
:1085300024C000F58271224643463CFB12F023F82A
:10854000020B99423244F8D18AE76B6A00F58270D7
:108550002246D943434631FB12FC23F802CB984212
:108560003244F8D17CE700F1020B21464FF00009BC
:1085700031444A4605F1380009F101090191FFF73C
:10858000DEFEB5F932206B6A0A2A01990BBF5B4205
:1085900058434343001408BF1814B9F1800F2BF857
:1085A000020FE5D15CE7811C00F5817C2246686AF8
:1085B0004FF6FF7E930F013B012B94BFAEEBD233FE
:1085C000D313324495BF434343431B0C1B1421F880
:1085D000023F8C45EED143E7A96A4FF0FF3007F127
:1085E000020CD5F824E00B0C22464FEA51096FF03B
:1085F000004B6FEA5101B0FBF3FAC3F57F43FF3341
:10860000B0FBF3F007F58173019391450DD9130C7D
:108610000AFB03F31B0C0EFB03F31B0C2CF8023FAD
:108620003244019B9C45F0D11AE7914295BF09EB7A
:108630000203A2EB09031B0C1B0C96BF0AFB03F3FE
:1086400000FB13B303F100431B140EFB03F31B14D5
:10865000E4E76B6A23F34F03D5F828E0821C00F5AA
:10866000817C21468E45314494BF5842184622F8F9
:10867000020F6245F6D1F3E62146C2464FF00009EB
:1086800031444B46AA6A05F138000191FFF781FE9B
:108690006B6A09F1010901995843B9F1800F4FEA5A
:1086A00020402AF8020BEBD1DAE600F5827BA146E6
:1086B000C246B5F9303016EB09092AF8023B06D359
:1086C000686A01F0E5FB6B6AA0EB63002886D3457E
:1086D000EFD1C5E607F58272B5F93430B8F900106C
:1086E0000B4403F30F0328F8023B4245F4D1C1E6E3
:1086F000E4320020F8B56FF01F03002405460F4652
:108700004B43A1EB4116A34203600E4BA8BF4FF4AD
:10871000C043C0E942444360224631462846FFF741
:10872000EFFD31462846FFF727FD04F00F03013423
:1087300000B24433202C45F823002E603E44EBD198
:10874000F8BD00BF00A0FFFF2DE9F0419046C0F842
:1087500054216FF01F020F46002304464A43A7EB43
:10876000471600254245C0E942332EBF0F494FF45A
:10877000C0410123C0E9002180F850312B46314629
:1087800042462046FFF75DFD314642462046FFF750
:108790000BFD05F00F03013500B24433202D44F8E2
:1087A000230026603E44E9D1BDE8F08100A0FFFF30
:1087B0004FF00042FFF7C8BF00234FF4C042C0E9AA
:1087C0004233C0E9003270472DE9F04F00F5807E5A
:1087D000B1E8A00AB2E84015C5EA0643C6EA254456
:1087E000C7EA0845C8EA2746C9EA0A47CAEA294843
:1087F000CBEA0C49CCEA2B4AA0E8F8078645E7D13A
:10880000BDE8F04F70474FF000022DE9F00F00F582
:10881000807C00BFB1E8A00AC5EA0203C2EA254491
:10882000C7EA0205C2EA2746C9EA0207C2EA29489E
:10883000CBEA0209C2EA2B4AA0E8F8078445E9D14D
:10884000BDE8F00F70474FF000022DE9F00F00F582
:10885000807C00BFB1E8A00AC2EA0543C2EA050471
:10886000C2EA0745C2EA0706C2EA0947C2EA09089E
:10887000C2EA0B49C2EA0B0AA0E8F8078445E9D12D
:10888000BDE8F00F70472DE9F00F089C00F5007B64
:1088900051F8045B53F8046BC5EA0647C6EA25495C
:1088A00052F8045B54F8046BC5EA0648C6EA254A48
:1088B000A0E880078345EBD1BDE8F00F704700BF0B
:1088C00030EE410B34EE434B32EE412B20EE040BE5
:1088D00080EE027B37EE030B7047012104F0F0BEFF
:1088E00090F8A23090F8A3209A4281BF5A1C80F8D9
:1088F000A220C018807E98BF4FF0FF307047002341
:10890000C0E91033C0E90033C0E90233C0E90433E1
:10891000C0E90633C0E90833C0E90A33C0E90C33C3
:10892000C0E90E3380F8441070470B6803B1184754
:10893000704790F84530194214BF0120002070475D
:1089400090F845007047000070B590F8443001255C
:10895000114C06465B00204684F8305184F8A5305F
:1089600084F82F5104F0D0FD2046FFF7B6FF2B46C8
:108970002A4696F84410204604F010FF94F8A320ED
:1089800094F8A2309A4204D02046FFF7A9FFC0B263
:1089900070BDFF20FCE700BFD452002010B50521B8
:1089A0000446FFF7D1FF002384F8450084F84630E1
:1089B000002800F09A80C20703D5211D2046FFF74A
:1089C000B4FF94F845309B0704D504F10801204614
:1089D000FFF7ABFF94F84530580704D504F10C01BC
:1089E0002046FFF7A2FF94F84530190709D504F196
:1089F00010012046FFF799FF04F118012046FFF708
:108A000094FF94F84530DA0609D504F114012046A4
:108A1000FFF78BFF04F118012046FFF786FF94F85B
:108A200045309B0609D504F11C012046FFF77DFF68
:108A300004F124012046FFF778FF94F845305806EA
:108A400009D504F120012046FFF76FFF04F124014E
:108A50002046FFF76AFF94F94530002B44DA0621DF
:108A60002046FFF771FF84F8460000283CD0C1077C
:108A700004D504F128012046FFF757FF94F846304B
:108A80009A0704D504F12C012046FFF74EFF94F815
:108A900046305B0704D504F130012046FFF745FF5F
:108AA00094F84630180704D504F134012046FFF746
:108AB0003CFF94F84630D90604D504F1380120462D
:108AC000FFF733FF94F846309A0604D504F13C01D1
:108AD0002046FFF72AFF94F846305B0604D504F1E0
:108AE00040012046FFF721FF012010BD70B590F82E
:108AF00044300126144C05465B00204684F8306162
:108B000084F8A53084F82F6104F0FEFC2046FFF7BE
:108B1000E4FE3346042295F84410204604F03EFE5D
:108B200094F8A32094F8A2309A4209D02046FFF787
:108B3000D7FE85F849002046FFF7D2FE85F84800A9
:108B4000B5F9480070BD00BFD45200200A21FFF7DC
:108B5000CDBF000038B590F8443015460A4C5B0094
:108B6000204684F8A530012384F8303184F82F3171
:108B700004F0CAFC2946204604F0C6FC2046BDE8A5
:108B80003840FFF7AABE00BFD452002038B50546D2
:108B90000C460A460021FFF7DDFF85F8474038BD47
:108BA00008B580220021FFF7D5FF0A20BDE8084064
:108BB00001F0C8BB43688168003B18BF012343F044
:108BC0000202002908BF1A46C16842F004030029C6
:108BD00018BF1A46016942F00803002918BF1A4657
:108BE000416942F01003DBB2002918BF1A468169BF
:108BF00042F01803DBB2002918BF1A46C16942F0DF
:108C00002003DBB2002918BF1A46016A42F0400374
:108C1000DBB2002918BF1A46416A42F06003DBB29A
:108C2000002918BF1A46816A62F07F03DBB200296F
:108C300018BF1A46C16A62F07F03DBB2002918BF71
:108C40001A46016B62F07F03DBB2002918BF1A4697
:108C5000416B62F07F03DBB2002918BF1A46816BBB
:108C600062F07F03DBB2002918BF1A46C16B62F0C5
:108C70007F03DBB2002918BF1A46016C62F07F0344
:108C8000DBB2002918BF1A460421FFF763BF0A466A
:108C90001E21FFF75FBF0A461F21FFF75BBF0A4691
:108CA0002021FFF757BF000013B590F844300D4C5A
:108CB0005B00826412BA204684F8A5300123019239
:108CC00084F8303184F82F3104F01EFC0422204651
:108CD0000DEB020104F02FFC2046FFF7FEFD02B071
:108CE00010BD00BFD45200200A460821FFF7DCBFA8
:108CF0000A460C21FFF7D8BF0A461021FFF7D4BF60
:108D00000A461421FFF7D0BFC2F3074313B58DF80D
:108D10000430C2F307230E4C8DF8053090F8443030
:108D2000826420465B008DF8062084F8A53001237C
:108D300084F8303184F82F3104F0E6FB032201A9D6
:108D4000204604F0F8FB2046FFF7C7FD02B010BD37
:108D5000D45200200A461821FFF7D6BF4FF0E02377
:108D60004022C3F808227047F8B5124D124B6E68C6
:108D70001C686CB90F4B114A5B689B1B9B091380E5
:108D80000F4A1188994238BF1380BFF34F8FF8BD47
:108D9000237A63B1236820466F681B6898476B6825
:108DA000E288DB1B9B099A42A38038BFE380646999
:108DB000DFE700BF001000E020840020045A0320F9
:108DC000065A032070B572B61B4E1C48328800F15B
:108DD000700400EB8203A34202D362B6002070BD90
:108DE000196811B904330132F5E7B1FA81F54FF092
:108DF0000044EC4021EA0401196001B901323280DB
:108E00000F4A11880131118062B641F67C721B1A3B
:108E10004FF40260012400FB0323A2F5025202FB7F
:108E20000533084A1268D454D018074B1A888A426E
:108E300038BF1980D3E700BF085A032024840020DC
:108E4000005A03201C840020025A0320438872B673
:108E50000278012A03D9013A027062B670475909B3
:108E6000DB430B484FF0004203F01F0322FA03F3E9
:108E700050F82120134340F82130064B1A888A42CB
:108E8000054A88BF19801388013B1380E5E700BFBE
:108E900024840020085A0320005A0320C36830B5F8
:108EA00003B930BD187A90420AD158685C7A0069DB
:108EB00050F8245025B940F8241008780130087083
:108EC000DB68EDE7437A8B424FF0000385BF026910
:108ED00052F82100184642F82130704738B5437ADD
:108EE0008B4202D80024204638BD0369002253F883
:108EF000214043F82120002CF4D02378012BF2D913
:108F0000FFF760FF054628B14FF48072211D043041
:108F100001F066FC2378013B23702C46E3E7000058
:108F20000023C0E9003383600374024B1A681860A1
:108F3000C260704794840020037C10B5002B4AD196
:108F40000368002B49D04368002B46D0427A5B7AF5
:108F50009A4244D272B6244B1A68E2B9234B1A687B
:108F6000002A3ED01A68824226D10268D16861BBCD
:108F7000D060C16819600023C360917A0131917299
:108F8000012111724268947A11720C449472017436
:108F9000184662B60DE0D3680BB95269DDE75C682C
:108FA00041688C4206D15C7A417A8C4202D162B629
:108FB000042010BDDB68EFE702F10C03D268CFE7B5
:108FC000844202D162B60620F3E70C46C968002944
:108FD000F6D1E060CDE70120DBE70320D9E70220EE
:108FE000D7E70520D5E700BF208400209484002027
:108FF00070B4067C9DF80C5036B902724572C0E917
:10900000001370BCFFF798BF012070BC70470000D0
:10901000037C10B50446002B3AD04368427A5B7A51
:109020009A4237D272B60268D36813B962B6032087
:1090300010BD984225D1E368D3606268617A1369F4
:1090400053F8210040B1FFF701FF72B662680020BB
:10905000617A136943F8210021688B7A013BDBB206
:109060008B7203B90B72937A013BDBB2937203B933
:109070001372094B00201A682074E2601C6062B60B
:10908000D6E71A46DB689C42D5D0002BF9D1D4E74D
:109090000120CDE70220CBE79484002010B50446E0
:1090A000FFF7B6FF064B1A6822B11A68A24203D135
:1090B000E2681A60204610BD02F10C03D268F3E7A3
:1090C000948400200A4B1A787AB90A4A0A49C2F8ED
:1090D00058110A4AD021012082F846104FF0E022B0
:1090E0004021C2F80811187070470020704700BF77
:1090F000FA690320006800200DFD010000E400E093
:1091000010B504460023D2B200F078FD2046BDE839
:10911000104000F058BD70B505460C4651B10846E8
:1091200009F0D0FA2B680246214628465B68BDE864
:109130007040184770BDFFF7EEBF10B50446FFF74B
:10914000EAFF2046BDE8104000F03DBD00220123AB
:10915000084410B5002903DC9BB243EA024010BD6D
:10916000441A0239248813FA84F31A44F2E70000FF
:1091700070B572B6274E348891B9056885B1037908
:109180000F2B0ED844FA03F212F0010237D003F18C
:10919000007303F5E943B5EB431F02D162B670BD1E
:1091A000002144FA01F212F001022AD101238B407E
:1091B0001C43348062B6184C0171E36F43F0C00366
:1091C000E36740F28244154B1C60997699771976D3
:1091D000D97701F1007381F0030103F5E9435B01E5
:1091E0000360C3E90022C3E90222C3E90422C3E900
:1091F00006220B4A8B5C63F03F038B54CFE711468A
:10920000CFE701311029CCD162B600230171036090
:10921000C5E700BF325A032000C00F4000800E4057
:1092200000810E4003790F2B0FD8084A937672B64F
:109230000749012203799A400B8823EA02030B8035
:1092400062B61023037100230360704700800E4054
:10925000325A032001207047B0F84630B0F8482059
:109260009BB292B2934229BF416B02F1FF3201F1EE
:10927000FF315218D01A7047016972B6B0F84A200F
:10928000B0F84C3092B29BB29A423CBF806B12183D
:10929000C86AD31A62B6C0F3026018447047B0F8C7
:1092A0004A100246B0F84C3089B29BB2994210B5D0
:1092B0001BD1046972B6B0F84A0080B2814213D162
:1092C000E36A13F0E06F0CD00123E069A2F84A30A2
:1092D0000023C0F30900A2F84C30136A587062B63C
:1092E00010BD4FF0FF30FAE762B6916B013399423F
:1092F00098BF0023116B99428EBF126A5B1A526AA3
:10930000D05CC0B2ECE730B5B0F84A500446B0F8D3
:109310004C30ADB29BB229469D4213D1026972B660
:10932000B0F84A50ADB2A9420BD1D36A13F0E06F46
:1093300004D0D069C0F3090062B630BD4FF0FF30F1
:10934000FAE762B60133A26B216B9A4298BF002301
:10935000994213D9216AC85CA16DC0B2A4F84C30FF
:109360000029EAD09D4236BF5219EB1AD31AE26B9C
:109370009A42E2D3E36DC1F88830DEE7591A606A99
:10938000405CE9E710B5044694F8443003B910BDD9
:10939000DFF7FCFEF8E7000038B543690446DA68F9
:1093A0001B6912681A4223D0056994F8443003F00F
:1093B000FF01F3B9A9616269207E0F4B02EB001037
:1093C000007D03EB0010456805202860657E02EBF8
:1093D000051292F8342003EB02135B681860A36D4A
:1093E000A4F84A10A4F84C1013B1E26DC3F884201D
:1093F00038BDDFF7CBFED8E7FC2E0020EFF313805B
:10940000A0B9EFF310839BB9EFF305825AB10F2A8D
:1094100001D9084B9B5CEFF3118212B1934228BF34
:109420001346184670474FF48073F4E74FF0FF304F
:10943000704700BFF0E300E0036B416201B11344E9
:10944000002241698363A0F84A20A0F84C20B1F8BB
:1094500058209A1AC263B1F85A209B1A03647047C5
:10946000C36A816201B1134443630023A0F846300C
:10947000A0F848307047F8B5036D04460F460669FA
:1094800013B1426DC3F88420A37E2BB172B6B369C9
:1094900043F00053B36162B6B4F84650636BADB2AB
:1094A0000135AB4298BF0025B4F848309BB2AB42BF
:1094B00010D0E36AAB4233D9E3695F5572B601203D
:1094C00084F84400A4F84650B36943F40003B36140
:1094D00062B6F8BDFFF792FF6369B3F85630834276
:1094E00018DB73691B02DFD5B4F84830626B9BB29E
:1094F00001339A4298BF0023E26A9A4206D9E26990
:10950000D25CD2B2F261A4F84830CDE79A1AA16ACF
:109510008A5CF6E7B0F5807FC6D1DFF737FEC3E798
:10952000EB1AA26AD754C9E7FFF7A5BF03695A69C6
:1095300012F4401FF0B53AD0DA6A12F0E06FC2F3CD
:1095400002652DD0B0F84A20B0F84C4092B2A4B2D7
:10955000876B511CDE698F4298BF0021B0F84C70B8
:10956000BFB28F4207D0026BC6F309068A4261D9A7
:10957000026A56540A46691E11F0FF05E8D1856D4E
:109580001146A0F84A205DB1A24237BF816B121B81
:10959000091B5218016C914202D8C26DC5F8842093
:1095A0005A69D10203D55A6942F480125A619D6901
:1095B0002A0225D55A69170222D5B0F84640B0F8DC
:1095C0004820A4B292B2A2420ED0416B0132914225
:1095D00098BF0022C16A914230D9C169895CC9B281
:1095E000D961D96A4E05EED5A242A0F8482007D12C
:1095F0009A6922F400029A619A6942F480029A619F
:10960000690216D55A69520213D5002280F8442007
:10961000026D12B1416DC2F88810827E2AB172B615
:109620009A6922F000529A6162B69A6922F4800225
:109630009A61F0BD8A1A476ABE549BE7511A866A3E
:10964000715CCCE770B50C4900220C4C0D462378B8
:10965000D6B2B34209D85A1C45F823002270084AF2
:10966000137843F00203137004E051F8046B0132E5
:109670008642EDD170BD00BFF4840020FF69032055
:109680006581032007EE901A9FED897AB6EE005AA5
:109690000369F8EE677A4FF0010C9FED866AC7EE1A
:1096A000275A2DE9F041042441F6FF75264607EEBE
:1096B000904AF8EEE77A85EEA77A77EE057AFDEE26
:1096C000E77A17EE901AA942A8BF29460129B8BF28
:1096D000012107EE901AF8EEE76A76EEC76AC6EE49
:1096E000877AF5EEC07AF1EE10FA01D5F1EE677ADD
:1096F000F4EEC67AF1EE10FA03D8B0EE676A2646A9
:109700008C460134212CD2D10021846B12F4007FCD
:10971000DFF8B081A0F84A100F46A0F84C10A0F86E
:109720004610A0F848104169B1F85850A4EB05055F
:10973000C563B1F85A5080F84470A4EB0504CF68B3
:109740000D6904643C6844EA05043C60C2F34024AB
:10975000847679D1047E584F01EB041494F814E018
:1097600008EB0E1EDEF808502F60DEF80470A569C5
:109770003D60E7690FB1246A3C60477ED92401EB64
:10978000071797F834E008EB0E1EDEF808502C603F
:10979000BF6BDEF804402760447E01EB0414E76BE6
:1097A0000FB1246C3C60741E082E4FEA0464CCBFD9
:1097B0000026012604F0F8544CEA464C4E684978DD
:1097C00044EA0C0410311C610024DC603B4C44F87A
:1097D000216044690127617894F8564001F16041A5
:1097E00001F564410C7046697478610904F01F0446
:1097F00001F1382107FA04F4570701F140014FEA5B
:1098000081010C604FF0021102F00304D962996AE1
:1098100041F08801996221D444F4701112F0200FB4
:10982000847E26D041F080512CB3447E06EB041494
:1098300094F8344008EB0415AD682C6824F44044D7
:109840002C6041F0A00116E0477E4FF2D90401EBF5
:10985000071797F834E008EB0E1E96E702F00F01A9
:10986000042915BF44F47011154941F0100121433A
:10987000D4E7002CE5D11507996103D5196941F0AA
:10988000005119615969D40654BF21F0805141F04B
:109890008051D205596103D51A6942F400521A6108
:1098A000B3681BB1BDE8F041FFF7CCBEBDE8F08165
:1098B000001BB74BEC78AD6038F001000068002069
:1098C00010003C40FC2E00200148FFF72FBE00BFD7
:1098D00020520020704770477047704738B5064CDB
:1098E0000525013D06D0A36C04F15000183CDB684F
:1098F0009847F6E738BD00BFC06A002003682DE92D
:10990000F043054687B01746002B4BD000229A60E3
:109910000122DA6003F1BF231826DFF8D89002A8ED
:1099200003F577031C1151F8083B664300935B680D
:1099300006F10808984759F8063008EB0900DB687B
:109940009847009B234A02A908EB090049F8063012
:1099500000929B689847009B02A8DB6898472B6899
:1099600003221F609A601C4A2B7913551378517893
:109970008B4228BF0B469178D2788B4228BF0B468A
:109980001649934228BF1346154AC2F82812154AB1
:10999000012082F87A304FF0E0234FF08062C3F864
:1099A0000C2114E0104AD36E43F44053D3660122D5
:1099B0000E4B1A6003F580730D4A03609868002807
:1099C000A8D0103393422B60F8D10020286007B054
:1099D000BDE8F083C825002087660020110A020038
:1099E0000068002000E400E000C00F400040084094
:1099F00040410840C06A0020F8B50368064643B3FA
:109A000003F1BF231825134F03F577031C1165439A
:109A10007B5905F10800DB68384498470E4B00215C
:109A200001227B5133689960DA60FF230B4A13559A
:109A300013785078834228BF03469078D2788342C7
:109A400028BF0346934228BF1346054A82F87A305E
:109A50003160F8BDC06A0020C8250020876600205C
:109A600000E400E050F8083B1B68184738B5174C75
:109A7000174D2368AB4207D0164BDA6822B101229A
:109A80002046DA60FFF7EEFFA369AB4207D0114B27
:109A9000DA6922B101221048DA61FFF7E3FF236B94
:109AA000AB4207D00B4BDA6A22B101220B48DA62D3
:109AB000FFF7D8FFA36CAB4207D0064BDA6B22B19D
:109AC00001220748DA63FFF7CDFF38BDC06A0020E6
:109AD000C825002000410840D86A0020F06A002014
:109AE000086B0020054A0020054B06491A609A6160
:109AF0001A639A64044A03F00DBB00BFC825002016
:109B0000C06A002081080200C85A0020F8B5074644
:109B10000C4669B18E180025B44201D12846F8BD23
:109B20003B68384614F8011B1B6898470544F3E767
:109B30000D46F3E7012AF0B508BF0A228BB0A9B998
:109B4000302221248DF825203BB1631E0AAADCB205
:109B500052FA83F32D2203F8242C036801A9C4F1DF
:109B600022025B68214498470BB0F0BD212404F128
:109B70002807B1FBF2F602FB16156F44092D94BFBE
:109B8000303537358A4207F8245CDDD8013C314650
:109B9000E4B2ECE770B505460C46084649B108F05A
:109BA00091FD2B680246214628465B68BDE870405F
:109BB000184770BD00294FF00A02BABF49422D2351
:109BC0000023FFF7B7BF40F60D2307B5ADF804300B
:109BD0000222036801A95B68984703B000BD00003A
:109BE000054B022888BF0346186810B4446818461D
:109BF000234610BC184700BF1052002010B422B9F1
:109C00000368C9B21B6810BC184710BCFFF792BFAD
:109C100000000000B4EE400B70B5F1EE10FA0646FD
:109C20000D462DED048B86B008D74249FFF7B2FFF1
:109C30000446204606B0BDEC048B70BDB0EEC07B80
:109C40009FED346BB4EE467BF1EE10FA01DD3A493C
:109C5000ECE79FED327BB4EEC70BF1EE10FA02DDBC
:109C600036493046E2E79FED2F7BB4EEC70BF1EEAD
:109C700010FAF5D4B5EEC00BF1EE10FA44D5B1EE02
:109C8000400B0123B6EE008B00229FED286BD1B272
:109C90008D423BD830EE088B0A223046BCEEC89B82
:109CA00019EE101AFFF746FF0446002DC1D0B8EE9A
:109CB000490B0F2DB2EE046B4FF02E0328BF0F257A
:109CC00002A938EE400B8DF808302A4620EE060B2C
:109CD000013A12F0FF02FCEEC07BCDED017A9DF857
:109CE000043007EE903A03F13000B8EEE77B01F85C
:109CF000010F30EE470BE9D10135336802A9304638
:109D00005B68EAB2984794E70023BBE728EE068B2E
:109D10000132BCE7FFFFFFFFFFFFEF7F000000E025
:109D2000FFFFEF41000000E0FFFFEFC19A99999912
:109D30009999B93FA64B0020AA4B0020AE4B0020BA
:109D4000F0B53C2440F26D1E64274FF4C87CB0FB94
:109D5000F4F2B2FBF4F304FB120004FB13220870CC
:109D600018204A70B3FBF0F200FB1233101D8B7009
:109D70000723B0FBF3F3C3EBC303C01AC870002082
:109D80000446C3B203F2B27313F0030549D193FB47
:109D9000F7F607FB1636002E46D193FBFCF60CFBBC
:109DA0001636002E0CBF4FF4B77676463444A242E6
:109DB00035D246308871D5BB642693FBF6F006FB9E
:109DC0001030B8BB4FF4C87693FBF6F006FB1030AA
:109DD000A84240F26D1008BF4FF4B770121B1A4F23
:109DE00002440020012828D14DBB642693FBF6F4E1
:109DF00006FB14342CBB4FF4C87693FBF6F406FB39
:109E00001434AC420CBF1D241C24944203D80130EE
:109E1000121B0C28E6D1013248710A71F0BD0130E5
:109E2000AFE740F26D16C1E74FF4B776BEE740F2F8
:109E30006D10D3E74FF4B770D0E73C5CE5E71C2426
:109E4000E3E71D24E1E700BFA84E00200C4A0D49BE
:109E50001368002B08BF0B460B4993FBF1F001FB85
:109E600010330A49484344F2A71101FB030000F1F3
:109E70000043013B30EA200028BF184610607047BD
:109E8000247A002024D95B071DF30100ECF4FFFFC6
:109E900010B5044628B1FFF7D9FFB0FBF4F303FB7C
:109EA0001404204610BD884210B5044603DA081A8F
:109EB000FFF7EEFF0444204610BD10B504460068CD
:109EC00007F0C8FE204610BD38B504460D460068B0
:109ED000013107F071FF10B1C4E90005012038BD60
:109EE00043688B4210B5044606D2FFF7EDFF20B160
:109EF000A3680BB922681370012010BDF8B50446A1
:109F00000F46154632B9036803B11A700023A360E7
:109F10002046F8BD1146FFF7E3FF0646206836B934
:109F200010B107F097FE266000236360EFE7394623
:109F3000A56008F0BFFBEBE738B5002304460D46EB
:109F40008360C0E9003339B1084608F0BBFB2946FD
:109F500002462046FFF7D2FF204638BD826808B58A
:109F60003AB921B10878B0FA80F0400900E0012048
:109F700008BD006809B90078F5E708F091FBF2E741
:109F800083688B4203D9006810B1405C70470020A1
:109F90007047FFF7F5BF00002A28F8B5044601D93D
:109FA0000020F8BD1B4D2B784BB11B4F1B4EBB6CDB
:109FB00018061ED4B36C13F080031AD12B70184B03
:109FC0001B5DFF2BECD0174A02EB041291680A6864
:109FD00002F44050B0F5805F02D122F480520A6052
:109FE00019060CD40C4C2360236ADA0704D5606A86
:109FF000D7E7DFF7CBF8DAE7DFF7C8F8F4E703F0E5
:10A000007F03064C2360236ADB07F0D4DFF7BEF83A
:10A01000F9E700BF3E80032000400C4000800C4068
:10A02000AB500020FC2E0020082823D00A2814BFA3
:10A030004FF446724FF405721048436C416C6FF355
:10A04000090301F003011943436C03F0E0030B43E0
:10A050001343436400F58040436C416C6FF3090384
:10A0600001F003011943436C03F0E0030B431A436F
:10A07000426470474FF44072DEE700BF00400C407E
:10A08000884BF0B55A699C69A3F5F823D968864BCB
:10A09000984255D8854B1925B0FBF3F36B4303F277
:10A0A000B63340F22765AB4228BF2B467D4ED6F82B
:10A0B000805045F0C005C6F880501925B3FBF5F374
:10A0C00001F01F05203B9D4207D221F01F01784D72
:10A0D0001943E9602E68002EFCDA12F000751ED1DB
:10A0E000744E3769744EBE4306BF2E4603250126C3
:10A0F00082EAC56717F0605F05D022F0605242EA3D
:10A10000C562684D6A6184EA063515F4405F32D154
:10A1100042F00072634C6261A56CAF06FCD401256D
:10A12000664F2E4605FB06F44443BC422DD904F588
:10A13000B700634C00F55860A04230D96C2433E07E
:10A14000604B98420ED9604B98420ED95F4B9842B3
:10A150000ED95F4DC31AB3FBF5F319256B4303F218
:10A16000E2439EE740F27E43A0E740F297439DE73B
:10A1700040F2E2439AE724F440544A4D44EA06345C
:10A18000AC61AC6C2407FCD4C2E7082E01D00136C8
:10A19000C8E7042D65D904F5B70000F55860B8424A
:10A1A00062D94C4CB0FBF4F4424F4A48D7F800C097
:10A1B000DFF840E160430CEA0E0E44F0004CB0FBC7
:10A1C000F6F04CF4005CE645B0FBF5F04ED1354FAF
:10A1D000741ED7F810C00CF00706A64251D1013DFD
:10A1E000AC0282EA852515F4E05F4FD13A4C3B4D35
:10A1F0000419AC4296BF3A4E0426B4FBF6F6751E1F
:10A200002C0282EA052515F4407F264D05D022F464
:10A21000407204F4407414436C616A69214C22F06A
:10A2200000726A61A26C9206FCD42E4A2E4C106019
:10A230004FF0FF32B0FBF6F626602C4CB0FBF4F486
:10A24000B2FBF4F22A4C226001F01F02934207D2C3
:10A2500021F01F01164A0B43D3601368002BFCDA70
:10A26000F0BD013501265DE736249DE74FF4805CA3
:10A2700044F40054C7F800C03C603C68002CFCDA91
:10A28000A5E73C61BC6CE603FCD4A8E704F4E05409
:10A2900022F4E0522243034C6261A56CAD07FCD46A
:10A2A000A4E700BF00C00F40001C4E0E0048E801AC
:10A2B0000000084000800D4040300080FFB19F2624
:10A2C000FF7EF64DFF0A6B1B00A4781F0046C323D8
:10A2D000003FAB01001BB7007FD1F0087F17B42C03
:10A2E00080D1F008E8500020E450002040420F00E8
:10A2F000304E03207F30018070B50D4B01240D4E90
:10A300000D4D53E8002F3068296843E80042002AC9
:10A31000F7D10A4B5B680A4A5B1A1268A2FB032357
:10A320004FF47A725043934294BFC018801870BDA6
:10A33000185003201450032010500320001000E098
:10A34000304E032038B5044688B1FFF7D5FF0546E7
:10A35000FFF7D2FF401BB0F57A7F02D2DEF716FF7F
:10A36000F6E7012C03D0013C05F57A75F0E738BD1E
:10A37000362810B50BD802010A4B03EB00109B588E
:10A38000C2685C68144206D011B1C3F8842010BDC5
:10A39000C3F88820FBE7836811B1034A1A60F6E727
:10A3A000024AFBE7FC2E002038F0010038300100A3
:10A3B00036280BD80201064B03EB00109B589A6815
:10A3C000C3681A4214BF0120002070470020704764
:10A3D000FC2E0020362830B517D8134B0201012976
:10A3E0009A5803EB00105468D0E9023501D00429D3
:10A3F0000CD12C430129546001D1382201E040F6F0
:10A4000038021A60152243681A6030BD24EA050438
:10A4100054600029F1D0022901D1044AF1E703294F
:10A420000CBF034A034AECE7FC2E002038F0010081
:10A430003830010038000100114B0021114A30B5BD
:10A44000C3F8F0220122104D104CC3F8F412C3F8E7
:10A45000B820C3F8A010C3F8A450C3F8B0205869BE
:10A46000C007FCD55A612078C007F0D41A6842F0C2
:10A4700001021A60024A1368DB07FCD462B630BDE1
:10A4800000802A400504012401000F0000812A40B9
:10A4900030B50C484FF6FF740B4BA3F580520021EA
:10A4A0001588A54203D0023201319A42F8D303F550
:10A4B000805320F8021BB3F1C14FEED1034B0122B0
:10A4C0001A7030BDD65A032000107C60D78003205C
:10A4D00038B541F2BB030446984226D8144B1B788A
:10A4E0000BB9FFF7D5FFA2083F23124804F003047D
:10A4F000B2FBF3F3C3EB831144EA8304521A02F56F
:10A50000C02130F81220FF2001F5F86152000B0342
:10A5100002EB0132934200D338BD33F8021BCDB2B7
:10A52000090AA54208BF0846F4E7FF20F4E700BF88
:10A53000D7800320D65A0320F8B50D46144672B6CC
:10A540002E4B40F206412E4A9A610222DA61002225
:10A55000C3F8A020C3F8F0120119C3F8F422C3F81D
:10A56000F822C3F8FC224FF47022C3F8A420012281
:10A57000C3F8B02020F01F02BFF34F8F4FF0E0264A
:10A58000C6F85C2F20329142FAD8BFF34F8FBFF349
:10A590006F8F5A69D607FCD501221A4920F07F40F7
:10A5A000164F5A61C3F8F01242F20121C3F8F412B7
:10A5B000A1B2C3F8BC2041F47021C3F8A000C3F8D5
:10A5C000A410C3F8B0207B69DA0705D541237B616D
:10A5D000BDE8F840FFF730BF5906F4D5082C0BD87A
:10A5E0003CB126462946A41B35443246064800F0B5
:10A5F000F7F840237B61E6E70826F3E700802A406E
:10A60000F05AF05A3204180880812A4010B472B609
:10A61000274B284A9A610222DA6140F20642C3F8C7
:10A62000F0220022C3F8F422C3F8F822C3F8FC2277
:10A63000C3F8A0204FF47022C3F8A4200122C3F86D
:10A64000B02020F47F6222F00F02BFF34F8F02F19F
:10A65000200402F58051A14294BF012180214FF0D6
:10A66000E02402EB4111C4F85C2F20328A42FAD177
:10A67000BFF34F8FBFF36F8F5A69D107FCD501210C
:10A680000D4A5961C3F8F0220C4A0240C3F8A020D9
:10A690004FF47022C3F8A420C3F8B010044B5A69D9
:10A6A000D207FCD5012210BC5A61FFF7C5BE00BF1E
:10A6B00000802A40F05AF05A2004180800F0FF00E9
:10A6C00041F2BB0398422DE9F0470446C2B08A46E6
:10A6D00030D8364B1B780BB9FFF7DAFEA7083F23BB
:10A6E00004F00304DFF8C890FF21B7FBF3F3C3EBDA
:10A6F000831244EA8304BF1A07F5C02339F81750C0
:10A7000003F5F86368004FEA033800EB0330434673
:10A71000834212D351450DD0B5F5006F02AE14D26D
:10A7200044EA0A240135022231463480FFF704FF4F
:10A7300029F8175042B0BDE8F08733F8022BD6B2A3
:10A74000120AA64208BF1146E2E74FF48072FF21C9
:10A75000304640F6010507F03CFE08F58053984569
:10A7600028BF01254346013D1AD106F804A02C4616
:10A770004046FFF74BFF16F8013BFF2B0BD044EA96
:10A780000323022208EB450001350DF10601ADF867
:10A790000630FFF7D1FE0134B4F5807FEBD1C7E777
:10A7A00033F8022BD1B2120A7254DCE7D7800320AF
:10A7B000D65A032070B504460D468618B44200D11F
:10A7C00070BD284614F8011B0135FFF779FFF5E746
:10A7D00008B50AF037F8F3F755FADEF7D7FCFAE7D1
:10A7E000844641EA000313F003036DD1403A41D39C
:10A7F00051F8043B40F8043B51F8043B40F8043B5B
:10A8000051F8043B40F8043B51F8043B40F8043B4A
:10A8100051F8043B40F8043B51F8043B40F8043B3A
:10A8200051F8043B40F8043B51F8043B40F8043B2A
:10A8300051F8043B40F8043B51F8043B40F8043B1A
:10A8400051F8043B40F8043B51F8043B40F8043B0A
:10A8500051F8043B40F8043B51F8043B40F8043BFA
:10A8600051F8043B40F8043B51F8043B40F8043BEA
:10A87000403ABDD2303211D351F8043B40F8043B8A
:10A8800051F8043B40F8043B51F8043B40F8043BCA
:10A8900051F8043B40F8043B103AEDD20C3205D39A
:10A8A00051F8043B40F8043B043AF9D2043208D092
:10A8B000D2071CBF11F8013B00F8013B01D30B8804
:10A8C00003806046704700BF082A13D38B078DD0E2
:10A8D00010F003038AD0C3F10403D21ADB071CBFB4
:10A8E00011F8013B00F8013B80D331F8023B20F81E
:10A8F000023B7BE7043AD9D3013A11F8013B00F857
:10A90000013BF9D20B7803704B7843708B788370DE
:10A910006046704707F096B907F094B907F09AB906
:10A9200007F098B970B503460025B3FBF2F002FBBF
:10A930001034092C94BF303437349A424C5502D825
:10A9400003460135F1E74B190022481E5A70AC1A34
:10A95000A24201DB084670BD10F8014F01321E789B
:10A96000067003F80149F2E7B4EE400A80EAE073AA
:10A970002DE9F043F1EE10FA804689461446A3EB28
:10A98000E0732DED028BB0EE408A85B030D7032BFB
:10A99000B8BF032300281A46A3F1030307DA2344B0
:10A9A0002146202099421DD1033C0023144418EE77
:10A9B000102A4E21002ABCBF2D2204F8012B41226F
:10A9C00021706270E21CA170D91C10462144202421
:10A9D00088420AD10021D018D15405B0BDEC028BB9
:10A9E000BDE8F08301F8010BDCE700F8014BEFE76D
:10A9F000F0EEC07A9FED7A7AF4EE477AF1EE10FA33
:10AA00002EDDB5EEC00AF1EE10FA24D504229A42EA
:10AA1000B4BF9B1A0023B8F1000F04DA23442022AC
:10AA20009C421AD10023B5EEC08AF1EE10FA02D58D
:10AA30002D2204F8012B4922462122704E22A170BA
:10AA4000D91C6270E21C2144202410468842C1D0E7
:10AA500000F8014BFAE70322D9E704F8012BDFE7FE
:10AA600002AA01A9484607F0EAFA019D074659EAF9
:10AA700005034AD1027801255A4F5B4B0195342AD0
:10AA800098BF1F46384607F01DFEA842064640F311
:10AA9000A380002D06F101063FD101360025029862
:10AAA00000B10136A8EB0603A119002B62DD1944A1
:10AAB000E2184FF0200C2346934258D110B12D22BA
:10AAC00003F8012B002D57D1B9F1000F06D01A461B
:10AAD000302002F8020B2E2058701346013F2E251D
:10AAE00099421A4667D8B8F1000F0ADA464413466D
:10AAF00020257142961BF01A00286ADC0029A8BFA5
:10AB0000521800232046137067E76B429945BEBF79
:10AB1000C9F10005344F0195B4E7C0DAB9F1000F6F
:10AB2000BDD005EB090309F102069842B7D9F2EE50
:10AB3000047A4B4602E028EE278A013B002BFADC20
:10AB4000B9F1000F02AAB0EE480A03A9ACBFA9EB05
:10AB50000900484607F073FA019D039B09F10102C1
:10AB600007465B1B934204BF0135019597E703F845
:10AB700001CBA1E72346A1E7B0DAB9F1000FADD0D0
:10AB80001A462E204FF0300E4FF0000C02F802EB68
:10AB90005870C5F1020003441046984206D1531B79
:10ABA000BCF1000F9AD00022019297E74FF0010C00
:10ABB00000F801EBF1E717F8010F02F8010B9142E1
:10ABC00091D001980138019008B99A1C5D70134624
:10ABD00086E703F8015B8EE7002D3FF45EAF5EE78A
:10ABE000FFFF7F7F853E0020F03E00204FF4704342
:10ABF0000022F0B5A0F88C310F2360274FF4604697
:10AC0000A0F88E314FF48065A0F890211146B0F87D
:10AC1000883148F2B82443F0F003A0F8883107FBEC
:10AC200002030132042A9E80DD80598419865980EE
:10AC30005981DC815982D9825983D983EFD1B0F807
:10AC4000883143F00F03A0F88831B0F8883143F41D
:10AC50007063A0F88831F0BD00224FF00F0CF0B502
:10AC6000114641F2010745F6C05643F2260400EBB7
:10AC70004213550101329981042A5981A3F80EC06B
:10AC80009F82DE80415319829C81F0D1F0BD00008B
:10AC9000154A164808B5936F43F47F039367D2F8BB
:10ACA000803043F07C4343F44033C2F88030FFF7F8
:10ACB0009DFF00F58040FFF799FF00F58040FFF70A
:10ACC00095FF00F58040FFF791FFA0F50310FFF717
:10ACD000C3FF00F58040FFF7BFFF00F58040BDE8EF
:10ACE0000840FFF7B9BF00BF00C00F4000C03D40A3
:10ACF000074A506A936A10B51C460146506A936A27
:10AD00009C42F9D18142F7D1DB0B43EA404010BDB0
:10AD100000400D4072B6EFF30583504CC4F8843008
:10AD20001EF0040F0CBFEFF30882EFF309824FF01F
:10AD3000E0234B4ED3F8281DC4F88810D3F82C1DFF
:10AD4000C4F88C10D3F8341DC4F89010D3F8383DF3
:10AD5000C4F894309369C4F89830D369C4F89C302F
:10AD600000F0C6F884ED280AFFF7C2FF0B233D4A26
:10AD7000C4F8A400C4F8803010464FF0FF331168C7
:10AD8000202504324B4043F300073749013D07EAD1
:10AD9000010181EA5303F6D1B242F0D1C4F8A830E0
:10ADA000BFF34F8F4FF0E023304AC3F8700FC3F862
:10ADB000702FBFF34F8FBFF36F8F2D4A2D4CD36E83
:10ADC0002D4843F44053D36602232360D36923F014
:10ADD0007F0343F04003D361284B1B68834201D9B2
:10ADE000FFF74EF9002301264FF0FF322360C4F82D
:10ADF0000831234BC4F800314FF0E023C4F8086158
:10AE00001C4CC3F88021C3F88421C3F88821C3F8FF
:10AE10008C21C3F89021D4F80C216B1C22B14F2B4C
:10AE2000C4F80C6103D81D4600F0BEF9F3E7154BDA
:10AE300002221549C3F840214FF00042134B144839
:10AE40005A630C4AD2F80C312BB14FF0E023114A6F
:10AE5000C3F80C2DFEE70863F4E700BF00FF2720CE
:10AE6000A8FF272080FF27202083B8EDA0FF272000
:10AE700000C00F4000400840803DCD0BE85000204E
:10AE8000009F240000002E4000800F4000900D40E5
:10AE9000F100AD0B0400FA05084A08B50346106836
:10AEA0004BB1034406498B4206D907F0C3FB0C2380
:10AEB00003604FF0FF3008BD1360FCE7C45A002068
:10AEC00000002820002070474FF0FF3070474FF4FB
:10AED000005300204B607047012070474FF0FF3057
:10AEE000704730BFFDE730BFFDE7FFF713BF00003D
:10AEF000124BD3F880205207FBD5D3F88030104A8C
:10AF0000C3F30B2392ED000A07EE903A0D4BB8EE17
:10AF1000400A93ED007AF8EEE77A0B4BB8EE477AE9
:10AF200077EEC77A93ED007A084B67EE877AD3ED18
:10AF3000006A87EEA67A30EE470A704700810D401E
:10AF4000204E03201C4E0320244E0320284E0320B5
:10AF500030B5224C01B30904214B012541F0800199
:10AF60009860A360596000F580511D60D96000F5BC
:10AF70000051196100F5405100F580405961986118
:10AF80000023E360174BD3F8B0112943C3F8B01185
:10AF9000D3F8B0110029FBD1134B0121002A4FEA4D
:10AFA0000242196048F2800108BF802159600021E7
:10AFB000C4E9123199604FF001110A4BC3F8BC117A
:10AFC000D3F8B01141F48031C3F8B01107490A60D9
:10AFD000D3F8B021002AFBD130BD00BF0000002013
:10AFE000806B002000002E40606B00202C8C002025
:10AFF000836BF0B51BB1536843F40043536072B6E2
:10B00000446B184B24B32260D3F8B0410C421CD1DE
:10B01000154E7768D3F8404144F48044C3F840416A
:10B02000D3F8B841D3F840516D0404D47568ED1BD2
:10B03000B5F5166FEED30C4007D1C0E90224094CD8
:10B04000D4F8B0310B43C4F8B031426362B6F0BDFE
:10B05000C0E90224D3F8B0410C43C3F8B041026305
:10B06000F3E700BF00002E40001000E070B5054679
:10B07000006B38B102460024536813F0800302D0FD
:10B080002A633CB970BD12680134012AF4D1C5E9C4
:10B090000C33F6E70668013CAB6B98473046F0E7A7
:10B0A00070B504460E46154600213C22043007F0D8
:10B0B00090F901232660A360A56370BD1F4A10B5F7
:10B0C00009B309041E4B012441F080019860936488
:10B0D000596000F580511C60D96000F5005119617C
:10B0E00000F5405100F58040596198610023D36418
:10B0F000144BD3F8B01141F48031C3F8B011D3F838
:10B10000B0110029FBD1104B012119608021596039
:10B110000021C2E9023199604FF00112094BC3F8D6
:10B12000BC21D3F8B02142F00102C3F8B021074A94
:10B130001160D3F8B021002AFBD110BD000000201F
:10B14000806B002000002E40606B00202C8C0020C3
:10B1500072B6094A0123117883400B431370074AE2
:10B16000D2F84831190605D480210B43C2F84411A6
:10B17000C2F8483162B670471E81032000002E409D
:10B18000074A01238340107820EA0300107030B989
:10B19000044AD2F8483123F08003C2F8483170479E
:10B1A0001E81032000002E402DE9F043A14E85B002
:10B1B000D6F84451E807C6F8445132D4690600F184
:10B1C0005B82EC0103D59C4B1B6803B19847A80137
:10B1D00003D59A4B1B6803B19847690708D5954B6F
:10B1E000974AD3F8843113F4007318BF0123137006
:10B1F000904BD3F848311A0640F15B822B0640F1A0
:10B200005882904A1378002B00F04E82013BDBB24B
:10B210001370002B40F048820620FFF7B1FF09F0C1
:10B2200001FBD6F8AC31884F002B4CD1D6F8BC418D
:10B23000002CC3D0854AC6F8BC4111680C4223D00B
:10B24000136042F22102824B1E68B1B2914211D1C9
:10B250009B887BB97F4A804B1068918886289279B9
:10B26000186099809A7105D10620FFF771FF754B20
:10B2700050221A70794B9E4202D0794B9E4203D1E4
:10B280007449734800F0E2FD764B1B681C4095D072
:10B29000260CDFF8B4814FF00109002E40F0DE816A
:10B2A000A4B2694F4FF00108002C87D094FAA4F69D
:10B2B000B6FA86F607EBC61008FA06F6FFF7D6FED2
:10B2C00024EA0604F0E7C6F8AC31D7E90A03D6F859
:10B2D000402142F40052C6F84021D6F840219204A1
:10B2E000F5D5D6F8402122F40052C6F840214FF09F
:10B2F0000112C6F8B421D6F8B44114F00114FAD101
:10B3000081B2524AB1F5106F1460CDE9020300F02A
:10B31000B18040D840F20232914200F0EC801ED859
:10B32000822900F0CD8007D8802900F0C2804FF03C
:10B330000113C6F8C0317AE0B1F5817F00F0EE80EC
:10B34000F5D340F22112914203D040F221229142E2
:10B35000EDD1B3F5102F4FEA1341E8D258E140F296
:10B36000816291420ED8B1F5D06F80F03C81B1F589
:10B37000A06F50D0DBD840F221329142E9D040F2A8
:10B380002142E4E7B1F5086FD1D1374B37481B783C
:10B390000121037091E042F22122914200F02881C4
:10B3A00015D840F60132914200F0388142F2210274
:10B3B000914200F0298140F681229142B7D19BB29F
:10B3C000042B40F039812348294B1B78E0E748F2F1
:10B3D000A212914200F0368114D842F221329142F9
:10B3E00061D048F2A1129142A1D1B3F5102F9ED2A3
:10B3F00001AA184902A800F0FFFC002897D0019983
:10B4000014485AE021F4807248F2A1208242ECD024
:10B4100048F2A142E7E7224621462046FFF798FD81
:10B42000BDF80A305B0643F08073C6F85431D6F895
:10B43000AC31F9E600002E40585003205C50032048
:10B440003181032032810320000000202C8C002059
:10B45000786F0020A98003204C50032021010102B5
:10B4600021010001308C002030810320FF80032067
:10B470002E810320000C904B1870904BC6F8C831F9
:10B480004FF0C813C6F8CC31C6F8D0314FF0C41312
:10B49000C6F8D431C23BC6F8D83100F00FFF00F037
:10B4A0008FFD00F04DFC002211461046FFF750FDC5
:10B4B000BDE78348022104704470FFF7FFFDB6E743
:10B4C00013F078007FF433AF03F07F017D4A1B0651
:10B4D00052F821107A4A1070507009D511F4803F4B
:10B4E00018BF01234FF00201754818BF1370E4E73D
:10B4F00011F0010FF4E713F0780F7FF418AF03F0A9
:10B500007F01704A13F0800F52F8213014BF43F4CA
:10B51000803343F0010342F82130C4E713F0780F81
:10B520007FF405AF03F07F01664A13F0800F52F8F5
:10B53000213014BF23F4803323F00103EBE7138998
:10B540009C4228BF1C46BCF5007F0CD15E4B2246B6
:10B550005E4819785E4B002914BF014619464046E3
:10B56000FFF73EF911E0BCF5E06F39D1564B2246AA
:10B5700057481978554B002914BF014619464046D3
:10B58000FFF72EF9072388F8013028F01F03A044A5
:10B59000BFF34F8F4FF0E022C2F8703F2033984541
:10B5A000FAD8BFF34F8FBFF36F8F4A48214684E725
:10B5B0000C32516800293FF4BAAEB2F800C084459D
:10B5C000F6D1B2F802E0A645F2D11C0CDFF80481F6
:10B5D0004FEA1C23032BB2D10B789C4228BF1C4698
:10B5E00022463C48BCE73C4AC0F30F409CB2E0E72F
:10B5F0009BB2002B7FF457AF384B000C1A68384BC6
:10B600001A60384B18704EE7190C07297FF48FAE7B
:10B61000354AC2E900030122344847E79BB2042BB4
:10B6200003D1C0F30F40324BECE7052B7FF47FAE24
:10B63000C0F30F402F4BE5E7052B7FF478AE2B4886
:10B640002C4BC2E6B3F5403FFFF471AE27484423CC
:10B6500003210370AC23847043702EE796FAA6F79B
:10B66000B7FA87F708EBC71009FA07F7403026EA60
:10B670000706FFF7FBFC10E61F4BD3F8AC21C3F81D
:10B68000AC21D3F8BC21C3F8BC21D3F8B041002CC5
:10B69000FBD14FF0FF32C3F8B421D3F8843100F06E
:10B6A0000BFE164B1C608CE505B0BDE8F04300F0C6
:10B6B000E7BC05B0BDE8F083308103200200CC0078
:10B6C000FF800320C0012E4031810320BD8C01602A
:10B6D000688B0160809A202078320020145003206B
:10B6E000545003202F810320786F0020A98003206D
:10B6F0002E8103202B81032000002E40308C00205F
:10B7000038B51D46831E0446042B12D8B2FA82F0C7
:10B7100009042A46400941EA4071064800EBC4107A
:10B72000FFF7BEFC2DB1044B01201A68A040104366
:10B73000186038BD00000020308C002038B51D4650
:10B74000831E0446042B13D8B2FA82F009042A4659
:10B75000400941EA4071074800EBC410FFF7A0FC24
:10B7600035B1054B103401201A68A0401043186011
:10B7700038BD00BF40000020308C002038B51D4689
:10B78000531E0446022B12D8831E042B0FD8900799
:10B790002A4640EA0141064800EBC410FFF780FC4E
:10B7A0002DB1044B01201A68A0401043186038BD29
:10B7B00000000020308C002038B51D46531E044682
:10B7C000022B13D8831E042B10D890072A4640EA78
:10B7D0000141074800EBC410FFF762FC35B1054B8F
:10B7E000103401201A68A0401043186038BD00BF13
:10B7F00040000020308C0020120442F0800210B57E
:10B80000426001F5805201248160C26001F500525E
:10B810000460026101F5405201F580414261C0E9D6
:10B82000061310BD831E0A46042B08D800F110032E
:10B8300001219940024B03EBC010FFF7D9BB7047C1
:10B8400040000020831E0A46042B06D80121034B2A
:10B85000814003EBC010FFF7CBBB70470000002016
:10B860004068704700EB83032DE9F04198421BD3F9
:10B8700094460E460546A3F10807BD421ED35C1E42
:10B88000C61F521A241ABE424FEAD4044FEA840556
:10B8900088BF00254FEAC40488BF00240D4420441B
:10B8A00098421CD3BDE8F0818C07E1D550F8044BD9
:10B8B00021F8024B240C22F8024BD7E755F8088BED
:10B8C00055F8044C1FFA88FE4EEA044E6FF30F043D
:10B8D00044EA184446F804EB4CF8044BCDE750F822
:10B8E000041B2C4624F8021B090CA9522546D7E755
:10B8F000124B1349134810B51A78134B134C1B689D
:10B90000D3400F4A136000232278FFF775FF0C4BDA
:10B9100022781A44BFF34F8F4FF0E021C1F8683FFF
:10B9200020339A42FAD8BFF34F8FBFF36F8F054988
:10B930000620BDE81040FFF775BF00BF2D81032032
:10B94000E0982020806D0020EC8E00202C810320C8
:10B9500070B504460021FDF7C1FA012105462046D5
:10B96000FDF7BCFA364B04461B783BBB15B12846A5
:10B97000FDF76CFA14B12046FDF768FA314C2068E7
:10B9800018B1FDF763FA002323602F4C206818B12B
:10B99000FDF75CFA002323602C4C206818B1FDF7FA
:10B9A00055FA002323602A4C206818B1FDF74EFA9F
:10B9B00000232360274B00221A8070BD85B9FDF754
:10B9C00001FA054630B9002CF7D02046BDE870409A
:10B9D000FDF73CBA4FF480720021043006F0F9FC08
:10B9E0005CB9FDF7EFF9044608B92846EEE74FF4D5
:10B9F00080720021043006F0ECFC72B61149086830
:10BA000030B9124B0D601C60124B188062B6D4E73F
:10BA10000D4A0F4B166816B915601C60F6E71560E5
:10BA20000E600A4A196815681C6011600022094BF3
:10BA30001A80FDF70BFA2846FDF708FAE6E700BF83
:10BA40002E810320D4840020D8840020DC840020B0
:10BA5000E0840020125A03202DE9F04FDFF82491F2
:10BA60000122444B85B0DFF820810746DFF81CA196
:10BA7000D9F80040B8F80060DAF800501A7034B90C
:10BA8000FDF7A0F90446002841D0C9F8000035B9F7
:10BA9000FDF798F90546002839D0CAF80000364B62
:10BAA000BF08DFF8ECB0019377B1C6F180039F4285
:10BAB0000DD22A1D211D3B46019802EB460201EBE7
:10BAC00046013E44FFF7CEFEA8F800601FE02B4A77
:10BAD000802E1268029244D02A1D211D019802EB8B
:10BAE0004602039301EB46013E44FFF7BBFE029B77
:10BAF000A6F180071BB9DBF80020039B52B180231D
:10BB0000A8F800301FB11E4A13680133136005B056
:10BB1000BDE8F08F019A02EB83030193174BCBF83A
:10BB200000501C60FDF74EF9044630B9C9F800001A
:10BB3000CAF80000A8F80000E9E7FDF743F9054658
:10BB400048B92046FDF782F9C9F80050CAF80050FC
:10BB5000A8F80050DBE70026C9F80040CAF800004A
:10BB6000A2E7029B002BD2D1DBF80030002BD5D00E
:10BB7000CDE700BFFC690320C0992020AC840020E1
:10BB800044500320B48400200C5A0320B8840020C1
:10BB9000B084002008B538B1114B5868C0F30E408E
:10BBA000C0F1B400FFF758FF0023B4220D490C4840
:10BBB000FFF722FE0B4B03F1B402BFF34F8F4FF0A0
:10BBC000E021C1F85C3F20339A42FAD8BFF34F8F8F
:10BBD000BFF36F8F02490520BDE80840FFF732BE72
:10BBE000A06B0020C09920200023034A1370034A51
:10BBF0001360034A13607047FE690320D484002059
:10BC0000DC8400202F4A13680133092B2DE9F04F03
:10BC100085B055D900232D2600242B4FDFF8B480A2
:10BC200013603968301B41B9820008EB440006F00C
:10BC3000D0FBB00005B0BDE8F08FDFF89CB008EB9A
:10BC4000840EDFF89890BBF80030D9F800A0C3F15B
:10BC500080020AF10405824205EB430528BF024633
:10BC6000081D00EB4300019005EB42000290029892
:10BC7000854218D1134414447F2B0FD90846FDF791
:10BC8000E5F85046FDF7E2F8104A114913683B60A9
:10BC9000002313600A680B60C9F80020B442ABF8B7
:10BCA0000030BED3C5E735F9020B0390019830F898
:10BCB00002CB019003984CEA004C4EF804CBD6E737
:10BCC0002C26A9E7A4590020D4840020D884002081
:10BCD000E0840020C06E0020125A0320DC84002083
:10BCE00010B5FFF78FFF114B044611491A78114B1D
:10BCF0001B68D340104A1360024600230F48FFF729
:10BD00007BFD0B4B1C44BFF34F8F4FF0E022C2F87A
:10BD1000703F20339C42FAD8BFF34F8FBFF36F8F31
:10BD200006490520BDE81040FFF77CBD2D810320AA
:10BD3000C06E0020EC8E0020E0982020A06D002036
:10BD40000023204A10B513601F4A13601F4B204A7E
:10BD50001A60204B1B788BBB03220A231E4C002148
:10BD60001E4822701E4A1370202206F032FB1D4B23
:10BD70000122B4210520FFF701FD0020FFF70AFF93
:10BD800020220021184806F024FB184B21780122BC
:10BD90000620FFF711FD0020FFF7AAFD2022002159
:10BDA000134806F016FB0520124B0122B421FFF7C1
:10BDB00003FD0020BDE81040FFF792BF04220823D6
:10BDC000CCE700BF4850032044500320EC8E0020F5
:10BDD0009A99192C318103202C810320A06B00201B
:10BDE0002D810320392B0200806D00209528020050
:10BDF000A06D0020852C02000378A12B22D1C378EE
:10BE0000012B05D11048406808700120136070476D
:10BE1000022B17D14378813B032B13D8DFE803F0C3
:10BE2000020A0E10084B986808709B681B124B7032
:10BE30000223EAE700230B700023F8E7FF23FAE769
:10BE40000123F8E700207047045800200378212BD5
:10BE500013D1C2784378012A07D1012B0DD1084AAA
:10BE600009785160012013607047022A05D1012B27
:10BE700003D1034A09789160F4E70020704700BFBE
:10BE8000045800201FB5104B0A22104C01A9D3F80A
:10BE9000200220F07F4000FB02F3A04238BF18468A
:10BEA000FEF740FD0A4901AA00230C46107828B18C
:10BEB0000133013221F8020F0A2BF7D101335B0065
:10BEC000237004B010BD00BF00441F40809698004E
:10BED0001C66002000F008BB00F0DABA00F032BBAC
:10BEE00000F0F8BA00F032BC00F00ABC0846114677
:10BEF00000F036BB084600F0F9BB0000F8B5144C62
:10BF00004FF0E026134D4FF4003204EB4024124F63
:10BF100005EB40150346C6F88C2121463A88284691
:10BF2000FFF76AFC3B882344BFF34F8FC6F85C4F92
:10BF30002034A342FAD8BFF34F8FBFF36F8F042092
:10BF40002946FFF77FFC4FF40033C6F80C31F8BDEB
:10BF5000E09B2020C06B0020D25A03204368124A85
:10BF6000C3F30E43C0691288D21A4FF6FC731A400D
:10BF700030B415D00D4900250D4C0B7824F8102055
:10BF800001330C4C072B28BF2B4624F810500A4CC9
:10BF90000B700A49E0540B68134430BC0B607047C7
:10BFA00030BCFFF7ABBF00BFD25A0320078103208C
:10BFB0009A5A0320B65A032009810320144E032005
:10BFC000204B80220021204870B51B7800241F4E92
:10BFD000002B1F4B14BF4FF4007540251D8035808A
:10BFE00006F0F7F91B4BC02221461B481C701B4B67
:10BFF0001C8006F0EEF91A4B2246294604201C60EC
:10C000005C609C60174B1C605C609C60164B1C70F5
:10C01000164B1C70164B1C60164BFFF771FB23462A
:10C02000224631880420FFF789FB20460134FFF7C0
:10C0300065FF062CF9D100230F4A13700F4A1370C5
:10C0400070BD00BF31810320C06D0020645B032000
:10C05000D25A032026810320C06B0020605B03209E
:10C060009A5A0320B65A032007810320198103201E
:10C07000144E0320012F0200248103202881032075
:10C08000204B2DE9F0411B78002B39D11E4E328810
:10C09000002A35D01D4F1E493D781E4C01EB451836
:10C0A0001D4904EB4524098840468A1A2146FFF7BA
:10C0B000A3FBBFF34F8F04F1200204F500739342FA
:10C0C00094BF012310234FF0E02204EB4313C2F886
:10C0D000704F20349C42FAD1BFF34F8FBFF36F8F64
:10C0E00004204146FFF79EFB6B1C0220042B28BF57
:10C0F00000233B7000233380BDE8F041FFF740B8D8
:10C10000BDE8F08128810320605B032026810320A5
:10C11000C06D0020E0A72020645B0320F8B5144C1C
:10C120004FF0E026134D4FF4003204EB4024124F41
:10C1300005EB40150346C6F88C2121463A8828466F
:10C14000FFF75AFB3B882344BFF34F8FC6F85C4F81
:10C150002034A342FAD8BFF34F8FBFF36F8F032071
:10C160002946FFF76FFB4FF40033C6F80C31F8BDDA
:10C17000E0AF2020806C0020D45A03202DE9F84342
:10C18000204A43681488C3F30E43C569E41A002C9F
:10C1900021DD1D4A1D4811780078CBB2DFF8808080
:10C1A00081421B4F1B491BD011F8039038F81960CE
:10C1B000C6F50070844213D8174B06EB492022467F
:10C1C000264403EB45211844FEF70AFB3B6828F898
:10C1D000196023443B602846BDE8F843FFF79EBF43
:10C1E000002601330D48092B28BF334628F8154097
:10C1F00020F815601370CD543B681C443C60BDE8CA
:10C20000F88300BFD45A0320088103201A81032039
:10C21000184E032010810320E0AF2020C25A0320D3
:10C22000A65A03202DE9F8431D4B1B7803F0FF06A7
:10C230009BBB1C4B1B7883B3DFF87880B8F80050A9
:10C240005DB3194FC5F50065184A3B78184C02EBF1
:10C2500043192A4604EBC324334648462146254465
:10C26000FFF7CAFABFF34F8F4FF0E023C3F8704FC8
:10C270002034A542FAD8BFF34F8FBFF36F8F03204E
:10C280004946FFF7CFFA3B780133DBB2032B98BF67
:10C290001E4600233E70A8F80030BDE8F88300BFBA
:10C2A000298103203081032027810320406E002054
:10C2B000E0BF2020625B0320704700002D4B8022EE
:10C2C00000212D4870B51B7800242C4D002B2C4EDE
:10C2D00014BF4FF4007340232B80338006F079F8AD
:10C2E000284B4FF48072214627481C70274B1C8036
:10C2F00006F06FF810222146254806F06AF8102251
:10C300002146244806F065F8234B224610211C7074
:10C310000220224B1C70224B1C602346FFF70EFAB2
:10C32000204B224631880320FFF7EAF923460122F9
:10C3300029880320FFF702FA20460134FFF7EEFEBA
:10C34000082CF9D1184B194A1A600022184BC3F86F
:10C3500084204A22C3F88020D3F8482142F080721A
:10C36000C3F84821134B23B1134A137843F0010358
:10C37000137070BD31810320406E0020665B032086
:10C38000D45A032027810320806C0020625B0320A5
:10C39000A65A0320C25A0320088103201A810320D1
:10C3A000184E03202131020058500320C9310200E9
:10C3B00000002E4000000000658103202DE9F74FAA
:10C3C0004FF0E0234FF4003207468946C3F88C2132
:10C3D0000025284BDFF8B0B01C78E4B24D4503D2FD
:10C3E000254B1A78A24209D14FF0E0234FF40032D6
:10C3F0002846C3F80C2103B0BDE8F08F01341F4B71
:10C400001F48A9EB0502092CDFF880A028BF0024F3
:10C4100013F804803BF8181030F818601948761AA1
:10C4200001EB4821B242014412D238460192FEF794
:10C43000D7F9DAF80010019AA1EB090129444D4619
:10C44000CAF800103BF818100A442BF81820C5E76A
:10C4500032463846FEF7C4F9DAF80020054B40466C
:10C46000921B37443544CAF800201C70FFF756FE73
:10C47000B4E700BF1A810320088103201081032044
:10C48000A65A0320E0AF2020C25A0320184E0320F2
:10C490000B4B0C491A780978D3B28A420DD001337C
:10C4A000094A092B28BF0023D25C084B33F812102D
:10C4B000074B03EB4223585C70474FF0FF30704747
:10C4C0001A8103200881032010810320C25A03200F
:10C4D000E0AF2020034B10B51C680CB9DCF756FE0A
:10C4E000204610BD184E03202DE9F0410F4D104F8E
:10C4F0002C78DFF84C80E4B20E4E3B78A34201D199
:10C50000BDE8F08101340C4A0C49092C336828BF7E
:10C51000002418F8040032F8102031F81010521AD4
:10C520009B1A3360FFF7FAFD2C70E6E71A810320AF
:10C5300008810320184E0320A65A0320C25A032064
:10C540001081032007B501210DF10700FFF736FF29
:10C5500018B19DF8070003B000BD4FF0FF30FAE7B7
:10C56000594B2DE9F04F85B01C780E460190002CF8
:10C5700000F0A6800024DFF86891DFF868A1002EA3
:10C5800000F0818001239AF800204FF0000BDFF8C3
:10C59000588189F800304D4B5D4603EB42130293FE
:10C5A000B8F8007067B90298FFF75AF910F0800FD9
:10C5B000474B56D14FF400621F701746A8F8002071
:10C5C0009AF800304FF4006B424DB7420BEBC3209A
:10C5D000A0EB0700284464D83A4601990393FEF77C
:10C5E000FFF8039B5A46029805EBC3250023294612
:10C5F000FFF702F9BFF34F8F05F1200205EB0B03A4
:10C60000934294BF012340234FF0E02205EB4313F4
:10C61000C2F8705F20359D42FAD1BFF34F8FBFF350
:10C620006F8F03200299FFF7FDF89AF80030019A06
:10C630000133DBB2042B28BF00238AF80030B8F89E
:10C6400000301A44F61A1C4400230192224AA8F82A
:10C650000030C2F88430BFF34F8F002389F80030D8
:10C660008DE7BFF34F8F89F8007015B91B4AD2F8D8
:10C6700000B01A783AB9194A1268A2EB0B02782A6C
:10C6800005D901221A70204605B0BDE8F08F0E4A88
:10C690001278002AF7D00125DCF778FD89F80050E0
:10C6A0007EE732460199FEF79BF8BF1B0A4B4FF01D
:10C6B00040423444A8F800700026C3F88420CAE73A
:10C6C00004F0FF04DFE700BF30810320406E00204C
:10C6D00025810320E0BF202000002E4014500320BD
:10C6E0002981032027810320625B032007B50121F4
:10C6F0008DF807000DF10700FFF732FF03B000BD12
:10C700002DE9F04100240E4F01230E4E2546DFF89F
:10C7100038803B7098F80030A34206D03046FFF7CF
:10C720009FF8030658BF05F5006501342036042C38
:10C73000F0D1BFF34F8F002328463B70BDE8F08156
:10C7400029810320406E0020278103202DE9F84332
:10C750001C4B1B789BB31C4F3A8882B31B4D0123A3
:10C760001B4EC2F500682B701A49424633781A4CAA
:10C7700001EB431904EBC324002348462146A0449F
:10C78000FFF73AF8BFF34F8F4FF0E023C3F8704F35
:10C790002034A045FAD8BFF34F8FBFF36F8F03202B
:10C7A0004946FFF73FF833780133DBB2042B28BF4B
:10C7B0000023337000233B80BFF34F8F2B70BDE805
:10C7C000F88300BF30810320625B032029810320AE
:10C7D00027810320406E0020E0BF202070B50B4D64
:10C7E00000240B4EEFF3108272B6286858B14369EB
:10C7F0002B6033B19C6102B962B683684477984775
:10C80000F0E73360F7E702B962B670BDF08400204C
:10C81000EC840020FFF7E2BF044B5A68044B1A6017
:10C82000044A136801331360704700BF001000E032
:10C830001050032014500320036853B1406848B1DE
:10C840000C23B0FBF3F203FB1200B0FA80F04009B6
:10C8500070471846704710B50146FFF7EDFF0446D4
:10C8600010B10124204610BD4B680C20B3FBF0F240
:10C87000424393421CBF13464B60F02BF1D805F0A6
:10C88000D9FE1C230360EDE738B504461D4628B9E0
:10C8900005F0D0FE16230360002038BD01B192B927
:10C8A0002046FFF7C9FF0028F2D0A36823B16268D1
:10C8B0000021206805F08DFD10220021204605F0A2
:10C8C00088FD0120E9E7049BC0E90012C360FFF77F
:10C8D000C2FF0028E0D0002DF3D06268002120685C
:10C8E000A560ECE770B592FBF1F601FB16248CB95C
:10C8F00043606FF04042059B0546017021461A4493
:10C90000468004983244920005F063FD049B204663
:10C91000AB6070BD6FF0010070BD00BF2DE9F04F3E
:10C9200003F0030591B06FF040449B0805920E950B
:10C930004288856814440D922E460B951546089141
:10C9400006EB8402D0F804B00F930C9200F027811C
:10C95000144605F003021F46AB0802921546224614
:10C960000193013B06F10C0810320A979BB2CDF8F7
:10C9700000B006920A4601331032049306EB03130B
:10C9800007926A1E03F10C0992B2013292000392DF
:10C99000079A069D52F8103C114645F8103C52F893
:10C9A0000C3C45F80C3C51F8083C45F8083C51F863
:10C9B000043C45F8043C03781D460993002B00F025
:10C9C000CA8103F1010BDDF814E04FF0010C08F10E
:10C9D000100A09F11006009BCCEB050458ED031A70
:10C9E00003EB8404019B58ED022A18ED012A002B69
:10C9F00000F0A580DFEDAF5A2FB252462346F0EE8D
:10CA0000653AB900B0EE651A3F01F0EE654A12EDE5
:10CA1000045A103293ED006A0B4466EE217AD3ED8E
:10CA2000006A66EE220A52ED071A26EE023A0B441D
:10CA300025EE066A26EEA24A93ED007A77EEA44A26
:10CA400052ED062A30EE811A0B4466EE820A73EE2E
:10CA5000233AD3ED007A25EE263A0B4476EE255A9A
:10CA600066EEA16A27EE026A12ED052A74EE244AE8
:10CA7000B24225EE074A76EEA55A30EE811A61EEF3
:10CA8000876A73EE233A27EE227A76EE244A25EE61
:10CA9000275A21EEA76A76EEA33A34EE011A62EE27
:10CAA000A76A37EE257A67EE827A75EE244A36EE6B
:10CAB000011A76EEA33A77EE875AA8D1049B07FBBA
:10CAC00003444B46029AFAB1039AAD009A18D4ED8A
:10CAD000007A2C44B3EC017A27EEA15A27EEA26A21
:10CAE000934267EE826A67EE277AF0EE621A74EE7E
:10CAF000854AF0EE422A31EE061AB0EE472A73EE6E
:10CB0000A63A75EEA75AE2D1CEED004A0CF1010C1F
:10CB10000378DC450EEB830383ED001A03780EEBFC
:10CB2000C303C3ED003A037803EB43030EEB830327
:10CB30000EF1040EC3ED005A0BD005784BE7DFED84
:10CB40005D5A4346F0EE653AB0EE651AF0EE654A7E
:10CB5000B8E7059B099A03EB820305930378069ACD
:10CB600003EB4303B146D04610320692079A1032C7
:10CB70000792059A02EB830305930A9B013B0A93F4
:10CB80007FF406AF0F9B0C9A1B01DDF800B01A442E
:10CB90000C92089A1A4408920B9A1A440B920E9B14
:10CBA000002B00F09C800D9904938A0801F003018A
:10CBB0000C9C00924B1E013A03949BB20B9C92B2C8
:10CBC0000133A04602F1010A9B0004EB0A1CCDF8D8
:10CBD00008A0824608460193089A52F8043B08923E
:10CBE000039A42F8043B9AF8003003921D460693DC
:10CBF000002B66D0012703F10109009B0CF1100600
:10CC0000EC1BDDF814E00BEB8404002B4DD0A900E5
:10CC100008F110022346DFED277A12ED047A103274
:10CC2000D3ED006A0B4466EE875A93ED005A12ED7D
:10CC3000077A0B4475EEA76A93ED006A25EE075A52
:10CC400012ED067A0B4426EE076A12ED057A75EEB0
:10CC5000266AD3ED005AB2420B4425EE877A76EE6F
:10CC6000267A77EE277AD8D18900029A634602FBAA
:10CC7000014468B1019AAD009A18F3EC016A94ED91
:10CC8000007A2C44934226EE877A77EE877AF4D1A5
:10CC90000137EEEC017A4F450ED09AF80050009B18
:10CCA000EC1B0BEB8404002BB1D14346DFED017A82
:10CCB000DFE700BF00000000059B069A03EB82033C
:10CCC0000593049B08F104080CF1040C013B049348
:10CCD00082D10B9B50460E9A03EB82030B930D9B64
:10CCE00081685C1EC4F38F0313B35D1E0B9A01F1C0
:10CCF0001003ADB21032AE1C01EB061652F8100C48
:10CD00001033103243F8200C52F81C0C43F81C0C62
:10CD100052F8180C43F8180C52F8140C43F8140C81
:10CD2000B342EBD16B1C0B9A1B011A4419440B92B2
:10CD300014F003020CD0013A0B460B9992B2013267
:10CD400001EB820251F8040B914243F8040BF9D134
:10CD500011B0BDE8F08F08F1100A09F11006FEE6E7
:10CD6000F8B5079FB7FBF2F402FB147494B98E4632
:10CD700016466FF040420546724469804360214682
:10CD80003A440698920005F024FB069B2E7020463C
:10CD9000AB60F8BD6FF00100F8BD00BF2DE9F04FAA
:10CDA000047883468DB04088DBF804506FF040492A
:10CDB0009646089202952A46DBF80860814409905D
:10CDC00006EB8909B3FBF4F39D08A3EB85030A95F1
:10CDD0000B93002D00F0F880830800F003002F462D
:10CDE000CDF810B005931B0106900EF1100A1A44FD
:10CDF0009B46484603970792CDF80490A4000A4644
:10CE0000234652F8045B013B40F8045BF9D1049BD4
:10CE1000A400059F93F800802144019B4FEA8808F5
:10CE20009FEDBB1A234406EB080E01930EEB080C92
:10CE30000CEB0809002F00F06181029BF0EE415AD3
:10CE4000B0EE415A06F11004F0EE414A03F110052C
:10CE50000EF110000CF1100209F1100355ED046AF7
:10CE6000013F13ED046A05F1100514ED044A00F1C9
:10CE7000100050ED081A04F1100452ED042A26EEB9
:10CE8000844A66EEA11A15ED077A66EEA22A54EDE1
:10CE9000073A66EE866A10ED072A13ED036A74EE10
:10CEA000244A12ED033A31EE855A72EEA55A55ED39
:10CEB000067A67EE233A14ED064A27EE022A50ED71
:10CEC000061A27EE033A52ED022A76EE816A10ED39
:10CED000050A27EE067A13ED026A73EEA43A15ED01
:10CEE000051A67EE844A52ED010A32EE052A14ED66
:10CEF000054A27EEA15A53ED011A33EE253A02F105
:10CF0000100267EEA25A03F1100367EE867A37EE3D
:10CF1000267A34EEA36A61EE044A75EE023A35EEE3
:10CF2000834A21EE005A61EE205A77EE877A21EE8D
:10CF3000211A74EE864A35EE235A75EE845A31EE84
:10CF4000271A8BD15E44DE44DC4409EB0B00079AC0
:10CF5000069BDBB1B2EC016A013BF6EC016ABEEC68
:10CF6000017AFCEC017A66EE266AB0EC014A26EE04
:10CF7000077A66EE277A26EE046A74EEA64A35EE44
:10CF8000075A75EEA75A31EE061AE3D1039B09EB57
:10CF900008064AED044A0AF1100A013B0AED075A55
:10CFA0004AED065A0AED051A039303D0049B019833
:10CFB0001C7823E7089B0A9ADDF8049003EB021320
:10CFC000DDF810B008930B9B002B61D0099A9846AE
:10CFD000DDF820A0950802F00307029A4FEA051E2B
:10CFE00002EB0E0C9BF8004048460A462346F2EC42
:10CFF000017A013BE0EC017AF9D1A400A14421447B
:10D00000002D76D0029B2846DFED417A03F1100215
:10D0100006F1100352ED046A013813ED047A02F1AF
:10D02000100212ED075A03F1100366EE875A13ED52
:10D03000077A12ED066A25EE075A13ED067A75EEA9
:10D04000A76A52ED055A26EE076A13ED057A75EECA
:10D05000266A25EE877A76EE267A77EE277AD9D178
:10D0600006EB0E02604657B13B46F0EC016A013B0D
:10D07000B2EC017A26EE877A77EE877AF5D19BF8C3
:10D080000030B8F10108EAEC017A06EB8306A9D179
:10D09000099BDBF80840591E8F081DD004F11002CF
:10D0A00006F11003384653F8105C013803F1100301
:10D0B00002F1100242F8205C53F81C5C42F81C5C40
:10D0C00053F8185C42F8185C53F8145C42F8145C8E
:10D0D000E9D13B011C441E4411F0030306D0224653
:10D0E00056F8041B013B42F8041BF9D10DB0BDE812
:10D0F000F08F02983246DFED067AB4E74846029A8E
:10D10000F0EE415AB0EE415AF0EE414A20E700BF3E
:10D11000000000000B460146184604F07FBFFDF7F3
:10D12000FBBB08B5FDF7DFFE08B5FDF7DCFEC38BE2
:10D130001B0405D4C1F30E01C183C38BC3827047A6
:10D14000C38B61F30803C383F7E7000043682DE94D
:10D15000F047D3F80080B8275968D8F8002022EAB1
:10D1600001027B49C8F800208A6922F0E05222F0CF
:10D17000300242F0006242F010028A61057C754A7A
:10D1800003EB050C03EB85059CF8101002EB011175
:10D1900089680F60447C1E190A3496F8241002EB4B
:10D1A000011189680F6090F812A003EB0A0E9EF837
:10D1B000389002EB0919D9F80890C9F8007059683D
:10D1C000D8F800700F4303EB8A01C8F800709CF890
:10D1D00010706D6902EB07177F683D6096F8245068
:10D1E00053F8244002EB05156D682C609EF838401A
:10D1F000C96B02EB0412526811609A6C9EF84410DD
:10D2000011601A6A9CF81C105B6B116096F8302054
:10D210001A60022203681A610F229A65C37C002BF0
:10D2200039D072B6C37CDC0708D54FF0E0214469E1
:10D23000D1F8802122408262C1F88021990708D567
:10D240004FF0E0218469D1F884212240C262C1F804
:10D2500084215A0708D54FF0E021C469D1F888210C
:10D2600022400263C1F888211F0708D54FF0E02152
:10D27000046AD1F88C2122404263C1F88C21DE0679
:10D2800008D54FF0E022416AD2F890310B40836319
:10D29000C2F8903162B6304983688B4226D02C4B5D
:10D2A00081609B692D4AC3F30114C3F3826352F872
:10D2B00024200133B2FBF3F2294B9A420BD9B2FB83
:10D2C000F1F3B2FBF3F28A4288BF0133B3F5817FF9
:10D2D00003D2022B03D8002302E040F20113023BE9
:10D2E0005A0802EB022243EA0223C36003680022C9
:10D2F0001A6103225A62C2681A6407221A6601225E
:10D300001A61C37C13B3DD0704D5816A4FF0E022B4
:10D31000C2F800119C0704D5C16A4FF0E022C2F8A0
:10D320000411590704D5016B4FF0E022C2F808112F
:10D330001A0704D5416B4FF0E022C2F80C11DB064E
:10D3400004D5826B4FF0E023C3F81021BDE8F087CD
:10D3500000C00F40FC2E002000093D008C2E002054
:10D36000FF083D009F2930B50ED84C090123C57C2C
:10D3700001F01F0103FA04F28B402A43C27400EB50
:10D38000840042691A43426130BD9F2930B511D8EB
:10D390004C09012301F01F0100EB840503FA01F1A0
:10D3A0006A6922EA01026A6122B9C27CA34022EAC8
:10D3B0000303C37430BD70B5C3B140F201250468E6
:10D3C00025611D4699B111F8016B013B6666266F18
:10D3D000B60704D4646F0AB102F8014B013D04683A
:10D3E0006669F607F3D5002BECD11DB970BD90F836
:10D3F0003C60EAE70368196F8907FCD45B6F0AB1E8
:10D4000002F8013B013DF0E743681A6811685A6869
:10D41000114210B504461AD002680021116105219D
:10D42000027C1344187CFCF7D5FF627C63680521FD
:10D43000134493F82400FCF7CDFF6368A27C052118
:10D440001344BDE8104093F83800FCF7C3BF10BD8B
:10D450002DE9F041876C0446194B3D79DD77406C2E
:10D4600006791E771D77226CAAB1B2F5004F08D35A
:10D47000A2F5FF427F3A124B2264DD76DE76BDE8EC
:10D48000F08111460068FFF752FE1146386800220D
:10D49000FFF74DFEEFE723680F21E06C996540F23E
:10D4A0000131DA6119614FF47C515961032311464E
:10D4B00084F83D300368BDE8F0411B68184700BFA1
:10D4C00000800E40024808B5FFF7C2FF08BD00BF4C
:10D4D00040510020024808B5FFF7BAFF08BD00BF61
:10D4E0009051002090F8A32090F8A200101A7047E5
:10D4F00090F8A23090F8A3209A4286BFC018807E90
:10D500004FF0FF307047704790F8303123B990F8F2
:10D5100031310BB90020704790F82F31882B02D998
:10D5200001234360F6E75A1C80F82F21184480F845
:10D53000A5100120704738B590F8303105461446E3
:10D5400013B990F83131ABB195F82F31C3F189029D
:10D55000944282BF01201446686005F1A50022466E
:10D560001844FDF73DF995F82F31234485F82F3104
:10D57000204638BD1C46FBE72DE9F74F42694FF0C6
:10D58000150E037E05463D4C02EB0313DFF8F480D5
:10D59000197A437E0E0102EB031304EB0111A65925
:10D5A00093F82830D1F80CC0D1F804901F0104EB97
:10D5B0000313D868C9F800E0C6F884C071685B68D6
:10D5C00041EA0C0101937160E159C3F800E0C1F830
:10D5D00084004B682A4C0343DFF8ACE04B6067687B
:10D5E000DEF80030B3FBF8F34FF00A0808FB03F352
:10D5F000D4F80480A8EB07084345F9D80923204F45
:10D60000DFF880A0B46814EA0C0F02D08C680442E2
:10D6100031D1C1F88800D7F804B0DEF80040B4FB7F
:10D62000FAF404EB8404D7F80480A8EB0B08444513
:10D63000F9D8C1F88400D7F804B0DEF80040B4FB94
:10D64000FAF404EB8404D7F80480A8EB0B084445F3
:10D65000F9D8013BD6D118462B7E02EB0313DB68C9
:10D66000C9F800306B7E02EB0312D36A019A136093
:10D6700003B0BDE8F08F0120EEE700BFFC2E0020D4
:10D68000001000E040420F00E85000200B4A10B5A7
:10D6900011680469636913F0007F04D14FF4FE43FD
:10D6A0000120636110BDDB01F8D413685B1A102BF5
:10D6B000F0D9FFF761FF0028F0D1F3E71450032001
:10D6C0002DE9F04790F82F7180460E4677B3046934
:10D6D000FFF7DCFF50B3DFF8C0900025D9F800A0B9
:10D6E000BD421CD8E36D03F00703032B17D845B9DF
:10D6F00098F8A52042F48062226601220133154683
:10D70000F3E7BD4205F1010204D2454495F8A510A6
:10D710002166F3E716B14FF400732366154663697B
:10D720001A0507D5236943F4407323610426304664
:10D73000BDE8F087D80405D52369052643F4407376
:10D740002361F4E7590508D52369022643F44073A1
:10D7500023614FF400732366E9E79A0405D4D9F8EE
:10D760000020A2EB0A02322A07D9236943F440734E
:10D7700023614FF400732366D8E7BD4207D9E26DF9
:10D7800012F0070203D19B0504D4002ECFD0DBF7A3
:10D79000FDFCA5E71646CAE7145003202DE9F74F14
:10D7A00005460E4617469A460469FFF76FFF0028A4
:10D7B00000F08F80012F4FF000034FEA4606DFF89C
:10D7C000189138BF01279B46D9F80020F6B207F11F
:10D7D000FF38A5F8A230019248F48078BBF1020F1F
:10D7E00011D8E26D46F480614FF4007002F0070238
:10D7F00041F001015A44A2EB0B0CBCF1030F02D81B
:10D80000BBF1030F17D195F8A320872A25D96269A8
:10D81000100534D5236943F440732361E36D13F499
:10D82000E02F03D0236943F40073236195F8A3002C
:10D8300003B0BDE8F08FBBF1000F03D121660BF1FF
:10D84000010BD8E7BBF1010F02D1C4F86080F6E705
:10D85000BAF1000FF3D02066F1E7E16DC1F30241A8
:10D860000029D4D095F8A320872AD0D8206F02F1C0
:10D87000010C2A44013985F8A3C09076F0E712F430
:10D88000105F05D1D9F80010019BC91A322907D9B8
:10D89000236943F4407323614FF400732366BDE7AB
:10D8A00095F8A310B94211D3BBF1020F02D8DBF7F0
:10D8B0006DFC96E7E16D490702D0DBF767FCA2E754
:10D8C0009305ABD4BAF1000FF7D1A7E7DBF75EFC05
:10D8D00084E70420ACE700BF1450032070B506694C
:10D8E0000446D6F8145115F4706301D0C6F814310B
:10D8F000A8070FD5D6F87021110444BF0023A4F85F
:10D90000A23094F8A330872B9FBF591C1B1984F8B1
:10D91000A3109A76EB071CD594F830314BB9D4F8A4
:10D92000383103B19847002384F82E31012384F85D
:10D93000303194F82E3194F82F219A4285BF5A1C29
:10D940001B19002384F82E2188BF93F8A530C6F850
:10D95000603115F4407F0DD094F8A30018B1D4F8CD
:10D960003C3103B198470023A4F8A230A4F82E312B
:10D9700084F8303170BD00000148FFF7AFBF00BF31
:10D98000D45200200148FFF7A9BF00BF1454002063
:10D990000148FFF7A3BF00BF5455002003690022D0
:10D9A00013481A61814212D8124A9A6401225A62BB
:10D9B000114A9A624FF43032DA629A6C1A65002288
:10D9C0001A624FF001129A6501221A6170470B48E2
:10D9D00081420B4906D80B4898645A620A4A9A62F7
:10D9E000D962EAE7094898645A62094AF7E700BF32
:10D9F0007F1A06003B372819B80B05053F420F0078
:10DA0000007F05001C1A120C100E02020A090704FE
:10DA10006009010170B505460C4651B1084604F095
:10DA200051FE2B680246214628465B68BDE87040DF
:10DA3000184770BD03890146C3F3080363B1002092
:10DA40000A69D0540133B3F5007FF9D1C8680A6977
:10DA5000036809685B6A184701207047028903461A
:10DA60000069C2F3080210B48154586801EB7001D8
:10DA7000596099680131996040F2FF118A4209D1D9
:10DA8000D86819680268546A4A1C1A601A692346E1
:10DA900010BC1847012010BC704738B50C46C9B2FD
:10DAA0000546FFF7DBFF28B1210A2846BDE83840CC
:10DAB000FFF7D4BF38BDF8B5002405460160C0E9C2
:10DAC0000144A0B2F7F7AAFBA04201460CD02846B9
:10DAD000FFF7E3FF10B30134B4F5803FF1D12846DE
:10DAE000BDE8F840FFF7A6BF661CB6F5803F06D03C
:10DAF000B0B2F7F793FBB04201D10136F5E7371B1F
:10DB0000B7F5007F13D34FF6FF712846FFF7C5FF27
:10DB100020B1B9B22846FFF7C0FF58B90020F8BDC0
:10DB2000A1B228460134FFF7B8FF0028F6D0A6427C
:10DB3000F6D8D1E73446CFE72DE9F04F1E460B6803
:10DB400089B08246DB690D461446C0E903120846D7
:10DB50009847B0F5801F80460BD2002E00F0198246
:10DB600098493046FFF756FF97493046FFF752FF76
:10DB70000FE2002301211A460133DBB2202B00F013
:10DB8000998049008845F6D81C2B40F295800B3BC4
:10DB90004FEA630B01235F4603FA0BF30393023250
:10DBA0000123C2F34602934001930021019B2046CA
:10DBB000019A4FF001095B000293019B9B000593C2
:10DBC000019BA8EB830323FA0BF3049303FA0BF3F3
:10DBD00003EB42034FF40072069304F0FAFB0723B1
:10DBE00084F8BF9184F8C091224684F8C231FE23A4
:10DBF0000021284684F8C331FF2384F8C43184F817
:10DC0000C531029BC4F8C631069BC4F8CA314AF636
:10DC10005523A4F8FE312B685B6A9847002800F072
:10DC2000B5814FF400720021204604F0D2FBEB23B3
:10DC300084F86D700027237076234FF4C372F421AB
:10DC40006370902304F1780084F86E90A3704523EC
:10DC5000E37058232371462363714123A371542336
:10DC6000E371202323726372A372029B2364069BD9
:10DC7000A364019BC4E91433029BA365049BE36581
:10DC80000423C4E918384FF48073B846A4F8683008
:10DC9000092384F86C30802384F86F3004F099FBFA
:10DCA0004AF65523A4F8FE31A7F16A03012B0FD8D9
:10DCB0000137F9E71F226AE71A2B4FF008074FF4E4
:10DCC0008073BB4603933FF66AAF4FF400536BE794
:10DCD000702F08BF7127E35D0137B7F5007F03EBB5
:10DCE0007808E1D12B682246029928465B6A98475A
:10DCF000002800F04B812B682246029928465B6A77
:10DD00000C319847002800F04181029B3A460021DF
:10DD1000204603F1010904F05CFB4AF65523A4F800
:10DD2000FE31029B0933079304F2FF130693631E2F
:10DD300013F8012F02EB7808069A9A42F8D12B6863
:10DD40002246494628465B6A9847002800F01E8113
:10DD50002B68224609F10C0128465B6A9847002887
:10DD600000F0148109F10107079BBB4201D0B946BD
:10DD7000DDE709F103094FF400720021204604F0A9
:10DD800028FB631E13F8012F02EB7808069A9A42CB
:10DD9000F8D12B682246394628465B6A9847002806
:10DDA00000F0F4802B68224607F10C0128465B6ADC
:10DDB0009847002800F0EA80791C894506D00F4674
:10DDC000DFE700BFB24B0020094C0020231F04F501
:10DDD000FE7243F8048F9A42FBD12B6822462846F4
:10DDE0005B6A9847002800F0D1802B68224607F133
:10DDF0000D0128465B6A9847002800F0C7801EB1D5
:10DE000065493046FFF706FE002120460027DDE980
:10DE1000013213444FF400720193049B4FEA8308CC
:10DE200004F0D7FA204608F20728F8231322FF212E
:10DE30004FEA582900F8013B4FEA983804F0C9FA34
:10DE4000B7FBF8F308FB137323B91EB153493046EF
:10DE5000FFF7E0FD2B682246019928465B6A3944AA
:10DE60009847002800F092803FB939464FF400727D
:10DE70002046012704F0ADFAE2E70137B945DFD1CA
:10DE80001EB147493046FFF7C5FD049F039A073787
:10DE9000FF0807F2FF13B2EB532F4FEA532975D354
:10DEA0004FF40072002120464FF0000804F091FA70
:10DEB000072323702B682246059928465B6A414454
:10DEC0009847002862D0B8F1000F01D184F8008093
:10DED00008F10108C145EDD11EB132493046FFF7C6
:10DEE00099FD059B5046039A9918FFF7E4FD002819
:10DEF0004CD04FF40073DAF8082003FA0BF39A427F
:10DF000044D81EB128493046FFF784FD4FF002097E
:10DF1000059B4FF40072002109FA0BF82046984443
:10DF200004F057FA032281238221C4F8349084F844
:10DF300020300023227084F84010DAF80410A76320
:10DF40001F4661646265DAF80820C4E916232B686D
:10DF5000224608EB070128465B6A98478146A8B12C
:10DF60003FB939464FF400722046012704F031FAD8
:10DF7000EDE70137039B9F42E9D11EB10B493046C3
:10DF8000FFF748FD484609B0BDE8F08F002E7FF44A
:10DF9000EBAD4FF00009F5E7C84B0020873B0020B0
:10DFA0003F4C0020D54B0020EC4B0020FB4B0020C9
:10DFB00070B505460C4651B1084604F083FB2B684A
:10DFC0000246214628465B68BDE87040184770BD90
:10DFD000486810B50C4658B10B894A8901339BB289
:10DFE0009A420B8104D80349FFF7E2FF0023238103
:10DFF000206810BD873B0020F0B5044687B00E4670
:10E00000154600214FF40072406A04F0E2F9206ADC
:10E0100010B11F49FFF7CCFF636A03AAE0690393BD
:10E02000236AE168049300230131ADF814306B09D1
:10E03000ADF81630036800926A1EDF6A154BB847C8
:10E0400018B3206A10B11449FFF7B2FFF822636ACF
:10E05000102E4FF0FF001A704FF0010314BF0C2276
:10E060000422616AC85401339A42FAD1E069626AB3
:10E070000368E1685B6A984738B1E069626A0368DF
:10E08000D4E902155B6A2944984707B0F0BD00BF88
:10E09000C84B0020754F02003F4C002038B5436A42
:10E0A0004FF40075044600212A46184604F091F901
:10E0B000EB22A0F80B500270762242709022827000
:10E0C0004FF02032C0F80320C0F8072094F82B202E
:10E0D0004273228DC28102220274F82242752269A3
:10E0E000C261A26902624AF65522A0F8FE2138BD3B
:10E0F00070B504464FF400720021406A04F069F9DB
:10E10000656A2269216805F2BF1001F072FEA369F9
:10E11000226905F2C31021681A44013A01F069FE30
:10E1200094F82A30002185F8C2312369E069C5F8E6
:10E13000C631A369626AC5F8CA314AF65523A5F803
:10E14000FE310368BDE870405B6A1847F8B5D0F847
:10E1500014C04FF480730446456A90F82B60436006
:10E16000ACEB0301B1FBF6F101F20110000A420031
:10E1700002F1A1079F4210D8DB1BA06003F18000D1
:10E180002061A1F6F570B0F5704F09D3206A10B187
:10E190002A49FFF70DFF0020F8BD80336360DFE7F9
:10E1A00081330120E36001FB0623208520462133D3
:10E1B000B3F5803FA3612CBF0623042384F82A30E3
:10E1C000FFF796FF0028E6D02046FFF767FF4FF4E1
:10E1D0000073A5F81130A368EB82802385F8243002
:10E1E000292385F82630164BC5F827304FF0203309
:10E1F000C5F82F30C5F82B30C5F83230462385F8E6
:10E200003630412385F83730542385F838303123B0
:10E2100085F83930362385F83A30E069626A036858
:10E2200021695B6A98470028B5D062682046E36898
:10E230001021D21ABDE8F840FFF7DEBE194C0020CD
:10E2400087D61200F8B54FF400530446456A42F2EF
:10E25000090703614FF48043426990F82B604360E3
:10E26000D11AB1FBF6F101F18100C00907EB400CB6
:10E270009C4503D903F500536360F1E74FF6F47250
:10E28000A060914206D8206A10B15049FFF790FE75
:10E290000020F8BDA3F5005201FB0633A2EB4002BB
:10E2A000204692B2228502F50052E260A3F50052A8
:10E2B000A261474A93428CBF0C230B2384F82A3077
:10E2C000FFF716FF0028E3D02046FFF7E7FEA3681C
:10E2D00002226B623F4BC5E90B23802385F8403057
:10E2E000292385F842303C4BC5F843304FF02033AA
:10E2F000C5F84B30C5F84730C5F84E30462385F891
:10E300005230412385F85330542385F85430332359
:10E3100085F85530322385F85630E069626A036823
:10E3200021695B6A98470028B2D0E06921690368D7
:10E33000626A06315B6A98470028A9D04FF40072E0
:10E340000021606A04F045F8244BE069C5F8FC310F
:10E35000036821695B6A626A02319847002897D096
:10E36000E06921690368626A08315B6A984700289E
:10E370008ED01B4BE0692B6003F1FF53626A03F5FB
:10E3800000532033C5F8E4314FF0FF33C5E97A3349
:10E39000036821695B6A0131984700283FF478AF30
:10E3A000E06921690368626A07315B6A984700285F
:10E3B0003FF46EAFA268204694F82B30202103EB87
:10E3C0004202BDE8F840FFF717BE00BF194C00201D
:10E3D0000004FB000100060087D61200000055AAC9
:10E3E0005252614138B5C0E908320B680446C16138
:10E3F0000846DB69984700F2FF736061DB0A062B71
:10E40000236007D8206A10B11E49FFF7D1FD00250F
:10E41000284638BD102B0ED8022384F82B30204616
:10E42000FFF794FE0546206A3DB30028F0D0164958
:10E43000FFF7BEFDECE7202B01D80423EDE7402BCE
:10E4400001D80823E9E7802B01D81023E5E7B3F5CD
:10E45000806F01D82023E0E7B3F5004F09D84023AF
:10E46000B0F5800F84F82B30D9D32046FFF7EAFEB1
:10E47000D8E7802384F82B30F7E70028C7D003497A
:10E48000C3E700BF2D4C0020424C0020504C002020
:10E490004FF0FF307047407C7047007D7047407DF3
:10E4A000704701207047007F7047036810B45C69B3
:10E4B0000123A44610BC604738B5036804460D46E6
:10E4C0001B6A984700B1257738BD2DE9F0411E46FB
:10E4D000C37C04460D46022B174602D183698B424A
:10E4E00006D02368294620461B6E9847B8B1A5611F
:10E4F0000025B5420AD1A369207F2B44A36170B9DE
:10E50000236820465B6EBDE8F0411847236807EB9F
:10E5100045212046DB6D984708B10135E9E7BDE8A4
:10E52000F0812DE9F0479946C37C04460D46022B45
:10E530001646DDF8208002D183698B4206D023681D
:10E54000294620461B6E9847C8B1A561AF19BD4248
:10E550000AD1A369207F3344A36180B92368204690
:10E560005B6EBDE8F047184741462846C847236818
:10E5700001462046DB6D013598470028E7D1BDE80C
:10E58000F0877047043001F00CBC10B50446202120
:10E59000FCF7C6F9204610BD1FB503686946DB6C61
:10E5A000984718B39DF800303F2B21D89DF80630CE
:10E5B0009DF8070003F003039DF809208000C2F3D3
:10E5C000010240EA83209DF8083040EA93109DF84C
:10E5D0000A30C3F3C013013043EA42039DF805201B
:10E5E00002F00F0242FA83F3073B984005B000BDEA
:10E5F00003F0C003402B0ED19DF809009DF80730B1
:10E60000013003F03F0300EB03409DF8083000EBBE
:10E6100003208002EAE70020E8E770B5867C044624
:10E6200066B9043001F07EFB3146207C01F0F7FA38
:10E63000FF21201D01F0CFFB0123A37470BD38B56D
:10E64000837C044663B10121007C01F0E8FAFF21DC
:10E65000201D01F0C0FB201D01F07CFB0023A374F2
:10E6600038BD70B5C37C0546012B10D0867C0EB931
:10E67000FFF7D3FF281D01F097FBB0F1FF0418BF8F
:10E68000012416B92846FFF7DAFF204670BD0024A2
:10E69000FBE700002DE9F843DFF8609004460F46E1
:10E6A0009046D9F8006006F59676201D01F07CFBB7
:10E6B000FF28207511D0FE281BD142463946201D67
:10E6C00001F07DFB2075B0B9201D01F06DFB201D10
:10E6D00001F06AFB0120BDE8F883D9F80030F31A95
:10E6E0001B04E2D51D2320466374FFF7A8FF00201A
:10E6F000F1E71823F7E72523F5E700BF14500320BF
:10E700004FF40072FFF7C6BF70B5084E041D3568A0
:10E710000D44204601F048FBFF2801D1012070BDC7
:10E720003368EB1A1B04F4D50020F8E714500320DB
:10E7300003682DE9F3411B6A044601920D46984790
:10E74000002838D0A37C13B92046FFF766FF0C2DB4
:10E7500028D103270DF1040845F04001201D01F0E8
:10E760003AFB18F80710201D01F035FB013FF8D2E5
:10E77000002D04F104004FF00A0514BF87219521F4
:10E7800001F029FB201D01F00FFB201D01F00CFB07
:10E790000306207503D5013DADB2002DF5D102B0C1
:10E7A000BDE8F0814FF496712046FFF7ADFF0028D9
:10E7B000CFD1002DCDD0FF20F1E7F8B500220E46D5
:10E7C0003A210446FFF7B4FF30B1122320466374A8
:10E7D000FFF735FF0020F8BD351D271D384601F035
:10E7E000E3FA05F8010DB542F8D12046FFF727FFFF
:10E7F0000120F0E738B5144600220546FFF798FFE0
:10E8000030B11B236B7428460024FFF718FF0AE081
:10E81000214610222846FFF73DFF04460028F2D08B
:10E820002846FFF70CFF204638BD0A460921FFF7AE
:10E83000E1BF0A460A21FFF7DDBF38B503680D4680
:10E8400004469B6D984703284FF01201204618BFDD
:10E850006D022A46FFF76CFF30B10C23204663742B
:10E86000FFF7EDFE002038BD0120E074FBE738B56E
:10E8700000240C2105462246C474FFF759FF30B12D
:10E88000092328466B74FFF7DAFE204638BD284678
:10E89000FFF7D5FE0120F9E7C37C022B02D1036804
:10E8A0005B6E1847012B01D1FFF7E1BF01207047D4
:10E8B000F8B51E46C37C04460D46012B174602D10F
:10E8C00083698B4205D029462046FFF7B6FFA8B1E1
:10E8D000A5610025B54209D1A369207F2B44A3611E
:10E8E00060B92046BDE8F840FFF7C1BF07EB4521FE
:10E8F0002046FFF705FF08B10135EBE7F8BD2DE92C
:10E90000F0471E46C37C05460C46012B1746DDE941
:10E91000089A02D183698B4205D021462846FFF729
:10E920008CFFC8B1AC6104EB0608444509D1AA6963
:10E93000287F3244AA6178B92846BDE8F047FFF73E
:10E9400096BF39462846FFF7DBFE28B120465246DF
:10E9500039460134C847E8E7BDE8F08738B50368B1
:10E960000D4604469B6D984703284FF01901204639
:10E9700018BF6D022A46FFF7DBFE30B10E2320469A
:10E980006374FFF75CFE002038BD02230120E374AE
:10E99000FAE700002DE9F04788B004460026174644
:10E9A00001ADA6746674667585E80E009DF80400D6
:10E9B000207401F031F90121207C01F030F94E483A
:10E9C0000723C4E9020395E8070005AB251D83E88A
:10E9D000070028460ECB01F0ADF92046E6740A2662
:10E9E000FFF71BFE0121207C01F019F9013EFF21F8
:10E9F000284601F0F0F916F0FF06F7D131460A2655
:10EA0000207C01F00CF9002220461146FFF790FE11
:10EA1000012880460AD0013E16F0FF06F3D10123FB
:10EA200020466374FFF70BFE002053E008214FF4EB
:10EA3000D5722046FFF77CFE41074ED40223042600
:10EA40006375013E284601F0AFF9207516F0FF0608
:10EA5000F7D1AA284CD123682046DFF8A0909B6DFF
:10EA60009847821ED9F80030564203F5FA6856419D
:10EA7000B607002237212046FFF75AFE32462921E9
:10EA80002046FFF755FE824650BB236820469B6D0B
:10EA90009847022817D152463A212046FFF748FEF0
:10EAA00040BB284601F080F900F0C000C02828468D
:10EAB00004BF0323637501F077F9284601F074F968
:10EAC000284601F071F92046FFF7B9FD0723012020
:10EAD000A760E36008B0BDE8F08784F81580BAE766
:10EAE000D9F80030A8EB03031B04C2D5172397E71E
:10EAF000062395E7122393E7801A0600145003209B
:10EB00007FB503680E4669460446DB6C1546984798
:10EB100090B19DF80A305A0613D4C3F305029DF84C
:10EB20000B30C3F3C01343EA42036A1C5BB23243A7
:10EB3000134206D02723637420460025FFF77FFD8C
:10EB400026E0637D20212046032B1CBF76026D0248
:10EB50003246FFF7EDFD08B12623ECE72A462121D6
:10EB60002046FFF7E5FD02460028F5D12621204684
:10EB7000FFF7DEFD0028EFD142F210712046FFF7CB
:10EB8000C3FD054608B92823D5E72046FFF757FD02
:10EB9000284604B070BD38B54FF416710446FFF72F
:10EBA000B3FD054630B91E2320466374FFF747FDC9
:10EBB000284638BDFD21201D01F00DF92046FFF744
:10EBC0003EFD0023E374F3E770B5054616460430B6
:10EBD00001F001F94FF400723146281D01F004F9EB
:10EBE000FF21281D01F0F7F8FF21281D01F0F3F89F
:10EBF000281D01F0D9F8287500F01F00052806D05F
:10EC0000202328466B74FFF71AFD002070BD0120F9
:10EC1000FCE738B50D464FF416710446FFF774FD56
:10EC200030B9242363742046FFF709FD002006E075
:10EC30002A46FC212046FFF7C7FF0028F3D038BD45
:10EC4000036870B59B6D0D46044616469847032829
:10EC50004FF01801204618BF6D022A46FFF768FDE5
:10EC600030B10D23637420460025FFF7E8FC0AE06D
:10EC70003246FE212046FFF7A7FF05460028F2D0C6
:10EC80002046FFF7DCFC284670BD10B4047F2CB191
:10EC900003689C6A0123A44610BC604710BCFFF7C0
:10ECA000CFBF1FB50DF1040C04468CE80E009CE8A4
:10ECB0000E00FFF76FFE20B19DF8053003F0010351
:10ECC000237704B010BD2DE9F041069D07460C46A0
:10ECD00090465E18B44202D10120BDE8F0813B6845
:10ECE0004246214638461B6998470028F5D0204601
:10ECF000079A41460134A847ECE72DE9F041064662
:10ED00000C461F465518AC4201D101200CE0336877
:10ED100020460699D3F82480B8472146024630465B
:10ED20000134C0470028EED1BDE8F08100207047D3
:10ED3000002070470020704770470000074B0021FB
:10ED4000074A9963186B106012681A639A6C22F074
:10ED500081029A64034B1970704700BF00002C4079
:10ED6000F87B0020F9690320064BC3F8CC01C3F8F7
:10ED7000D001C3F8BC01C3F8C001C3F8C401C3F893
:10ED8000C801704700801F40034B04481B6B1840AC
:10ED9000B0FA80F04009704700002C4001000F00DD
:10EDA000024B586A00F00100704700BF00002C4081
:10EDB000034B586A80F08070C0F30060704700BF5A
:10EDC00000002C40014B1878704700BFF969032000
:10EDD000034B586A80F40060C0F3C020704700BF46
:10EDE00000002C40034B586A80F48060C0F3802000
:10EDF000704700BF00002C40034B04481B6B1840B9
:10EE0000B0FA80F04009704700002C4002007F11EA
:10EE10004FF47A735843214B5A6AA3F51033D3F851
:10EE200000110623C2F3C22201F03F010132B1FBFF
:10EE3000F3F11B4BB3FBF1F30921B3FBF2F3012216
:10EE400030B51401B3FBF4F4844201D9013902D185
:10EE50001446012103E05200F3E714440131B3FBEF
:10EE6000F4F5854201D91029F7D14FF47A700139B0
:10EE7000520844430B48B3FBF4F303600A48C36AE7
:10EE80006FF3131343EA011343EA022343F46023AD
:10EE9000C362436A1B07FCD530BD00BF00C00F40F2
:10EEA00000EC695E0478002000002C40014B1878CB
:10EEB000704700BF38660020014B1868704700BFDC
:10EEC000F87B0020054B03F1100253F8040B93422A
:10EED00041F8040BF9D10120704700BF5C690320A1
:10EEE000054B03F1100253F8040B934241F8040B55
:10EEF000F9D10120704700BF6C690320024B01204B
:10EF00001B680B60704700BF287A00207047000024
:10EF1000F8B50546064EFBF7EFF90746A847044645
:10EF200020B1FBF7E9F9C01BB042F7D92046F8BD84
:10EF300040420F0038B5044614480D46FFF7E8FF7D
:10EF400008B1002038BD124BA1029D6007D59A6C14
:10EF500022F0FF029A64E2B2996C0A439A6424F0A8
:10EF6000FF040B4D0B48EC60FFF7D2FF0028E8D1FF
:10EF70002A6B094B1A601A682A631A68D207E0D50F
:10EF80001B6813F4702F08BF0120DBE7455D02000A
:10EF900000002C402D5D0200F87B002008B5044BDA
:10EFA00004481968FFF7C6FF08B1034B186908BD8C
:10EFB0002C7A002000001A0D00002C4008B5FFF745
:10EFC000EDFF80F48070C0F3002008BD037ADB07FA
:10EFD00008D50A4B1B6803B11847094B187860B174
:10EFE000FFF7ECBF074B1B780BB1FFF705BF064BD4
:10EFF000586A80F08070C0F300607047F47B002096
:10F00000CC5B03200268032000002C40FFF7C6BF42
:10F010002848837A10B514465A0615D4C3F305025E
:10F02000C37AC3F3C01343EA4203621C5BB20A43D0
:10F03000134209D0204B27221A7040F202321F4B94
:10F0400000241A60204610BD1D4B1B780BB94902E5
:10F0500064021C48FFF76EFF30B9174B0F221A707D
:10F0600040F20A32154BEBE721461748FFF762FFE3
:10F0700030B9114B10221A7040F20D320F4BDFE7FE
:10F0800000211248FFF756FF044630B90A4B1122FF
:10F090001A704FF44472094BD2E70D48FFF738FF5E
:10F0A0000028CFD0044B28221A7040F21332034BB1
:10F0B000C6E700BF6C690320386600201078002086
:10F0C000FE67032000001A2000001A2100001B2602
:10F0D000615F020010B50F4C23780BB9012010BD01
:10F0E0000D48FFF715FF00230C4A2370116B0C4BE2
:10F0F00019601968116318B91A680A4B1A42EDD0E1
:10F10000094B1F2200201A7040F27A22074B1A6026
:10F11000E5E700BF026803209D5D020000002C406F
:10F12000F87B002000007F11386600201078002056
:10F1300070B50C46FFF7CEFF0546D0B1194B5A6AA1
:10F14000D20507D49A6A22F480329A629A6A42F40B
:10F1500000329A629A6A144842F480329A62FFF747
:10F16000D7FE48B1114B21221A704FF47E72104B1A
:10F170001A600025284670BD04F50071094A536ADB
:10F180005B05FCD5231F04F13C0053F8046F834258
:10F190001662FAD140348C42F1D1064B01221A702A
:10F1A000E8E700BF00002C40895D020038660020BF
:10F1B00010780020026803202DE9F0410B4D06462F
:10F1C0000B4F2860FBF798F88046B047044620B9FB
:10F1D000002320462B60BDE8F081FBF78DF8A0EB03
:10F1E0000800B842F4D8D9F7D1FFEEE7F47B00204D
:10F1F00040420F0008B50848FFF7DEFF48B9074B4B
:10F200001A68920704D51A68054B1A4208BF0120F4
:10F2100008BD0020FCE700BF695D0200F87B00200C
:10F2200000007F11F8B51F46930706460C461546A9
:10F2300000D147B9184B25221A7040F2F512174B2E
:10F240001A600020F8BD1648FFF7B6FF30B1124B28
:10F250000A221A704FF4FC72104BF1E7114B012295
:10F2600011491A70114A124B02EA0742186042F41F
:10F270000072104B0D604A608B630F4B1B7803B913
:10F28000640221463046FFF755FE0028D9D0BDE87C
:10F29000F840FFF7AFBF00BF3866002010780020AD
:10F2A000615F0200F969032000002C400000FF1F8D
:10F2B000F87B002002007F11FE670320F8B50746A7
:10F2C0000C4615463E7AF6070ED45E18B44210D0AE
:10F2D0003B682A46214638461B69013405F500750E
:10F2E00098470028F2D11DE096070FD05E18B4426F
:10F2F00001D10120F8BD3B682A46214638461B69EA
:10F30000984778B1013405F50075F0E70648FFF736
:10F3100089FF0028EDD1054B0C221A7040F2A13272
:10F32000034B1A600020E5E737003A1238660020E8
:10F330001078002070B5037A1546ADF5007D0446BF
:10F34000DA070E4619D5AB0706D029466D464FF4AD
:10F3500000726846FBF744FA01232A4631461B48EF
:10F36000FFF760FF00282CD1194B0D221A7040F2D4
:10F370001142184B1A60002024E0FFF7ABFE002872
:10F38000F9D0637A022B02D16368B3420FD02368AD
:10F3900020461B6A98470028EDD023683146204656
:10F3A0001B6E98470028E6D00223666063722368CC
:10F3B00029462046DB6D98470028DCD0636801337E
:10F3C000636001200DF5007D70BD00BF01003A189B
:10F3D0003866002010780020F8B507460C46154620
:10F3E0003E7AF6070ED45E18B44210D03B682A4627
:10F3F000214638465B6A013405F5007598470028B8
:10F40000F2D11DE096070FD05E18B44201D1012061
:10F41000F8BD3B682A46214638465B6A984778B172
:10F42000013405F50075F0E70648FFF7FBFE0028FC
:10F43000EDD1054B0E221A7040F23D42034B1A608B
:10F440000020E5E727003A193866002010780020F0
:10F4500010B513480C46FFF7AFFE40B1114B0A221E
:10F460001A7040F24B42104B00201A6010BD0F4B37
:10F470009A6A22F480329A624FF400725A600C4BFE
:10F480001B7803B9640221460A48FFF753FD0028A0
:10F49000ECD1044B0E221A7040F25742024BE3E7C4
:10F4A000615F0200386600201078002000002C40C8
:10F4B000FE67032020003A1910B504460C21FBF723
:10F4C0002FFA204610BD000008B5002047F2B80210
:10F4D000FFF74AFC41F2B801064BC3F8BC23C3F85E
:10F4E000C023C3F8AC23C3F8B013C3F8B423C3F8E4
:10F4F000B82308BD00801F402E4B0520D3F8002103
:10F5000042F0800210B5C3F80021D3F800212A4C44
:10F5100022F03F02C3F80021D3F8002142F0180284
:10F52000C3F80021D3F8002122F08002C3F80021A3
:10F5300003F51033D3F8802042F00C02C3F880208A
:10F540005A6A22F460525A62DA6942F48032DA610D
:10F550005A6A42F400625A62FFF706FCA36C43F059
:10F560000043A364E36A43F0807343F40043E3621F
:10F57000E36ADA01FCD44FF4C870FFF749FCFFF7E7
:10F58000A3FF0E4B0E4A63630E4BC3F8F8210E4BDC
:10F59000602283F86E204FF0E0234FF48042C3F8DE
:10F5A0000C21E36A044A43F00063E362D36A1B015F
:10F5B000FCD410BD00800D4000002C400B007F11DA
:10F5C000E15C02000068002000E400E0044B1B78CE
:10F5D00023B1044B18780230C0B270470120704745
:10F5E000CD5B0320FE670320134B30B50C4685B07E
:10F5F0001968FFF79FFCE8B1104B04F10F051A6979
:10F6000000925A6901929A690292DB69039300237E
:10F6100023F0030203F0030101331032C9000F2B62
:10F620006A4452F8102C22FA01F205F8012DEFD1AC
:10F630000023E37305B030BD2C7A002000002C407D
:10F64000184B1A783F2A1AD89A79D87902F003020F
:10F65000597A8000C1F3010140EA82201A7A40EA17
:10F6600092109A7A5B79C2F3C012013003F00F0353
:10F6700042EA410243FA82F3073B9840704702F0A6
:10F68000C002402A0BD1DA79587A02F03F021B7A85
:10F69000013000EB024000EB0320800270470020A5
:10F6A000704700BF6C69032038B5174C002117481C
:10F6B000A36A23F48033A362FFF73CFC054648B9F4
:10F6C000134B09221A7040F23D22124B00251A609A
:10F6D000284638BD1048FFF76FFD30B10C4B0A22A9
:10F6E0001A704FF410720B4BF0E7636A9B07EFD56B
:10F6F000616BA36AE26A23F4803342F08062E262C3
:10F700006163A362E4E700BF00002C400000DB0C53
:10F710003866002010780020555D020038B5054697
:10F7200017480C46FFF7F4FB40B1164B0A221A703B
:10F730004FF4CC72144B00201A6038BD134B0122D9
:10F7400029461A70124B134A1860134B13481C6059
:10F750005A60134A9A63FFF7EDFB30B9094B042254
:10F760001A7040F29F12084BE5E7FFF743FD0028AF
:10F77000E3D1044B25221A704FF4D172024BDAE721
:10F78000615F02003866002010780020F9690320CC
:10F79000F87B00204000010000002C4011003A06D8
:10F7A00002007F112DE9F0430024764E764F91B090
:10F7B000764DDFF820820172447234703C702C70F8
:10F7C00088F80040FFF798FE21462046FFF7B2FB7D
:10F7D000B0B103244FF4D5716D48FFF7ABFB60B3B4
:10F7E0006C4B1B69B3F5D57F22D006224FF42573ED
:10F7F0003A700025684A1360284611B0BDE8F083CE
:10F80000012240F28E23F3E7022240F2B123EFE718
:10F8100003224FF42D73EBE7072240F2B923E7E709
:10F8200008224FF42F73E3E7052240F2BF23DFE7FE
:10F83000012388F80030594C11E0013CCAD198F8F6
:10F840000030002BF7D1FFF757FE21462046FFF787
:10F8500071FB98F80030002BEDD14FF44014FAF70B
:10F860004BFDDFF87481814600214D48FFF762FBB4
:10F8700018B917224FF42A73BAE721464948FFF70F
:10F8800059FB0028F5D0FAF737FDA0EB09004045F9
:10F89000EFD8404B1A69002AE6DA1969424A434810
:10F8A000116000211B695A0044BF01232B70FFF730
:10F8B00041FB0028A8D000213D48FFF73BFB002872
:10F8C000A6D0344C3B4D23693B496FF30F033B48B3
:10F8D0002B60FFF789FE00289ED039493948FFF791
:10F8E00083FE00289CD029683748FFF723FB0028B7
:10F8F0009AD029682A48FFF71DFB18B30221334824
:10F90000FFF718FB0546E8B1A36A69466FF07F4030
:10F9100023F00603A362A36A43F00203A3624FF03D
:10F9200010136364FFF7FAFE80B946F2A8120520AF
:10F93000FFF71AFA1046FFF76BFAFFF7C5FD012330
:10F94000337059E7142240F2C32351E79DF80D307C
:10F950009B07EAD5104C69461D4897F80090D4F8EB
:10F960000080FFF7DBFE28B19DF8103003F00F0395
:10F97000012B04D087F80090C4F80080D5E74CF242
:10F980005032D4E7CC5B032038660020FE670320AA
:10F9900000001A0800002C401078002000003040C1
:10F9A00000001A3700000229287A0020000009020E
:10F9B00000001A032C7A00206C690320000009095A
:10F9C0005C6903200000090A00001B0700001A06FA
:10F9D000F1FFFF80CD5B032040420F0038B5254B7F
:10F9E0000C465A6A90050DD49A6A22F480329A62C3
:10F9F00072B69A6A42F400329A629A6A42F480328B
:10FA00009A6262B61C48FFF783FA40B11B4B1A2278
:10FA10001A7040F256321A4B1A60002038BD04F5B5
:10FA20000072144D6B6A1905FCD5231F04F13C01CB
:10FA3000286A43F8040F8B42FAD140349442F1D142
:10FA40001048FFF765FA30B10C4B1D221A7040F2D6
:10FA500061320B4BE0E72A6B0B4B1A601A682A6382
:10FA60001A689207D9D51A68084B1A4208BF0120B4
:10FA7000D4E700BF00002C40755D0200386600200E
:10FA8000107800209D5D0200F87B002000007F11AF
:10FA900010B513480C46FFF78FFB40B1114B0A22FB
:10FAA0001A7040F2B132104B00201A6010BD0F4B9B
:10FAB0009A6A42F480329A624FF400725A600C4B98
:10FAC0001B7803B9640221460A48FFF733FA00287D
:10FAD000ECD1044B0C221A7040F2BD32024BE3E72A
:10FAE000615F0200386600201078002000002C4082
:10FAF000FE67032030003A1270B5037A1546ADF563
:10FB0000007D0446DA070E461FD5AB0720484FF0AC
:10FB1000010314BF6C462C462246FFF783FB40B915
:10FB20001C4B0B221A704FF45D721B4B1A600020A5
:10FB300008E0AC4205D04FF4007269462846FAF757
:10FB40004FFE01200DF5007D70BDFFF7C3FA0028C0
:10FB5000EDD0637A012B02D16368B3420ED02368E3
:10FB600020461B6A98470028E1D031462046FFF71F
:10FB70008FFF0028DBD00123666063722946204690
:10FB8000FFF72CFF0028D2D0636801336360D8E709
:10FB900011003A11386600201078002038B5124A5A
:10FBA0000D4600214172936A104823F4803393621A
:10FBB000FFF7C0F9044648B90D4B09221A7040F20C
:10FBC000D3320C4B00241A60204638BD002DFBD0E8
:10FBD0000948FFF7F1FA0028F6D0054B0A221A70FF
:10FBE00040F2D732034BEDE700002C400000DB0C65
:10FBF0003866002010780020555D020010B50446DC
:10FC0000FFF768FA38B1637A2BB120460121BDE8CD
:10FC10001040FFF7C3BF10BD0121FAF7DBBBFAF7B5
:10FC2000A7BB000037B5CDE90012C27C0B46002A05
:10FC300039D072B6C27CD10708D54FF0E0244569AF
:10FC4000D4F8801129408162C4F88011950708D545
:10FC50004FF0E0248569D4F884112940C162C4F8CA
:10FC60008411540708D54FF0E024C569D4F88811F1
:10FC700029400163C4F88811110708D54FF0E0242A
:10FC8000056AD4F88C1129404163C4F88C11D2065E
:10FC900008D54FF0E021446AD1F8902122408263D8
:10FCA000C1F8902162B68268934226D01B4A8360D5
:10FCB00092691B49C2F30114C2F3826251F82440D5
:10FCC0000132B4FBF2F12BB38B420BD8B1FBF3F250
:10FCD000B1FBF2F18B4200D20132B2F5817F03D247
:10FCE000022A03D8002302E040F20112931E5A08B0
:10FCF00002EB022243EA0222C260036800221A6178
:10FD000003225A62C2681A64019A1A6601221A61B1
:10FD100003B030BD9442EAD30A46DDE700C00F408D
:10FD20008C2E0020D0E9011208B50068FFF77AFF99
:10FD300008BD000084B00DF1100C0CE90E00044A5F
:10FD4000002B08BF13460360184604B0FDF7FEB948
:10FD5000405100200368DA7C12B3D00704D5986ABA
:10FD60004FF0E021C1F80001910704D5D86A4FF0A7
:10FD7000E021C1F80401500704D5186B4FF0E021D1
:10FD8000C1F80801110704D5586B4FF0E021C1F804
:10FD90000C01D20604D59A6B4FF0E023C3F8102172
:10FDA00070470068FDF730BB0368FF221B685A6686
:10FDB000DA6D12F4F81FFBD0586FC0B2704708B567
:10FDC00000681346FF2280F83C200A460021FDF718
:10FDD000F2FA002008BD03681B685966DA6D12F458
:10FDE000F81FFBD05B6F7047134600680022FDF7D9
:10FDF000E2BAB1F5807F30B50FD9B1F5FC7F34D9C7
:10FE0000B1F57C7F3AD9B1F5FC6F3AD9B1F57C6F89
:10FE10004FF03F0138D8802308E0102928D9202945
:10FE200029D980294FF0200120D8082313FB01F3A2
:10FE3000B2FBF3F4B4F5806F31BF03FB1423FE2350
:10FE400040F2FF343F223EBFB2FBF1F5B3FBF1F3CA
:10FE500001FB152203704FEA940338BF013284700E
:10FE600023F03F031A43427030BD3F211023DDE7EA
:10FE700020210223DAE720210423D7E73F21202392
:10FE8000D4E73F214023D1E7FF23CFE72DE9F0411D
:10FE9000884616461F46C3680446DDE906152A440F
:10FEA0009A4202D90020BDE8F081027843685200EE
:10FEB00083F8A520012283F8302183F82F217DB912
:10FEC00060683246414603685B689847B042E9D1B2
:10FED00039466068FDF7F4FBB0FA80F04009E2E7CC
:10FEE0000029EDD040682A4603685B689847A8421D
:10FEF000D8D1E5E770B5154606460C46D2B2017872
:10FF00004068FDF74BFC85420BD12544A54201D149
:10FF1000012070BD706803685B69984704F8010BA5
:10FF2000F4E70020F5E72DE9F84307468846164632
:10FF300099460025B54202D30120BDE8F883741B21
:10FF4000FB6808EB050138469C4228BF1C46331B62
:10FF50002246AB428CBF002309F00103FFF7CAFF22
:10FF60000028EAD02544E5E700B52DED028B83B0EB
:10FF7000B0EE408ACDED010A01F062F8DDED010A34
:10FF8000B4EE608AF1EE10FA06D6DFED0C7AF4EEEC
:10FF9000670AF1EE10FA03D003B0BDEC028B00BD8E
:10FFA000CDED017A02F046FBDDED017A87EEA70A7E
:10FFB0002123036003B0BDEC028B00BD00000000F4
:10FFC00010B52DED028B0446B0EE408A00F05AFBCE
:10FFD00020B1B5EE408AF1EE10FA04D1B0EE480A35
:10FFE000BDEC028B10BDB0EE480A204600F094FB39
:10FFF000B0EE408A00F046FB20B1B5EE408AF1EE4B
:02000004600496
:1000000010FAEBD102F016FBB0EE480ABDEC028B01
:100010002223036010BD00BF10EE903A002BC3F303
:100020000A5CACF2FF31C3F31303ACBF01204FF005
:10003000FF30132943F480130CDC002926DB4FF436
:1000400000220A411A44C1F1140322FA03F303FB0C
:1000500000F070471E291DD8ACF2134C00B510EE0D
:10006000102A4FF0004E2EFA0CFE12EB0E0228BFA3
:10007000013303FA0CF3C1F1340C22FA0CF21A43E7
:10008000142918BF134603FB00F000BD013118BF4F
:1000900000207047FDEEC07B17EE900A704700BF4E
:1000A000000000002DE9F0432DED0A8B8BB08DEDA3
:1000B000000B0199DDF800E04FEA115C11EE903A77
:1000C0000CF1FF3440F2FD72944211EE100A4FEA37
:1000D000135500F2CC80C5F30A02A2F2BE347F2C85
:1000E00098BF002000F23381BFEE008BD54AD64B7B
:1000F0008A18C2F3463C03EB4C1493ED006B93ED6E
:10010000027B94ED122B94ED183B94ED160B141515
:1001100005EE104A6FF31302B8EEC55B93ED049B36
:10012000A5EE060BA5EE073B93ED08AB93ED105B38
:1001300093ED067B93ED0CBB93ED0A6B93ED0E4BA9
:10014000BEF100048D1A45EC1C4BACEE028BA8EE00
:10015000054B28EE092B38EE005BA8EE0A7BA8EED3
:100160000B6B30EE450B30EE080B33EE000B28EE38
:10017000023BA3EE046BB0EE434BA3EE067B98EE7E
:10018000024B28EE038B30EE046B35EE034B35EE5D
:10019000445B35EE035B36EE056BA8EE076B34EE81
:1001A000062B21EE025B15EE902A6FF47273C2F3F8
:1001B0000A5C63443E2B00F2FD8034EE424B34EE89
:1001C000064BA24BB0EE457B93ED028B91EE027B8A
:1001D000A1EE047B93ED003BB0EE480B93ED046B76
:1001E000A5EE030B10EE101A30EE480B93ED062B24
:1001F000A0EE065BB0EE451B93ED0E4BA0EE021B8E
:1002000037EE017B93ED0C6B27EE072B01F07F029D
:10021000921802F10F0403EBC202A7EE046B92EDF9
:100220001C4B03EBC40293ED0A3B93ED085B53F8C0
:1002300034E05568A7EE035B4018002422EE023B31
:1002400037EE047B14EB0E02A2EE057B05EB403388
:10025000A3EE067BBCF1000F00F0BB8043EC102B3B
:10026000A7EE000B0BB0BDEC0A8BBDE8F0830218C3
:1002700043EB03046FF00107561EA04644F1FF3420
:10028000B7426FF4001676EB0404C0F059811EEB00
:100290000E0241EB01046FF00107561EA04664F107
:1002A0000004B7426FF4001676EB0404C0F01F811F
:1002B0000029C5F30A0280F2758140F2FE34A242A1
:1002C00040F3F48040F23344A24200F37281A61A54
:1002D0004FF0FF38A6F12007C6F1200402940397DF
:1002E00008FA06F408FA07F72743029C28FA04F4F0
:1002F000274308FA06F420EA040423EA07073C43EC
:1003000040F0D480029C039F03FA04F4F0402043A1
:10031000FB40184300F001008004A2F2BE337F2BA3
:1003200021F0004123D8CCF30A0CBCF1000F7FF47C
:10033000DBAE9FED407B9DED006B26EE077B53EC23
:10034000172B23F000419646A1F15071CCE604181A
:1003500043EB03066FF00108671EB1466FF4001C03
:1003600046F1FF36B8457CEB060CC0F02481384BD3
:10037000994208BFBEF1000F00F0B68040F2BD33D5
:100380009A42334B4AD9BEF1010F71EB030334BFDC
:1003900001220022B5F5006F2CBF002301239A42F1
:1003A0004FF000000ED10BB0BDEC0A8BBDE8F0435E
:1003B00000F028BF002BC0F28280BCF5816F2AD9E3
:1003C000002AF0DB0BB0BDEC0A8BBDE8F04300F077
:1003D00021BFA14280F2A080B7EE004B03F17F5114
:1003E00001F50011104641EC150B27EE057B35EEAB
:1003F000076BB0EEC63BB4EEC43BF1EE10FA29D465
:100400009FED0E0B26EE000B0BB0BDEC0A8BBDE88A
:10041000F04300F02FBF4FF0000CCEE600227245F3
:100420008B41B7EE000B34BF31EE000B30EE410BC9
:1004300018E700BF0000000000003043000000008B
:1004400000001000AB6A19C0280E0020C80400206C
:100450000000F03FB5EEC06BF1EE10FA01D5BFEE33
:10046000004B36EE042B35EE465B34EE423B35EE68
:10047000075B33EE067B37EE057B37EE027B37EE0C
:10048000446BB5EE406BF1EE10FA04D1002201F09E
:10049000004343EC162B9FED715B8DED065B9DEDEC
:1004A000067B27EE057B8DED087BA9E79DED000B14
:1004B0000BB0BDEC0A8BBDE8F04300F0CBBEB7EE4D
:1004C000000B35EE000B00283FF4CCAEB1EE400B34
:1004D000C8E61EEB0E0E674B81F400214FF00002C0
:1004E000494172458B4158D3B7EE000BBAE69DEDFA
:1004F000007B002927EE070B6FDB002052EA080281
:1005000040F09980002BBFF6ADAE0BB0BDEC0A8B6E
:10051000BDE8F04300F086BE03F140419FED516B12
:1005200001F57001104641EC100BA7EE000B20EE18
:10053000060B0BB0BDEC0A8BBDE8F04300F0A6BE85
:1005400052EA0800C5D01EEB0E0E4B4D4FF00004D2
:1005500041EB0100744575EB000C01461DD3A84525
:1005600008BFA24219D1454A904208BFA645BBD058
:10057000424ADB4391424FEAD37334BF0021012149
:10058000994268D09FED390B6CE60018394983F425
:1005900000235B41A2429941A6D29DED007B37EE3C
:1005A000010B5FE6A2F2BE337F2B3FF6E7AE0020E1
:1005B000BBE60020B1E654EA09028AD0304D0022A1
:1005C000A94208BF9645E0D019F5001F08BF944224
:1005D000E3D11EEB0E0E4941CAE7C5F30A01A1F2B1
:1005E000FF34342C89D8C1F586614FF0FF34A1F176
:1005F0001D0C033104FA0CF604FA01F5C1F1200ECA
:10060000354324FA0EF635438C4020EA040423EAED
:1006100005052C437FF471AF20FA01F103FA0EFEB9
:1006200041EA0E0123FA0CFC41EA0C0111F0010130
:100630000DD1084662E7002BBFF614AEB7EE006B93
:1006400086EE007B8DED047B9DED040B0AE6012018
:10065000B1EE400B52E721EE010B03E60000000073
:1006600000001000000000000000007F00000000FB
:10067000000000000000F0FF0000E0FF0000E07F4D
:100680000000F03F10EE103A23F00040B0F1FF4FB1
:100690002CBF00200120704710EE102AC2F3C75370
:1006A0007F3B162B0DDC002B26DB1A4941FA03F3A6
:1006B000134219D102F0004380ED000A00EE103A17
:1006C000704700B585B080ED000A8DED010A8DED13
:1006D000030A029000F08EF8019A88B102F00043FC
:1006E00000EE103A05B000BD22EA030207EE102A20
:1006F000026030EE470A704702F000420260704725
:10070000DDED037A029B37EEA70A83ED000A05B000
:1007100000BD00BFFFFF7F0010EE103A33F0004134
:100720001A4625D0B1F1FF4F1FD213F0FF4F20D151
:10073000DFED297A294A60EE277A904217EE903A47
:1007400031DB4CF2503CC3F3C75160451A46A1F16E
:10075000190114DD002BDFED227A9FED210AB8BFCD
:10076000DFED207A27EE800A704730EE000A7047EE
:1007700070474CF2503C60454FEAD151EADC0844E6
:10078000FE28E7DC002815DC10F1160F19DB193004
:1007900022F0FF4242EAC05207EE902A9FED120A71
:1007A00027EE800A7047DFED117A07EE103A27EE48
:1007B000270A704722F0FF4242EAC05300EE103A87
:1007C0007047002BDFED097A9FED080AB8BFDFED17
:1007D000087A27EE800A70470000004CB03CFFFF0B
:1007E000CAF24971CAF249F1000000336042A20D19
:1007F0006042A28D10EE103A33F000400ED0A0F50A
:100800000003B3F1FE4F0DD3074B421E9A4207D9A6
:10081000A0F1FF40B0FA80F0400970470220704715
:100820000320704704207047FEFF7F0010EE103A4F
:10083000C3F3C752002BA2F17F01ACBF01204FF0E0
:10084000FF301E290DDC00291ADBC3F3160316291D
:1008500043F400030ADD963A03FA02F202FB00F0C9
:100860007047FDEEC07A17EE900A70474FF4800291
:100870000A411A44C1F11701CA4002FB00F0704757
:10088000013118BF002070470000000010EE101A60
:1008900010EE902AA1F5000C5000BCF1FE4F00F1C3
:1008A000FF336FF0807C7ED2634538BF002080F03C
:1008B000B980BFEE001B01F1404303F54D03C3F3C4
:1008C000C3426FF31603C91A07EE901ADB15B7EE91
:1008D000E75A07EE903AAF4B03EB021292ED024B50
:1008E00092ED002B00B5A2EE051B93ED403B93ED7E
:1008F000426B93ED442BA1EE036B93ED465BB8EE98
:10090000E77B37EE047B93ED484BA1EE025B2DEDC8
:10091000028BA1EE047B21EE018BB7EEE00A28EEFC
:10092000083BA8EE057BA6EE037B20EE077B17EEC7
:10093000903A48F2BF01C3F3CF338B4283B04CD21D
:10094000B7EE000B944B93ED402B37EE023B13EECA
:10095000102A33EE423B02F01F01801803EBC10264
:1009600093ED424B37EE437B53F831C0D2F804E0AD
:1009700093ED446B93ED465BA7EE046B27EE074BBC
:10098000002111EB0C020EEBC033A7EE050B43EC7C
:10099000172BA6EE040B20EE070BB7EEC00B03B02F
:1009A000BDEC028B00BD634580F0B1804B00581E4A
:1009B000604580F0938000294BDB0020B1F5000FEB
:1009C000BFF477AFDFED757A20EE270A10EE103A0C
:1009D00023F00043A3F138616BE79FED666BB4EE43
:1009E000C67BF1EE10FA16DC9FED646BB4EEC67BAD
:1009F000F1EE10FA43DD4FF04C53002860D0019324
:100A0000DDED016ABFEE006A76EE666AF4EE466AD4
:100A1000F1EE10FA94D003B0BDEC028B5DF804EB5C
:100A200000F0E6BA002869D0B1F17E5F3FD0B0F1A6
:100A30007F4F69D14B00B3F1FE4F6FEA020234BF22
:100A400000230123D20F934200F08F809FED540AC0
:100A50007047C2F3C7537E2B27D9962B64D8012049
:100A6000C3F1960300FA03F3581E10421DD113423E
:100A700014BF01200020000421F000419EE79FEDFB
:100A8000416BB4EEC67BF1EE10FA30D99FED3F6BAF
:100A9000B4EEC67BF1EE10FA7FF552AF03B0BDECB9
:100AA000028B5DF804EB00F09DBA00F0B9BA82F455
:100AB00080035B0013F5000F26D8B7EE000A7047DD
:100AC0000093DDED006AB7EE006A76EE866AF4EE1A
:100AD000466AF1EE10FA3FF433AF9CE7002920EEAE
:100AE000000A23DB0020BBBB9A423CDB704703B00B
:100AF000BDEC028B5DF804EB00F06EBA81F480036C
:100B00005B0013F5000FD8D930EE200A704700289B
:100B1000F4D04B00B3F17F4FF6D8B0F17F4FF3D153
:100B2000B3F1FE4F87D1C8E70020A5E7C2F3C75154
:100B3000A1F17F001728D5D8C1F19600012101FA53
:100B400000F000F1FF3C1CEA020FCBD11040CAD0EC
:100B5000B1EE400A0846C6E7002AC7DAF7EE007A87
:100B600087EE800A704700F049BA20EEA00A70476D
:100B7000AFF3008071D5D1FFFFFF5F40E2AAA3FF72
:100B8000FFFF5F400000000000C062C000000000E6
:100B900000A062C0701E0020800300200000004BF7
:100BA0000000000010B510EE102AC2F30A53B3F58E
:100BB0007D7FB7EEC06A84B01BD226EE067BB3F50C
:100BC000667F6CD326EE072B27EE021B714B93ED4D
:100BD0001A3B93ED185B93ED164BA7EE035BA2EE69
:100BE000046BB0EE460BA5EE010BB7EEC00B04B0E4
:100BF00010BD40F22E418B4259D8664A92ED087BD7
:100C000026EE077BFDEEC77B92ED0A5B17EE903A6E
:100C100003F500031B16990707EE903A54BF1146DF
:100C200002F17001DC07B8EEE77BA7EE456B26EE1C
:100C3000067B1DD403F0030302EBC30291ED185BA6
:100C400092ED000B91ED1A3B26EE000BB0EE456BDA
:100C500091ED164BA7EE036B20EE075B27EE057BAD
:100C6000A5EE040BA6EE070BB7EEC00B04B010BD4B
:100C700091ED144B27EE075B91ED126B91ED0E2B6E
:100C8000A7EE046B27EE054B91ED0C0B91ED103B9D
:100C9000A7EE020BA5EE030BA6EE040BE4E712F0A1
:100CA000FF4FE3D1B7EEC77B8DED037ADEE7B3F5F7
:100CB000FF6F4CD2C2F38361374B8DED010A03EB1A
:100CC000810C53F82110C2F31603C2F3C25043F44F
:100CD00000038340DCF82000DCF810C003FB01F1C6
:100CE000A3FB00E0E3FB0C0101F100539C0F03F0B8
:100CF0004043C91A00F06CFC019A9FED246B04EB91
:100D0000D27241EC170B900754BF224B234B27EEB6
:100D1000067BE10727EE076B1ED41E4901EBC202DA
:100D200093ED185B93ED1A3B92ED000B93ED164B90
:100D300027EE000BB0EE457B20EE065BA6EE037BB4
:100D4000A5EE040B26EE056BA7EE060B8CE704B0B0
:100D5000BDE8104000F064B993ED144B26EE065B3D
:100D600093ED127B93ED0E2BA6EE047B26EE054B46
:100D700093ED0C0B93ED103BA6EE020BA5EE030BCF
:100D8000A7EE040B70E700BFAFF30080182D4454AA
:100D9000FB21193C981F00209C2E002008200020D9
:100DA0000000000010EE102AC2F30A53B3F57D7F55
:100DB000B7EEC07A1ED2B3F5667F72D327EE077BFB
:100DC00027EE071B734B93ED142B93ED125B93ED02
:100DD0000E3BA7EE025B27EE012B93ED0C6B93ED20
:100DE000104BA7EE036BA1EE046BA5EE026BB7EE02
:100DF000C60B704740F22E418B4255D8654A92EDA2
:100E0000086B27EE066BFDEEC66B92ED0A5B16EEE5
:100E1000903A03F500031B16990706EE903A54BF6B
:100E2000114602F17001D807B8EEE66BA6EE457BDD
:100E300027EE076B1CD503F0030302EBC30291ED11
:100E4000185B92ED000B91ED1A3B27EE000BB0EE14
:100E5000457B91ED164BA6EE037B20EE065B26EE5E
:100E6000056BA5EE040BA7EE060BB7EEC00B7047A3
:100E700091ED144B26EE065B91ED127B91ED0E2B5E
:100E8000A6EE047B26EE054B91ED0C0B91ED103B8D
:100E9000A6EE020BA5EE030BA7EE040BB7EEC00BFC
:100EA0007047B7EE000A7047B3F5FF6F53D2C2F335
:100EB0008361394B03EB810C53F82110C2F3160305
:100EC000C2F3C25043F4000310B58340DCF82000A5
:100ED000DCF810C003FB01F1A3FB00E0E3FB0C0115
:100EE00001F1005382B09C0F03F04043C91A8DED0D
:100EF000010A00F06DFB019A9FED246B04EBD272A6
:100F000041EC170B900754BF224B244B27EE067B76
:100F1000E10727EE076B20D51E4902F0030201EB23
:100F2000C20293ED185B92ED000B93ED1A3B27EE96
:100F3000000BB0EE457B93ED164BA6EE037B20EE47
:100F4000065B26EE056BA5EE040BA7EE060BB7EECF
:100F5000C00B02B010BD00F063B893ED144B26EE49
:100F6000065B93ED127B93ED0E2BA6EE047B26EE33
:100F7000054B93ED0C0B93ED103BA6EE020BA5EE8B
:100F8000030BA7EE040BE2E7AFF30080182D4454E7
:100F9000FB21193C981F00209C2E002008200020D7
:100FA00010B582B08DED010A044601F043FB9DEDC2
:100FB000010A046002B010BD30B1F1EE407A27EEB4
:100FC000800A2220FFF7ECBFF0EE407A27EE800A7D
:100FD0002220FFF7E5BF00BF9FED010AFFF7ECBF3E
:100FE000000000109FED010AFFF7E6BF0000201A85
:100FF0009FED010AFFF7E0BF000000709FED070AB8
:10100000F7EE007ABFEE007A00284FF0220047FE8C
:10101000877A87EE800AFFF7C3BF00BF0000000099
:1010200070EE407AB4EE400A87EEA77AF1EE10FA3D
:10103000B0EE470A02D62120FFF7B2BF704700BFCB
:1010400010EE903A30B523F00044621EB2F1FF4F2B
:101050003FD210EE101A21F0004EBEF1FF4F38D2F1
:10106000A6453ADB01F00042154600F09D8011F0E4
:10107000FF4F03F0FF4C49D14FEA0E206FF07D0285
:101080004000002802F1FF32FADCBCF1000F5BD116
:1010900023026FF07D0C5B000CF1FF3CFBD512F1DD
:1010A0007E0F6CDA6FF07D00831AA0EB0C00B2EBC0
:1010B0000C020EFA03F104FA00F36DD0013A03E0DA
:1010C0003AD04100013A09D3C81A0028F8DA490099
:1010D000F8E760EE200A80EEA00A30BDCB1A48BFC8
:1010E0000B461BB928E05B000CF1FF3CB3F5000F89
:1010F000F9DB1CF17E0F38DA6FF07D00A0EB0C00FD
:10110000034145EA030200EE102A30BD4FEAEE52D9
:10111000BCF1000F16D0E415C1F31601C3F316039A
:10112000121B41F4000143F40003A4F17F0CC5D16C
:10113000CB1A002B18DBD6D1224B03EB557393ED62
:10114000000A30BD7F3AA3E7E415A4F17F0C6FF0ED
:101150007D01891AC3F31603A2EB0C0243F40003CA
:101160000EFA01F1013AAFE70B46A3F500030CF1CB
:101170007F0C2B4343EACC5300EE103A30BD6FF0A6
:101180007D00C1F31601A0EB0C0041F40001A2EBBD
:101190000C0204FA00F391E7CB1A002B0ADBCBD048
:1011A000B3F5000F9FDBABE7064B03EB527393EDF8
:1011B000000A30BD0029BFD0B1F5000F0B4692DB0D
:1011C0009EE700BF8425002010B582B08DED000B96
:1011D000044601F02FFA9DED000B046002B010BD33
:1011E00082B058B1B1EE407B8DED007B9DED007B70
:1011F000222020EE070B02B0FFF7E6BFB0EE407BE7
:10120000F2E700BF9FED010BFFF7EABF000000000F
:10121000000000109FED010BFFF7E2BF000000008F
:101220000000007082B00028BFEE006BB7EE007BBC
:1012300007FE067B8DED007B9DED000B9FED037B94
:10124000222080EE070B02B0FFF7BEBF00000000B7
:1012500000000000B4EE400BF1EE10FA30EE407BDF
:1012600087EE076BB0EE460B02D62120FFF7ACBF2E
:10127000704700BFB5EE400BF1EE10FA00D070479A
:101280002220FFF7A1BF00BF000000009FED076B09
:10129000B0EEC07BB4EE467BF1EE10FA00DC704796
:1012A0002220FFF791BF00BFAFF30080FFFFFFFFD9
:1012B000FFFFEF7F81F0004102E000BF83F00043B9
:1012C00030B54FEA41044FEA430594EA050F08BFE1
:1012D00090EA020F1FBF54EA000C55EA020C7FEAA5
:1012E000645C7FEA655C00F0E2804FEA5454D4EB22
:1012F0005555B8BF6D420CDD2C4480EA020281EAEC
:10130000030382EA000083EA010180EA020281EA23
:101310000303362D88BF30BD11F0004F4FEA013175
:101320004FF4801C4CEA113102D0404261EB410184
:1013300013F0004F4FEA03334CEA133302D052420A
:1013400063EB430394EA050F00F0A780A4F10104C6
:10135000D5F1200E0DDB02FA0EFC22FA05F2801800
:1013600041F1000103FA0EF2801843FA05F35941E6
:101370000EE0A5F120050EF1200E012A03FA0EFC65
:1013800028BF4CF0020C43FA05F3C01851EBE3718F
:1013900001F0004507D54FF0000EDCF1000C7EEBAC
:1013A00000006EEB0101B1F5801F1BD3B1F5001FEA
:1013B0000CD349085FEA30004FEA3C0C04F1010409
:1013C0004FEA445212F5800F80F09A80BCF1004F32
:1013D00008BF5FEA500C50F1000041EB045141EAB4
:1013E000050130BD5FEA4C0C404141EB0101013C7D
:1013F00028BFB1F5801FE9D291F0000F04BF01466C
:101400000020B1FA81F308BF2033A3F10B03B3F13D
:1014100020020CDA0C3208DD02F1140CC2F10C02CD
:1014200001FA0CF021FA02F10CE002F11402D8BF2B
:10143000C2F1200C01FA02F120FA0CFCDCBF41EAF7
:101440000C019040E41AA2BF01EB0451294330BDC6
:101450006FEA04041F3C1CDA0C340EDC04F11404A3
:10146000C4F1200220FA04F001FA02F340EA03007A
:1014700021FA04F345EA030130BDC4F10C04C4F1C0
:10148000200220FA02F001FA04F340EA03002946A0
:1014900030BD21FA04F0294630BD94F0000F83F4EA
:1014A000801306BF81F480110134013D4EE77FEACD
:1014B000645C18BF7FEA655C29D094EA050F08BF19
:1014C00090EA020F05D054EA000C04BF19461046FA
:1014D00030BD91EA030F1EBF0021002030BD5FEA3E
:1014E000545C05D14000494128BF41F0004130BD66
:1014F00014F580043CBF01F5801130BD01F00045BA
:1015000045F0FE4141F470014FF0000030BD7FEA2C
:10151000645C1ABF194610467FEA655C1CBF0B4627
:10152000024650EA013406BF52EA033591EA030F3E
:1015300041F4002130BD00BF90F0000F04BF002136
:10154000704730B54FF4806404F132044FF0000569
:101550004FF0000150E700BF90F0000F04BF0021E2
:10156000704730B54FF4806404F1320410F0004548
:1015700048BF40424FF000013EE700BF42004FEA43
:10158000E2014FEA31014FEA02701FBF12F07F43C0
:1015900093F07F4F81F06051704732F07F4208BF77
:1015A000704793F07F4F04BF41F40021704730B57E
:1015B0004FF4607401F0004521F000411CE700BFCA
:1015C00050EA010208BF704730B54FF000050AE04D
:1015D00050EA010208BF704730B511F0004502D54E
:1015E000404261EB41014FF4806404F132045FEA50
:1015F000915C3FF4D8AE4FF003025FEADC0C18BFF9
:1016000003325FEADC0C18BF033202EBDC02C2F1EA
:10161000200300FA03FC20FA02F001FA03FE40EA7C
:101620000E0021FA02F11444BDE600BF80F0004034
:1016300002E000BF81F0004142001FBF5FEA4103AA
:1016400092EA030F7FEA226C7FEA236C6AD04FEAAA
:101650001262D2EB1363C1BFD218414048404140EF
:10166000B8BF5B42192B88BF704710F0004F40F4A1
:10167000000020F07F4018BF404211F0004F41F4BD
:10168000000121F07F4118BF494292EA030F3FD089
:10169000A2F1010241FA03FC10EB0C00C3F120039C
:1016A00001FA03F100F0004302D5494260EB40002B
:1016B000B0F5000F13D3B0F1807F06D340084FEA96
:1016C000310102F10102FE2A51D2B1F1004F40EB8B
:1016D000C25008BF20F0010040EA030070474900F3
:1016E00040EB0000013A28BFB0F5000FEDD2B0FA90
:1016F00080FCACF1080CB2EB0C0200FA0CF0AABFB3
:1017000000EBC25052421843BCBFD0401843704750
:1017100092F0000F81F4000106BF80F40000013256
:10172000013BB5E74FEA41037FEA226C18BF7FEA2D
:10173000236C21D092EA030F04D092F0000F08BF6F
:101740000846704790EA010F1CBF0020704712F056
:101750007F4F04D1400028BF40F00040704712F195
:1017600000723CBF00F50000704700F0004343F0FA
:10177000FE4040F4000070477FEA226216BF084630
:101780007FEA23630146420206BF5FEA412390EAF3
:10179000010F40F4800070474FF0000304E000BFE9
:1017A00010F0004348BF40425FEA000C08BF70479A
:1017B00043F0964301464FF000001CE050EA01025E
:1017C00008BF70474FF000030AE000BF50EA010273
:1017D00008BF704711F0004302D5404261EB410160
:1017E0005FEA010C02BF84460146002043F0B64385
:1017F00008BFA3F18053A3F50003BCFA8CF2083AAA
:10180000A3EBC25310DB01FA02FC634400FA02FCB2
:10181000C2F12002BCF1004F20FA02F243EB0200B9
:1018200008BF20F00100704702F1200201FA02FC1B
:10183000C2F1200250EA4C0021FA02F243EB02000E
:1018400008BF20EADC7070477BB972B90029BEBFBF
:1018500000204FF0004106E008BF00281CBF6FF0D9
:1018600000414FF0FF3000F0E7B9ADF1080C6DE931
:1018700004CE002909DB002B1ADB00F04DF8DDF85F
:1018800004E0DDE9022304B07047404261EB41010E
:10189000002B1BDB00F040F8DDF804E0DDE902235B
:1018A00004B0404261EB4101524263EB4303704795
:1018B000524263EB430300F02FF8DDF804E0DDE96A
:1018C000022304B0404261EB41017047524263EB96
:1018D000430300F021F8DDF804E0DDE9022304B061
:1018E000524263EB4303704753B94AB9002908BF1A
:1018F00000281CBF4FF0FF314FF0FF3000F09CB9C3
:10190000ADF1080C6DE904CE00F006F8DDF804E056
:10191000DDE9022304B070472DE9F04782B00646A6
:10192000DDF828E00846B4460D46002B4ED18A4229
:1019300014466DD9B2FA82F242B1C2F12003954049
:1019400026FA03F394401D4306FA02FC260CA7B2C4
:10195000B5FBF6F14FEA1C4306FB115543EA05437C
:1019600001FB07F0984209D9E31801F1FF3580F037
:101970000381984240F20081023923441B1A1FFA66
:101980008CFCB3FBF6F006FB10334CEA034C00FB77
:1019900007F363450AD914EB0C0C00F1FF3580F016
:1019A000ED80634540F2EA80A444023840EA0140F9
:1019B000ACEB030C0021BEF1000F04D02CFA02F3B3
:1019C0000022CEE9003202B0BDE8F0878B4209D98F
:1019D000BEF1000F01D0CEE900610021084602B03F
:1019E000BDE8F087B3FA83F1174600294DD1834251
:1019F00002D3B24200F20F81B6EB070C60EB030397
:101A000001201D46BEF1000FDDD0CEE900C5DAE7AA
:101A1000002A00F098801A46B4FA84F3002B40F0B4
:101A2000AF800B1B270CA6B20121B3FBF7F54FEAE1
:101A30001C4007FB153340EA034306FB05F89845B5
:101A400007D9E31805F1FF3002D2984500F2E8808B
:101A50000546A3EB08031FFA8CFCB3FBF7F007FB6A
:101A600010334CEA034C06FB00F3634508D914EB32
:101A70000C0C00F1FF3602D2634500F2CE803046F6
:101A8000ACEB030C40EA054095E7C1F120058B4023
:101A900022FA05FC4CEA030C00FA01F426FA05F3DD
:101AA000E84002FA01F943EA04084FEA1C4206FA48
:101AB00001FAB0FBF2F71FFA8CF602FB17004FEAAF
:101AC000184444EA004407FB06F0A0420AD91CEB84
:101AD000040407F1FF3380F09C80A04240F299801B
:101AE000023F6444241A1FFA88F3B4FBF2F002FBAD
:101AF000104443EA044300FB06F69E4209D91CEB5E
:101B0000030300F1FF3480F082809E427FD90238C7
:101B1000634440EA0740A0FB09749B1BA3423E4676
:101B2000A04664D361D0BEF1000F0AD0BAEB060222
:101B300063EB080303FA05F5CA401543CB40CEE931
:101B4000005300213FE7730843EAC1734A08190CA8
:101B500041EA02414FEAC67C9BB2B2FBF4F0264652
:101B6000A04627461F2243EA0143B1FBF4F1A3EB51
:101B7000080341EA004158E72946FFE6284615E7F1
:101B80001A46C3F120019C4026FA01F320FA01F124
:101B900090400343270C06FA02FCB1FBF7F0A6B213
:101BA00007FB1015190C41EA054100FB06F58D42B3
:101BB0003BD9611801D28D4220D8491B0138B1FBB5
:101BC000F7F5019505FB06F8019D9BB207FB151182
:101BD00043EA0143434526D2E31805F1FF31C6D25B
:101BE0004345C4D2A91E2344C1E7BA459BD2B7EBF3
:101BF000090664EB0C040138A04694E7651B2944F0
:101C00000238B1FBF7F5019505FB06F8DCE7204645
:101C10007FE71F4666E70846F4E6A44402382FE74C
:101C2000023D234415E70199A1E7491BB1FBF7F5F4
:101C3000019505FB06F8C7E7704700BF0A2200219F
:101C400000F06AB9024B0146186800F02DB800BFD9
:101C5000245B0020024B0146186800F059BD00BF0C
:101C6000245B002070B50F4C0E462168054611B963
:101C700000F0BEFC20603146284600F0B9FC431C51
:101C800003D14FF0FF34204670BDC41C24F0030480
:101C9000A042F8D0211A284600F0AAFC0130F2D167
:101CA000EFE700BFC48700202DE9F843CD1C25F0E5
:101CB000030508350C2D38BF0C25002D064601DB29
:101CC000A94204D90C2333600020BDE8F883334FC8
:101CD00000F066F83B681C463CBB29463046FFF7DF
:101CE000C1FF431C044656D13C68A046B8F1000F22
:101CF00040D1002C49D023684146304604EB03090B
:101D000000F076FC814540D121686D1A29463046A5
:101D1000FFF7A8FF013038D023682B4423603B68CD
:101D20005A685ABBC7F800800EE02268521B1ED4C6
:101D30000B2A16D96119A342256018BF5960636840
:101D400008BF396062514B60304600F02FF804F153
:101D50000B00231D20F00700C21A1CBF1B1AA35042
:101D6000B3E76268A3420CBF3A605A60ECE72346CF
:101D70006468B1E74446D8F80480B7E71A465B6860
:101D8000A342FBD100235360DEE70C2333603046CF
:101D900000F00CF898E70560D6E700BFC087002088
:101DA000014800F072BC00BF34800320014800F0FD
:101DB0006DBC00BF34800320024B0A460146186800
:101DC00000F002B8245B00202DE9F04107461546DB
:101DD0000C4621B9BDE8F0411146FFF765BF2AB9AD
:101DE00000F096FC2C462046BDE8F08101F074F826
:101DF0008542064602D8B5EB500FF4D8294638463E
:101E0000FFF752FF804608B94446ECE7B5422A4640
:101E1000214628BF3246F8F7E3FC2146384600F059
:101E200077FCF1E7242B2DE9F047884601D8012BF8
:101E300006D100F0FFFB162303600020BDE8F08709
:101E4000344E0D46294615F8014B375D17F008074B
:101E5000F8D12D2C10D12C7801278D1C33F01001D6
:101E600015D1302C0DD1297801F0DF01582908D186
:101E70006C78023510230AE02B2C04BF2C788D1CC3
:101E8000ECE7002BF6D1302C14BF0A23082307F10E
:101E9000004E0EF1FF3E0021BEFBF3F90E4603FBA0
:101EA00019EAA4F1300CBCF1090F10D86446A34222
:101EB0001EDDB1F1FF3F07D0B14516D301D1A245D8
:101EC00013DB06FB0346012115F8014BE9E7A4F1FA
:101ED000410CBCF1190F01D8373CE8E7A4F1610CC3
:101EE000BCF1190F04D8573CE1E74FF0FF31EBE7A5
:101EF0004B1C05D122230360764632B930469DE75C
:101F000007B17642002AF9D009B105F1FF38C2F8CD
:101F10000080F3E79B4F002013460A460146024823
:101F20000068FFF77FBF00BF245B00202DE9F0436E
:101F3000344E86460D46284615F8014B375D17F09E
:101F40000807F8D12D2C10D12C780127851C33F0EF
:101F5000100015D1302C0DD1287800F0DF00582862
:101F600008D16C78023510230AE02B2C04BF2C78A2
:101F7000851CECE7002BF6D1302C14BF0A23082374
:101F80004FF0FF380026B8FBF3F803FB08F96FEABF
:101F900009093046A4F1300CBCF1090F10D8644691
:101FA000A3421EDDB6F1FF3F07D0804516D301D115
:101FB000A14513DB00FB0340012615F8014BE9E7BF
:101FC000A4F1410CBCF1190F01D8373CE8E7A4F1AA
:101FD000610CBCF1190F04D8573CE1E74FF0FF3614
:101FE000EBE7731C06D12223CEF80030304632B91D
:101FF000BDE8F08307B14042002AF9D006B1691E5E
:102000001160F5E79B4F002013460A46014602483F
:102010000068FFF78BBF00BF245B002010B5054CA4
:1020200013462CB10A4601460220AFF3008010BDD2
:102030002046FCE700000000002300F055BFB7EE8B
:10204000C00AFFF7F9BF0000034B1B5C03F003035A
:10205000012B08BF203070479B4F0020002310B594
:102060000446C0E90033C0E90433836081814366DC
:10207000C2818361194608225C3000F0AAF90D4B39
:1020800063620D4BA3620D4BE3620D4B23630D4B5B
:1020900024629C4206D003F16802944202D0D033FD
:1020A0009C4205D104F15800BDE8104000F0ECBAA4
:1020B00010BD00BF31920200539202008B920200C9
:1020C000B1920200C8870020024A0349034800F089
:1020D0006BB800BFCC5A002019A60200D85A0020C5
:1020E00041680C4B994210B5044601D001F0C2FA88
:1020F000A168094B994202D0204601F0BBFAE16881
:10210000064B994204D02046BDE8104001F0B2BA17
:1021100010BD00BFC88700203088002098880020AC
:1021200010B50A4B0A4A1A600A4800220421FFF738
:1021300095FF094801220921FFF790FFBDE81040F3
:10214000064802221221FFF789BF00BF0089002044
:102150006D900200C88700203088002098880020F9
:10216000014800F092BA00BF35800320014800F01A
:102170008DBA00BF3580032010B50446FFF7F0FF8D
:10218000236A1BB1BDE81040FFF7F0BF044B236288
:10219000044B1B68002BF5D1FFF7C2FFF2E700BF2D
:1021A00085900200008900202DE9F8438046894689
:1021B00014460026D4E90175013F05D52468002C9A
:1021C000F8D13046BDE8F883AB89012B07D9B5F9C2
:1021D0000E30013303D029464046C84706436835D0
:1021E000EAE700000CB430B5154B0C1E1D689DB01D
:1021F00008DA8B232B604FF0FF301DB0BDE8304074
:1022000002B070474FF000031B9318BF0123E31A7D
:10221000049307930B4B029006900593209A21ABF1
:1022200002A92846019300F00DFF431CBCBF8B237D
:102230002B60002CE1D0029B00221A70DDE700BF6A
:10224000245B00200802FFFF0EB410B59DB01FAB49
:10225000029006906FF000410A48079104910A49E4
:1022600053F8042B0591002402A9006801931B94E4
:1022700000F0E8FE029B1C701DB0BDE8104003B0EA
:10228000704700BF245B00200802FFFF10B50C461A
:10229000B1F90E1000F09AF90028ABBF636DA38965
:1022A0001B1823F48053ACBF6365A38110BD2DE9D7
:1022B000F0411F468B89DB0505460C46164605D5C1
:1022C000B1F90E100223002200F06EF9A389B4F9CF
:1022D0000E1023F48053A38132463B462846BDE8C6
:1022E000F04100F095B910B50C46B1F90E1000F0B0
:1022F0005BF9B4F90C30421C0BBF23F4805343F458
:102300008053A381A38118BF606510BDB1F90E1081
:1023100000F03AB930B5141E9BB005461A4605DAEE
:102320008B2303604FF0FF301BB030BD4FF0000334
:10233000199318BF0123E31A02930593084B0091E8
:102340000491039369461E9B00F07CFE431CBCBFB6
:102350008B232B60002CE7D0009B00221A70E3E750
:102360000802FFFF07B5009313460A4601460348DB
:102370000068FFF7CFFF03B000BD00BF245B002063
:1023800010B501390244904201D1002005E00378E4
:1023900011F8014FA34201D0181B10BD0130F2E724
:1023A000884210B501EB020402D98442234607D8C3
:1023B000431EA14207D011F8012B03F8012FF8E7C3
:1023C0000244824200D110BD13F8011D02F8011D24
:1023D000F7E702440346934200D1704703F8011B1C
:1023E000F9E7000030B50D4D421E013912F8013FEA
:1023F000E85C00F00300012811F8010F2C5C04F0E8
:10240000030408BF2033012C08BF20301B1A02D15F
:102410000028EBD130BD1846FCE700BF9B4F0020E1
:10242000C9B203461A78184622B18A4203F1010361
:10243000F8D17047914218BF1046704710B56AB185
:1024400001398418027811F8013F9A4204D1013011
:10245000A04201D0002AF5D1D01A10BD1046FCE7E9
:1024600010B50139034632B111F8014F03F8014BA1
:10247000013A002CF7D11A440021934200D110BD3B
:1024800003F8011BF9E738B511F0FF0403460ED13C
:102490002146BDE83840FFF7C3BF431C054621462F
:1024A0001846FFF7BDFF0028F7D1284638BD0025A4
:1024B000F5E700001B4B2DE9F0411C68656C0646F2
:1024C0000F463DBB5020FFF7BDFB606428B90246B4
:1024D000154B16485B2100F0FDF88560626CC0E981
:1024E0000055C2E90355626CC2E90555626CC2E948
:1024F0000A55626CC2E90C55626CC2E90E55626CF9
:10250000C2E91055626CC2E91255626C15772B4610
:10251000656C6B622A46394630460123BDE8F041BE
:1025200000F006B8245B0020604C0020774C0020AF
:10253000F0B5044608B9146844B1204614F8015BAC
:102540004F1E17F8016F1EB965B91560002005E030
:10255000B542F6D1002BF0D114600370F0BD1C46DB
:102560000CE01DB9274614F8013B4E1E16F8015F1A
:10257000AB42F6D1002BF2D000233B701460EDE7A4
:102580000123FFF7D5BF000038B5064C00230546F0
:1025900008462360F8F798FC431C02D1236803B176
:1025A0002B6038BDD48E002038B5074C0546084650
:1025B0001146002222601A46F8F790FC431C02D113
:1025C000236803B12B6038BDD48E002038B5074C8A
:1025D000054608461146002222601A46F8F772FCAA
:1025E000431C02D1236803B12B6038BDD48E002078
:1025F00038B5064C0023054608462360F8F74CFC26
:10260000431C02D1236803B12B6038BDD48E002057
:1026100038B5074C054608461146002222601A4686
:10262000F7F7DEFA431C02D1236803B12B6038BDF3
:10263000D48E0020014B1868704700BF245B002037
:1026400070B50D4B0D4C00261D1BB6EBA50F09D127
:1026500002F0DCF80A4C0B4B00261D1BB6EBA50F55
:1026600005D170BD54F8043B98470136EDE754F8A6
:10267000043B98470136F1E7E0850160E0850160A1
:10268000E085016000860160704770477047000078
:10269000024B01461868FFF7ABBF00BF245B002068
:1026A00010F8012B11F8013B012A28BF9A42F7D0FC
:1026B000D01A7047034611F8012B03F8012B002AAA
:1026C000F9D17047034613F8012B002AFBD1181AE1
:1026D000013870471FB51D46094B1B680646D86870
:1026E00052B1084C0091CDE90142074933462A46D0
:1026F00000F0E8FFF8F7F7FB044C2246F2E700BFD2
:10270000245B0020D24C0020DF4C0020CE41002072
:1027100037B5002944D051F8043C0190002BA1F1B9
:102720000404B8BFE418FFF73BFB1E4A0198136886
:1027300033B96360146003B0BDE83040FFF736BBC7
:10274000A34208D9256861198B4201BF19685B68EB
:1027500049192160EDE71A465B680BB1A342FAD92B
:1027600011685518A5420BD1246821445418A3427E
:102770001160E0D11C685B6853600C441460DAE7B8
:1027800002D90C230360D6E7256861198B4204BF88
:1027900019685B68636004BF491921605460CAE727
:1027A00003B030BDC087002070B5C46905460E4631
:1027B00084B91020FFF746FA0446E86128B90246BA
:1027C000164B17486B21FFF785FF0023C0E9013343
:1027D0000360C360E36853B921220421284600F056
:1027E000D5FFEB69E060DB680BB9002070BD53F8E2
:1027F000260030B1026843F826200023C0E90333E5
:10280000F4E7012101FA06F4621D9200284600F067
:10281000BDFF0028E9D0C0E90164EEE7604C00206C
:102820000E4D002070B5C46906460D4674B91020DF
:10283000FFF708FA0246F06120B9094B09488F21D9
:10284000FFF748FFC0E901440460C4603DB1F3698B
:102850006A68DB6853F82210296043F8225070BD83
:10286000604C00200E4D00202DE9F0410D69074617
:102870000C461E4601F1140C0020DCF8003099B221
:1028800002FB01611E0C0B0C02FB063389B2013006
:1028900001EB034185424CF8041B4FEA1346ECDC84
:1028A0000EB3A368AB4219DC616838460131FFF70B
:1028B0007BFF804628B902460C4B0D48BA21FFF732
:1028C00009FF2269023204F10C0192000C30F7F783
:1028D00087FF21463846FFF7A5FF444604EB8503F2
:1028E00001355E6125612046BDE8F081684D00201C
:1028F0000E4D0020B0F5803F034636BF0304002094
:102900001020B3F1807F3CBF1B020830B3F1805F21
:102910003CBF1B010430B3F1804F3CBF9B00023031
:10292000002B04DB5B0001D501307047202070478D
:10293000036813F0070201460BD0DA0722D4980788
:1029400049BF5B089B0801200B605CBF0B60022045
:10295000704798B2A0B91B0C1020DAB20AB908303F
:102960001B0A1A0704BF1B0904309A0704BF9B08FF
:102970000230DA0702D45B0806D001300B607047E2
:102980001046EAE7002070472020704710B50C463B
:102990000121FFF709FF024628B9054B054840F21F
:1029A0004511FFF797FE01234461036110BD00BF8D
:1029B000684D00200E4D00202DE9F04FD1F8108019
:1029C000D2F81090C84585B00E46144604DB4B463D
:1029D0000C46C14616469846A368616809EB08078D
:1029E000BB42B8BF0131FFF7DFFE30B902464B4BA7
:1029F0004B484FF4B171FFF76DFE00F1140505EB84
:102A0000870B2B4600225B4522D306F1140101EB14
:102A1000880304F1140C0CEB890C029304F11503E8
:102A200063458CBF002301230093ACEB0403153BEB
:102A30009B080193029B03918B420CD8002F03DD6E
:102A40005BF8043D002B67D0076105B0BDE8F08F4F
:102A500043F8042BD7E7B1F800A0BAF1000F28D053
:102A600004F11408A9464FF0000E58F8042BD9F8C9
:102A7000003096B29BB20AFB0633D9F80060120C04
:102A8000360C73440AFB026606EB13469BB243EA1C
:102A90000643C44549F8043B4FEA164EE5D8009A70
:102AA000019B002A4FEA830308BF00232B44C3F88D
:102AB00004E0039BB3F802E00431BEF1000F29D01B
:102AC0002B6804F114069846A9464FF0000A328894
:102AD0000EFB02A202EB18429BB243EA024349F802
:102AE000043B56F8043BD9F800804FEA134A1FFA1A
:102AF00088F30EFB0A3303EB1243B4454FEA134A43
:102B0000E5D8009E019A002E4FEA820208BF0022FB
:102B10002A44536004358DE7013F8FE7684D00205C
:102B20000E4D00202DE9F843174612F003028046AF
:102B30000D4607D0264C013A002354F82220FFF717
:102B400093FE0546BF103FD0D8F81C4094B9102022
:102B5000FFF778F80446C8F81C0030B902461D4B50
:102B60001D4840F2B311FFF7B5FD0023C0E9013362
:102B70000360C360A66846B940F271214046FFF782
:102B800005FF0023A060064603602C464FF00009B5
:102B900007F001037F1053B1294632464046FFF744
:102BA0000BFF214605464046FFF73CFE67B1306803
:102BB00038B9324631464046FFF7FEFE3060C0F875
:102BC000009006462C46E3E72846BDE8F88300BFA0
:102BD0006C320020604C00200E4D00202DE9F84F93
:102BE0000C4649682669A36806EB621607469146BB
:102BF0004FEA621A06F1010843450BDB3846FFF73E
:102C0000D3FD054648B902462B4B2C484FF4EF71D3
:102C1000FFF760FD01315B00EEE700F114010023D6
:102C20000A461846534539DB20692AEAEA7A01EB5D
:102C30008A0104F1140319F01F098C4603EB80008C
:102C400030D0C9F1200A4FF0000E1A68E34602FAAC
:102C500009F242EA0E02CBF8002053F8042B984206
:102C60000CF1040C22FA0AFEEFD8031B153B23F0EB
:102C7000030304F11502904238BF00231944C1F840
:102C800004E0BEF1000F00D1B0463846C5F8108010
:102C90002146FFF7C7FD2846BDE8F88F42F8040B30
:102CA0000133BFE753F8041BCCF8001098420CF135
:102CB000040CF7D8E8E700BF684D00200E4D002057
:102CC00003690A699B1A30B50ED11430143100EB38
:102CD000820401EB820154F8045D51F8042D954201
:102CE00004D006D24FF0FF33184630BDA042F2D3D5
:102CF000FAE70123F8E700002DE9F74F8A46064678
:102D0000114650461446FFF7DBFF051E12D1294637
:102D10003046FFF749FD024628B9414B40F23721C2
:102D20004048FFF7D7FC0123C0E90435104603B043
:102D3000BDE8F08FBCBF5346A2463046DAF8041017
:102D4000BABF1C4601250025FFF72EFD024618B923
:102D5000334B40F24521E3E7DAF810702669C5608D
:102D60000AF1140904F1140E00F114050AF110031C
:102D700009EB87080EEB86060193AB464FF0000C7B
:102D8000019B5EF8040B53F804AF01931FFA8AF11C
:102D900083B2CB1A000C6344C0EB1A4000EB234013
:102DA0009BB243EA004376454BF8043B4FEA204C84
:102DB000E6D8331B153B153423F00303A64238BF76
:102DC0000023E8184B441C1D04302646A5EB0905DA
:102DD00046450ED308F10301091B21F0030101331D
:102DE000984538BF0021014451F8043DABB117614B
:102DF0009CE706EB050E56F8041BE2464FEA114924
:102E00001CFA81FC514409EB2C4989B241EA094181
:102E10004FEA294CCEF80010DAE7013FE4E700BFA3
:102E2000684D00200E4D00202DE9F7430F4601218B
:102E300059EC108B1646FFF7B7FC054630B9024631
:102E4000234B244840F20F31FFF744FCC9F30A54E6
:102E5000C9F313030CB143F480130193B8F10003D9
:102E600023D068460093FFF763FD0099D8B1019A1B
:102E7000C0F1200302FA03F30B43C2406B610192DD
:102E8000019BAB61002B0CBF012202222A61A4B17D
:102E9000A4F2334404443C60C0F13500306028465D
:102EA00003B0BDE8F0836961EAE701A8FFF740FDE0
:102EB000019B6B6120300122E8E705EB8203A0F261
:102EC000324038601869FFF715FDC0EB4210E5E7A6
:102ED000684D00200E4D002051F8043C181F002BB7
:102EE000BCBF0B58C01870472DE9F0432DED028B85
:102EF000B0EE408B9146224A85B0156806460F46D3
:102F00001C4683B9AA6A00F123039A420ADC00F145
:102F10002408E96A42462846FEF756FF044600B3F5
:102F2000C5E90A80EC6AB0EE480B03ABCDE900932B
:102F300032463B460321284600F0C4FC3B6822464B
:102F40005B42039D8542114611D81B1BD0183027C8
:102F5000CD18AE4210DC331AB042C8BF00230021A6
:102F60009954204605B0BDEC028BBDE8F08310F803
:102F7000011B02F8011BE4E701F8017BE8E700BF51
:102F8000245B00202DE9F0478E681F46BE42824632
:102F90000C469046334653D8B1F90C0010F4906FAC
:102FA0002BD065692368096905EB4505A3EB010989
:102FB00005EBD5757B1C6D104B44AB422A4684BF94
:102FC0001D462A46430527D511465046FEF76CFE9E
:102FD000064658B321694A46F7F702FCA38923F451
:102FE000906343F08003A381266165614E44A5EBA5
:102FF00009052660A5603E463B461F4620683A46C6
:103000004146FFF7CDF9A3689B1BA36023683B44AF
:1030100023600020BDE8F0875046FEF7D5FE064647
:103020000028E1D121695046FFF772FB0C23CAF852
:103030000030A38943F04003A3814FF0FF30E9E75C
:103040003E46DBE72DE9F0471F468B891B069CB007
:1030500006460D46144610D50B6973B94021FEF79C
:1030600023FE2860286130B90C2333604FF0FF3015
:103070001CB0BDE8F08740236B6100230993202337
:103080008DF8293003973023654F8DF82A304FF0A3
:10309000010823461A7899461AB1252A03F101033B
:1030A000F8D1B9EB040A0BD05346224629463046E4
:1030B000FFF768FF013000F0A380099A524409929B
:1030C00099F80030002B00F09B8000224FF0FF3376
:1030D000CDE9053209F10109049207928DF85320D8
:1030E0001A924C46052214F8011B4D4800F0FEFAD6
:1030F000049AD0B9D00644BF20238DF8533011076D
:1031000044BF2B238DF8533099F800302A2B13D06D
:1031100007994B4600204FF00A0C1A78303A092ADA
:103120001C464AD9A8B1079113E0C01B08FA00F069
:1031300010430490A146D4E7039B191D1B6803911B
:10314000002BBBBF5B4242F0020207930793B8BF5C
:10315000049223782E2B0AD163782A2B32D1039B39
:103160001A1D1B68039243EAE37302340593DFF8E8
:10317000C09021780322484600F0B8FA38B1049B89
:10318000A0EB0900402282401343013404932178CC
:1031900024488DF82810062200F0A8FA002835D01F
:1031A000214818BB039B073323F00703083303931D
:1031B000099B0344013409936BE701330CFB0121A4
:1031C0000120AAE700230593611C18464FF00A0C62
:1031D0000A78303A092A0C4603D9002BC7D005904B
:1031E000C5E701310CFB00200123F1E703AB00939D
:1031F0002A460E4B04A93046AFF30080421CD7D1BB
:10320000AB895B063FF532AF099831E703AB00931A
:103210002A46064B04A9304600F082F8EEE700BFCC
:10322000794D0020834D002000000000299F0200FE
:103230007F4D00202DE9F047914698468A680B693A
:10324000089E9342B8BF1346C9F8003091F8432056
:1032500007460C4612B10133C9F8003023689906BD
:1032600042BFD9F800300233C9F80030256815F0A4
:10327000060507D104F1190AE368D9F800209B1A62
:10328000AB4229DC94F843302268003B18BF01238D
:1032900092062ED404F1430241463846B04701302D
:1032A00021D02368A168226903F00603042B01BF23
:1032B000E568D9F80030ED1A25EAE57518BF002554
:1032C0008B1A2B449142C8BF1D464FF000091A3497
:1032D0004D451AD1002008E00123524641463846A8
:1032E000B047013003D14FF0FF30BDE8F087013522
:1032F000C2E7E1185A1C302081F84300224494F8B8
:10330000451082F843100233C4E7012322464146A8
:103310003846B0470130E6D009F10109D8E700008E
:103320002DE9F04398460B7E85B0782B174606466C
:103330000C9A0C4609D8622B01F1430108D8002BE6
:1033400000F0DC80582B00F0BD8004F1420539E02C
:10335000A3F163001528F8D801A555F820F000BFA7
:103360005DA3020071A30200EFA20200EFA202001F
:10337000EFA20200EFA2020071A30200EFA202007E
:10338000EFA20200EFA20200EFA2020081A402005D
:103390009DA302002FA40200EFA20200EFA20200F0
:1033A000A9A40200EFA202009DA30200EFA2020066
:1033B000EFA2020037A402001368191D1B681160F8
:1033C00004F1420584F842300123A8E0136825681F
:1033D000181D1060280601D51B6803E06A06FBD59E
:1033E000B3F90030002B03DA2D225B4284F843202E
:1033F000DFF878C10A2213E02568106815F0800F05
:1034000050F8043B02D16D0648BF9BB21060227E8B
:10341000DFF858C16F2A5DD10822002084F84300EC
:103420006568A560002D05DB20681D4320F00400C1
:10343000206051D00D46B3FBF2F002FB103E9A42E1
:103440001CF80EE005F801ED0346F4D9082A0BD16B
:103450002368DA0708D5236962689A42DEBF302301
:1034600005F8013C05F1FF35491B2161CDF80080CD
:103470003B4603AA21463046FFF7DCFE013053D11C
:103480004FF0FF3005B0BDE8F083236843F0200320
:103490002360DFF8DCC0782384F8453020681568A5
:1034A00010F0800F55F8043B03D110F0400F18BF07
:1034B0009BB21560C50744BF40F02000206023B1D7
:1034C0001022AAE7DFF8A4C0E6E7226822F0200273
:1034D0002260F5E70A22A0E70D46B7E71368D4F8A3
:1034E00000C060691D1D15601CF0800F1B6801D0B5
:1034F000186003E01CF0400FFAD01880002323610D
:103500000D46B3E71368191D11601D68626800213C
:10351000284600F0EBF808B1401B60606368236147
:10352000002384F84330A1E723692A463946304610
:10353000C0470130A4D023689B0714D4E068039BE4
:103540009842B8BF18469DE7012304F11902394695
:103550003046C047013093D00135E36803995B1AC8
:10356000AB42F1DCEAE70025F7E700BF1E3C002094
:103570008A4D0020B1F90C202DE9F04116070546CF
:103580000C4651D44B68002B02DC0B6C002B49DD40
:10359000E66A002E46D0002312F480522F682B607A
:1035A00031D0626DA389590705D56368D21A636B60
:1035B0000BB1236CD21A0023E66A216A2846B04771
:1035C000421CB4F90C3006D129681D2945D8284A77
:1035D000CA40D60741D500226260D9042269226020
:1035E00004D5421C01D12B6803B96065616B2F6063
:1035F000C1B104F14403994202D02846FFF788F88C
:10360000002363630EE0216A01232846B047024687
:10361000501CC7D12B68002BC4D01D2B01D0162BFA
:103620001AD12F6000201DE00F69002FFAD09307F8
:103630000E6808BF4B690F6018BF0023A6EB070890
:103640008B60B8F1000FEDDD216AA66A43463A4669
:103650002846B047002807DCA38943F04003A38134
:103660004FF0FF30BDE8F0810744A8EB0008E8E721
:103670000100402038B50B6905460C4613B91D46BC
:10368000284638BD18B1036A0BB9FEF775FDB4F9C9
:103690000C30002BF3D0626ED00704D4990502D40D
:1036A000A06DFEF7F2FF28462146FFF763FF636E29
:1036B000DA070546E4D4A3899B05E1D4A06DFEF7A3
:1036C000E5FFDDE70EB403B5014603AB054853F84B
:1036D000042B0068019300F059FE02B05DF804EB82
:1036E00003B07047245B00200000000001F0FF01E0
:1036F000102A2BDB10F0070F08D010F8013B013A1D
:103700008B422DD010F0070F42B3F6D1F0B441EA4E
:10371000012141EA014122F007047FF00007002364
:10372000F0E80256083C85EA010586EA010685FABA
:1037300047F5A3FA87F586FA47F6A5FA87F68EB914
:10374000EED1F0BC01F0FF0102F0070232B110F837
:10375000013B013A83EA010313B1F8D1002070471D
:1037600001387047002D06BF35460338073815F07D
:10377000010F07D1013015F4807F02BF013015F42D
:10378000C03F0130F0BC0138704700BF70B5A1FBED
:10379000026535B93146FEF787FA044628B9204656
:1037A00070BD0C2303600024F9E732462946FEF77A
:1037B00010FEF4E72DE9F74F03690C69A342804638
:1037C0007EDB013C01F11407A30000F11405009316
:1037D00005EB8403019357F8243055F82420013376
:1037E0009A4207EB8409B2FBF3F62ED34FF0000A9E
:1037F000BC46AE46D3465CF8043B98B206FB00A03C
:10380000020C1B0C06FB0323DEF8002080B292B2F0
:10381000121A5A44DEF800004FEA134A9BB2C3EB77
:10382000224303EB104392B242EA0342E1454EF8D1
:10383000042B4FEA234BDED2009BEB582BB9019BA4
:103840001A1F954230D3C8F810404046FFF738FAA7
:10385000002825DB01362946002057F8042BD1F833
:1038600000C01FFA82FE1FFA8CF3A3EB0E03034481
:10387000120CC2EB234202EB1C429BB243EA02430E
:10388000B94541F8043B4FEA2240E6D255F82420DE
:1038900005EB840322B9043B9D420BD3C8F81040CA
:1038A000304603B0BDE8F08F1368002BCBD1043A4B
:1038B000013CC6E71A68002AF0D1043B013CEBE763
:1038C0000020EEE72DE9F04F2DED028B91B08DED4C
:1038D000080B0792C2691C9E059155EC104B81465E
:1038E0000D9382B91020FEF7ADF90246C9F81C000D
:1038F00020B99E4BEF219E48FEF7ECFE0023C0E965
:1039000001330360C360116859B152684A600123F2
:1039100093408B604846FEF785FFD9F81C300022A3
:103920001A602F1EB5BF0123002333603360914B13
:10393000BCBF27F000470997BB4310D10D9AC7F3CE
:10394000130742F20F732743136000F0C6841D9BD8
:10395000894F002B00F0C884FB1C00F0C3BC9DED18
:10396000088BB5EE408BF1EE10FA0AD10D9A0123C7
:1039700013601D9B13B11D9A804B1360804F00F0A4
:10398000B3BC0EAA0FA94846B0EE480BFFF74CFA9D
:103990003B0D0E9A019046D0B0EE487B18EE901A7F
:1039A000C1F3130141F07F5141F44011A3F2FF3301
:1039B000002006EE903A07EE901A9FED665BB8EE97
:1039C000E64BB7EE086B37EE467B9FED646BA7EED8
:1039D000056B9FED645BB0EE467BA4EE057BFDEED0
:1039E000C76BB5EEC07BF1EE10FA16EE908A0B9025
:1039F00008D5B8EEE66BB4EE476BF1EE10FA18BFDF
:103A000008F1FF38B8F1160F2BD85E4901EBC80159
:103A100091ED007BB4EEC78BF1EE10FA01D508F101
:103A2000FF3800211EE00F9B134403F2324120298E
:103A3000C1BFC1F140018F4003F2124124FA01F1EC
:103A4000D6BFC1F12001394304FA01F107EE901A03
:103A5000B8EE677B013B17EE901A0120A1F1F871D7
:103A6000A7E70121D21A531E049345BFC2F10103F7
:103A70000293002300234CBF04930293B8F1000F7C
:103A80000C9118DB049BCDF8288043440493002359
:103A9000059A092A45D8052AC4BF043A0592059A11
:103AA000A2F10202CCBF00240124032A44D8DFE89B
:103AB00002F03436170B029B0022A3EB080302939B
:103AC0000A92C8F10003E3E701220692079A08EB85
:103AD000020B0BF1010A5246012AB8BF012206E08F
:103AE00001220692079A002A29DD93469246D9F8C8
:103AF0001C500021042000F11406964226D969606A
:103B000048460393FEF750FE039B074600283DD12D
:103B10001D4B024640F2AF11EDE60022E1E7002224
:103B2000D3E701240022CDE905244FF0FF3B00211B
:103B3000DA4612220791DAE701220692F5E74FF002
:103B4000010BDA465A46CDF81CB0D0E701314000EF
:103B5000D1E700BF61436F63A787D23FB3C8608BD3
:103B6000288AC63FFB799F501344D33F604C002006
:103B7000A84D00200000F07FA44D0020F13E002061
:103B8000F03E0020600D0020684D0020D9F81C2078
:103B9000BAF10E0F10605FD8002C5DD0B8F1000FA5
:103BA00040F3A480BB4A08F00F0102EBC10218F4F5
:103BB000807F92ED006B4FEA281100F08980B64AB1
:103BC00092ED087B01F00F01032288EE075BB248FB
:103BD000002940F0818085EE067B0C99002900F0D9
:103BE000A580B7EE006BB4EEC67BF1EE10FA40F1A3
:103BF0009D80BAF1000F00F09980BBF1000F2BDD22
:103C0000B2EE046B27EE067B08F1FF31039101321F
:103C10005E4606EE902AB1EE0C5BB8EEE66BA6EEC1
:103C2000075B15EE902A51EC150BA2F1507141EC97
:103C3000160B002E7ED1B1EE045B37EE457BB4EE61
:103C4000C67BF1EE10FA00F35682B1EE466BB4EE8D
:103C5000C67BF1EE10FA1FD40F9A002AC0F21E8123
:103C6000B8F10E0F00F31A818A4B03EBC80393EDF2
:103C7000007B079B002B80F2C080BAF1000F00F39D
:103C8000BC8009D1B1EE046B27EE067BB4EEC78B86
:103C9000F1EE10FA00F22C8200263446079BDB433B
:103CA00003933D46A046002431464846FEF7BAFD40
:103CB000B8F1000F00F09B802CB1444503D02146A1
:103CC0004846FEF7AFFD41464846FEF7ABFD8EE0A5
:103CD0000222B0EE485B7AE7CD0704D590ED007B79
:103CE000013226EE076B4910083071E71AD0C8F18F
:103CF0000001684A01F00F0002EBC00292ED007B68
:103D0000654828EE077B0911022200293FF465AFC0
:103D1000CC0704D590ED006B013227EE067B4910ED
:103D20000830F2E70222B0EE487B56E7CDF80C806F
:103D300056466EE7574A02EBC60212ED024B069A50
:103D4000B9194AB3B6EE003BB7EE002B3D4683EE01
:103D5000045BB2EE043B35EE466BFDEEC74B14EE52
:103D6000902AB8EEE45B303237EE457BB4EEC67B8A
:103D7000F1EE10FA05F8012B39D432EE475BB4EEC0
:103D8000C65BF1EE10FA6DD48D423FF465AF26EEBE
:103D9000036B27EE037BE0E7384624EE065BB2EECA
:103DA000043BFDEEC74B14EE902A303200F8012B95
:103DB0008842B8EEE46B37EE467B1BD1B6EE006B63
:103DC00035EE064BB4EEC47BF1EE10FA07EB0605B8
:103DD00048DC36EE456BB4EEC67BF1EE10FA7FF5AB
:103DE0003BAF2B4615F8012D302AFAD01D46DDF8E1
:103DF0000C8025E027EE037BD3E73D46B2EE045B63
:103E000088EE076BBDEEC66B16EE103A303305F840
:103E1000013BEB1B9A45B8EEC64BA4EE478B30D165
:103E200038EE088BB4EEC78BF1EE10FA18DCB4EE66
:103E3000478BF1EE10FA03D116EE103ADB070FD4E0
:103E400001994846FEF7EEFC00230D9A2B7008F10D
:103E5000010313601D9B002B00F046821D6043E2AE
:103E6000CDF80C802B461D4613F8012D392A05D1BB
:103E70009F42F8D1039A01320392302201321A7024
:103E8000B5E728EE058BB5EE408BF1EE10FAB7D111
:103E9000D6E700BF600D0020380D002006990029EC
:103EA00000F0E7800599012900F3C9800B990029EA
:103EB00000F0C18002F23342029D1E460393029B32
:103EC00013440293049B0121134448460493FEF7D4
:103ED0005DFD039B044665B1049A002A09DDAA42F0
:103EE0000299A8BF2A46891A02910499AD1A8A1A22
:103EF00004920BB3069A002A00F0C280002E00F054
:103F0000BC802146324648460B93FEF70BFE019AD1
:103F1000014604464846FEF74FFD01990390484686
:103F2000FEF780FC0B9B9B1B00F0AD8003991A46AB
:103F30004846FEF7F7FD019001214846FEF726FDB1
:103F40000A9B0646002B00F0D5811A4601464846DA
:103F5000FEF7E8FD059B012B064600F39D80089BBC
:103F6000002B40F09380099BC3F31302002A40F01A
:103F70008F8023F00042120D1205002A00F08A8083
:103F8000029B01330293049B0133049301230B939F
:103F90000A9B002B00F0B481326906EB82021069A3
:103FA000FEF7A8FCC0F12000049B184410F01F008D
:103FB00079D01B2873DCC0F11C00029B03440293E0
:103FC000049B034405440493029B002B05DD0199E7
:103FD0001A464846FEF702FE0190049B002B05DDC1
:103FE00031461A464846FEF7F9FD06460C9B002B63
:103FF0005BD001983146FEF763FE002855DA08F1E0
:10400000FF330393019900230A224846FEF72CFC54
:10401000069B0190002B00F07581214600230A22A7
:104020004846FEF721FCBBF1000F044669DC059B06
:10403000022B43DC65E00E9AC2F136023CE70AF13E
:10404000FF36B34207DBBAF1000FA3EB06060BDB2A
:10405000029D524632E7F21A0A9B029D13440A93CC
:1040600052463346002629E7029AA2EB0A050022AF
:1040700024E7029D069C1E462DE7019A039255E710
:1040800001991A4654E7039B019355E700237EE705
:10409000089B7CE70B927BE700230B937CE71C28B3
:1040A00092D0C0F120001C3087E7BAF1000FCDF8A4
:1040B0000C80D34621DC059B022B1EDDBBF1000FDB
:1040C0007FF4ECAD31465B4605224846FEF7CCFB5B
:1040D000014606460198FEF7F3FD58457FF7DEAD31
:1040E0003D46312305F8013B039B01330393D9E59A
:1040F000CDF80C8056463446F2E7069B002B00F0C4
:104100000481002D05DD21462A464846FEF766FD5E
:1041100004460B9B002B57D061684846FEF744FBD2
:10412000054628B9834B024640F2EF21FFF7E3BB77
:1041300022690232920004F10C010C30F6F750FBB8
:10414000012229464846FEF749FD80467B1C029322
:104150000BEB07030A93089B03F001030793029BF1
:104160000198314603F1FF3BFFF724FB2146049001
:1041700000F1300A0198FEF7A3FD42460690314651
:104180004846FEF7B9FDC2680546FAB901460198EE
:10419000FEF796FD0246294648460892FEF742FB86
:1041A000059B089A029D42EA0301079B19430FD120
:1041B000BAF1390F28D0069B002B02DD049B03F1D6
:1041C000310A8BF800A06FE5A046BFE70122E2E7C5
:1041D000069B002B04DB05990B4307990B4320D169
:1041E000002AEEDD019901224846FEF7F7FC314630
:1041F0000190FEF765FD002803DCE2D11AF0010F03
:10420000DFD0BAF1390FD9D139238BF800302B46E2
:104210001D46013B15F8012C392A56D001321A707F
:1042200042E5002A07DDBAF1390FEDD00AF10103AA
:104230008BF8003038E5029B029A03F801AC0A9B28
:1042400093422CD0019900230A224846FEF70CFB2A
:10425000444501904FF000034FF00A0221464846C2
:1042600007D1FEF701FB04468046029B013302930F
:1042700075E7FEF7F9FA4146044600230A2248464C
:10428000FEF7F2FA8046F0E7BBF1000F0BF1FF35C5
:1042900007F10102D8BF0025A0461544002401996A
:1042A00001224846FEF79AFC31460190FEF708FDD0
:1042B0000028ACDC02D11AF0010FA8D12B461D4614
:1042C00013F8012D302AFAD0EEE49F42A0D1039BCF
:1042D0000133039331233B70E6E41D9B164F1BB162
:1042E00007F108031D9A1360384611B0BDEC028B2C
:1042F000BDE8F08F059B012B7FF731AE0A9B0B9336
:10430000012051E69B457FF7D6AE3D4601983146E8
:10431000FFF750FA00F1300A05F801ABEA1B9345AC
:10432000B2DD019900230A224846FEF79DFA01906A
:10433000ECE700BF684D00209B4D00209368013BD7
:10434000002B10B4936007DA9469A34201DB0A29B9
:1043500002D110BC00F02EB91368581C10601970FF
:10436000084610BC7047F8B506460F461446D518E7
:10437000AC4201D1002007E014F8011B3A46304658
:10438000FFF7DCFF431CF3D1F8BD00002DE9F04737
:1043900006469CB00D4614461F4618B1036A0BB979
:1043A000FDF7EAFE6B6ED90705D4AB899A0502D4F6
:1043B000A86DFEF76AF9AB891B0701D52B699BB97C
:1043C0002946304600F034F970B16B6EDE0704D533
:1043D0004FF0FF301CB0BDE8F087AB899C05F7D4E7
:1043E000A86DFEF753F9F3E70023099320238DF816
:1043F0002930039730236A4F8DF82A304FF0010897
:1044000023461A7899461AB1252A03F10103F8D1F7
:10441000B9EB040A0BD05346224629463046FFF733
:10442000A2FF013000F0A380099A5244099299F842
:104430000030002B00F09B8000224FF0FF33CDE9CD
:10444000053209F10109049207928DF853201A925E
:104450004C46052214F8011B5148FFF747F9049A0E
:10446000D0B9D00644BF20238DF85330110744BF84
:104470002B238DF8533099F800302A2B13D007994D
:104480004B4600204FF00A0C1A78303A092A1C4695
:104490004AD9A8B1079113E0C01B08FA00F01043F5
:1044A0000490A146D4E7039B191D1B680391002BC0
:1044B000BBBF5B4242F0020207930793B8BF04926E
:1044C00023782E2B0AD163782A2B32D1039B1A1D15
:1044D0001B68039243EAE37302340593DFF8D0903C
:1044E000217803224846FFF701F938B1049BA0EB7D
:1044F0000900402282401343013404932178294863
:104500008DF828100622FFF7F1F800283ED0264843
:1045100018BB039B073323F0070308330393099B5E
:104520000344013409936BE701330CFB01210120A3
:10453000AAE700230593611C18464FF00A0C0A787D
:10454000303A092A0C4603D9002BC7D00590C5E79D
:1045500001310CFB00200123F1E703AB00932A4655
:10456000124B04A93046AFF30080431CD7D16B6EC9
:10457000D90705D4AB899A0502D4A86DFEF786F851
:10458000AB895B063FF524AF099823E703AB0093A3
:104590002A46064B04A93046FEF7C2FEE5E700BFF7
:1045A000794D0020834D0020000000000BB3020075
:1045B0007F4D0020F8B505460F46144618B1036A32
:1045C0000BB9FDF7D9FDA369A360A3891A0701D52B
:1045D000236943B92146284600F02AF818B14FF064
:1045E000FF363046F8BD23692068C01A63698342EC
:1045F00005DC21462846FFF73DF80028EFD1A368E7
:10460000013BA36023685A1C22601F70636901305C
:104610008342FEB204D0A389DB07E2D50A2EE0D1A3
:1046200021462846FFF726F80028DAD0D7E7000011
:1046300038B5284B054618680C4618B1036A0BB903
:10464000FDF79AFDB4F90C30190720D4DA0607D427
:1046500009222A6043F04003A3814FF0FF3031E08C
:10466000580711D5616B41B104F14403994202D05E
:104670002846FEF74DF8002363630022A389626099
:104680002269226023F0240343F00803A3812369F5
:104690004BB9A38903F42073B3F5007F03D02146FF
:1046A000284600F03DF8B4F90C3013F001020AD0AE
:1046B0000022A26062695242A261226942B913F0EB
:1046C0008000C7D138BD990758BF6269A260F4E77E
:1046D0000020F7E7245B002070B50E46B1F90E10FC
:1046E000002996B014461D460ADAB28912F08002FB
:1046F00013D14FF4806100202A60216016B070BD94
:104700006A4600F047F80028EFDB019A02F4704295
:10471000A2F500535A425A41EBE700224021EAE752
:104720008B8973B59E0705460C4607D504F14703F0
:10473000236023610123636102B070BD01AB6A464F
:10474000FFF7CAFF009E28463146FDF7ADFAB4F9DF
:104750000C3038B99A05EFD423F0030343F0020379
:10476000A381E3E743F08003A381019B2060C4E9B8
:104770000406002BE0D0B4F90E10284600F01CF817
:104780000028D9D0A38923F0030343F00103A381B8
:10479000D2E7000038B5074C00230546084611460D
:1047A0002360F6F794FB431C02D1236803B12B600E
:1047B00038BD00BFD48E002038B5064C0023054616
:1047C00008462360F6F788FB431C02D1236803B137
:1047D0002B6038BDD48E0020000000005FF800F090
:1047E000A53200605FF800F0AD6400605FF800F093
:1047F000119300605FF800F0211801605FF800F08D
:10480000E19000605FF800F0016A00605FF800F07E
:10481000797C01605FF800F0918400605FF800F03F
:10482000057B00605FF800F0D97A01605FF800F066
:1048300035B600605FF800F0F96600605FF800F0E0
:10484000B1CA00605FF800F0416301605FF800F0FA
:10485000C93100605FF800F0916D01605FF800F011
:10486000F96A00605FF800F0018400605FF800F012
:10487000C1D900605FF800F0F12C00605FF800F033
:10488000452C00605FF800F0218500605FF800F0C3
:10489000411F01605FF800F0F56100605FF800F013
:1048A000216E00605FF800F0F55E00605FF800F0D8
:1048B000451A01605FF800F00DBD00605FF800F080
:1048C000FD5900605FF800F0C12C00605FF800F057
:1048D000256900605FF800F0D99100605FF800F092
:1048E000597300605FF800F0716200605FF800F0DB
:1048F000CD9300605FF800F0A92700605FF800F03A
:104900002D7A00605FF800F0358C00605FF800F0F1
:10491000017800605FF800F0756700605FF800F0F4
:104920004DB900605FF800F0693501605FF800F094
:10493000317C01605FF800F0C51C01605FF800F099
:104940002D5A00605FF800F005D000605FF800F0BD
:104950009DF200605FF800F06DF600605FF800F017
:10496000457C00605FF800F0AD9500605FF800F0F6
:10497000655900605FF800F099BB00605FF800F0D7
:10498000BD8700605FF800F0912101605FF800F0E2
:10499000817A00605FF800F0853900605FF800F010
:1049A0008D6400605FF800F0E9B400605FF800F02B
:1049B000317900605FF800F0BD3700605FF800F00B
:1049C00073F600605FF800F091D600605FF800F0C9
:1049D00065C000605FF800F0698C00605FF800F06F
:1049E000D97900605FF800F02D8600605FF800F074
:1049F0007DC200605FF800F0E13900605FF800F010
:104A0000D91501605FF800F0154A01605FF800F009
:104A1000D1B100605FF800F0BD3300605FF800F0D6
:104A20001B7000605FF800F0952700605FF800F0F1
:0C4A3000333A00600000000000000000AD
:044A3C00F8B500BF0A
:084A4000D8CEFF7F0100000049
:104A4800000000000000000000000000000000005E
:104A5800000000000000000000000000000000004E
:104A6800000000000000000000000000000000003E
:104A7800000000000000000000000000000000002E
:104A8800000000000000000000000000000000001E
:104A9800000000000000000000000000000000000E
:104AA80000000000000000000000000000000000FE
:104AB80000000000000000000000000000000000EE
:104AC80000000000000000000000000000000000DE
:104AD80000000000000000000000000000000000CE
:104AE80000000000000000000000000000000000BE
:104AF80000000000000000000000000000000000AE
:104B0800000000000000000000000000000000009D
:104B1800000000000000000000000000000000008D
:104B2800000000000000000000000000000000007D
:104B3800000000000000000000000000000000006D
:104B4800000000000000000000000000000000005D
:104B5800000000000000000000000000000000004D
:104B6800000000000000000000000000000000003D
:104B7800000000000000000000000000000000002D
:104B8800000000000000000000000000000000001D
:104B9800000000000000000000000000000000000D
:104BA80000000000000000000000000000000000FD
:104BB80000000000000000000000000000000000ED
:104BC80000000000000000000000000000000000DD
:104BD80000000000000000000000000000000000CD
:104BE80000000000000000000000000000000000BD
:104BF80000000000000000000000000000000000AD
:104C0800000000000000000000000000000000009C
:104C1800000000000000000000000000000000008C
:104C2800000000000000000000000000000000007C
:104C3800000000000000000000000000000000006C
:104C4800000000000000000000000000000000005C
:104C5800000000000000000000000000000000004C
:104C6800000000000000000000000000000000003C
:104C7800000000000000000000000000000000002C
:104C8800000000000000000000000000000000001C
:104C9800000000000000000000000000000000000C
:104CA80000000000000000000000000000000000FC
:104CB80000000000000000000000000000000000EC
:104CC80000000000000000000000000000000000DC
:104CD80000000000000000000000000000000000CC
:104CE80000000000000000000000000000000000BC
:104CF80000000000000000000000000000000000AC
:104D0800000000000000000000000000000000009B
:104D1800000000000000000000000000000000008B
:104D2800000000000000000000000000000000007B
:104D3800000000000000000000000000000000006B
:104D4800000000000000000000000000000000005B
:104D5800000000000000000000000000000000004B
:104D6800000000000000000000000000000000003B
:104D7800000000000000000000000000000000002B
:104D8800000000000000000000000000000000001B
:104D9800000000000000000000000000000000000B
:104DA80000000000000000000000000000000000FB
:104DB80000000000000000000000000000000000EB
:104DC800000000000000F03F748515D3B0D9EF3F14
:104DD8000F89F96C58B5EF3F515B12D00193EF3F43
:104DE8007B517D3CB872EF3FAAB968318754EF3FD9
:104DF8003862756E7A38EF3FE1DE1FF59D1EEF3F92
:104E080015B7310AFE06EF3FCBA93A37A7F1EE3FB7
:104E18002234124CA6DEEE3F2D89616008CEEE3FAB
:104E2800272A36D5DABFEE3F824F9D562BB4EE3F88
:104E3800295448DD07ABEE3F85553AB07EA4EE3FD6
:104E4800CD3B7F669EA0EE3F745FECE8759FEE3F1A
:104E58008701EB7314A1EE3F13CE4C9989A5EE3F61
:104E6800DBA02A42E5ACEE3FE5C5CDB037B7EE3F53
:104E780090F0A38291C4EE3F5D253EB203D5EE3F8C
:104E8800ADD35A999FE8EE3F475EFBF276FFEE3FBF
:104E98009C5285DD9B19EF3F6990EFDC2037EF3F8F
:104EA80087A4FBDC1858EF3F5F9B7B33977CEF3F71
:104EB800DA90A4A2AFA4EF3F40456E5B76D0EF3FF7
:104EC800000000000000E8429423914BF86AAC3FD0
:104ED800F3C4FA50CEBFCE3FD6520CFF422EE63F67
:104EE8000000000000003843FE822B65471547404C
:104EF8009423914BF86ABC3EF3C4FA50CEBF2E3FC0
:104F0800D6520CFF422E963FFE822B65471567400E
:104F180000000000000038430000FAFE422E76BF71
:104F28003A3B9EBC9AF70CBDBDFDFFFFFFFFDF3F7C
:104F38003C5455555555C53F912B17CF5555A53F51
:104F480017D0A4671111813F000000000000C8427B
:104F5800EF39FAFE422EE63F24C482FFBDBFCE3FA2
:104F6800B5F40CD7086BAC3FCC5046D2ABB2833FFC
:104F7800843A4E9BE0D7553F000000000000000037
:104F8800000000000000F03F6EBF881A4F3B9B3CBA
:104F98003533FBA93DF6EF3F5DDCD89C136071BC4F
:104FA8006180773E9AECEF3FD16687107A5E90BCBD
:104FB800857F6EE815E3EF3F13F6673552D28C3CD8
:104FC800748515D3B0D9EF3FFA8EF92380CE8BBC08
:104FD800DEF6DD296BD0EF3F61C8E6614EF7603C35
:104FE800C89B751845C7EF3F99D3335BE4A3903C42
:104FF80083F3C6CA3EBEEF3F6D7B835DA69A973C9E
:105008000F89F96C58B5EF3FFCEFFD921AB58E3C4D
:10501800F747722B92ACEF3FD19C2F703DBE3E3CC0
:10502800A2D1D332ECA3EF3F0B6E908934036ABC54
:105038001BD3FEAF669BEF3F0EBD2F2A525695BC81
:10504800515B12D00193EF3F55EA4E8CEF8050BC74
:10505800CC316CC0BD8AEF3F16F4D5B923C991BCD9
:10506800E02DA9AE9A82EF3FAF555CE9E3D3803CCF
:10507800518EA5C8987AEF3F4893A5EA151B80BCC6
:105088007B517D3CB872EF3F3D32DE55F01F8FBC3F
:10509800EA8D8C38F96AEF3FBF53133F8C898B3CFC
:1050A80075CB6FEB5B63EF3F26EB11769CD996BC13
:1050B800D45C0484E05BEF3F602F3A3EF7EC9A3C07
:1050C800AAB968318754EF3F9D3886CB82E78FBCF9
:1050D8001DD9FC22504DEF3F8DC3A644416F8A3C39
:1050E800D68C62883B46EF3F7D04E4B0057A803C6D
:1050F80096DC7D91493FEF3F94A8A8E3FD8E963C4E
:105108003862756E7A38EF3F7D4874F2185E873CD6
:105118003FA6B24FCE31EF3FF2E71F982B47803CB6
:10512800DD7CE265452BEF3F5E08713F7BB896BC9E
:105138008163F5E1DF24EF3F31AB096DE1F7823C94
:10514800E1DE1FF59D1EEF3FFABF6F1A9B213DBCA4
:1051580090D9DAD07F18EF3FB40A0C7282378B3CB3
:105168000B03E4A68512EF3F8FCBCE8992146E3CD9
:10517800562F3EA9AF0CEF3FB6ABB04D754D833CF3
:1051880015B7310AFE06EF3F4C74ACE20142863C8B
:1051980031D84CFC7001EF3F4AF8D35D39DD8F3CC4
:1051A800FF1664B208FCEE3F045B8E3B80A386BC0E
:1051B800F19F925FC5F6EE3F68504BCCED4A92BC2A
:1051C800CBA93A37A7F1EE3F8E2D511BF80799BCB2
:1051D80066D8056DAEECEE3FD236943EE8D171BC90
:1051E800F79FE534DBE7EE3F151BCEB3191999BCE1
:1051F800E5A813C32DE3EE3F6D4C2AA7489F853CD5
:105208002234124CA6DEEE3F8A69287A601293BCDB
:105218001C80AC0445DAEE3F5B8917488FA758BC61
:105228002A2EF7210AD6EE3F1B9A49679B2C7CBC95
:1052380097A850D9F5D1EE3F11ACC260ED63433C5D
:105248002D89616008CEEE3FEF64063B0966963C07
:1052580057001DED41CAEE3F7903A1DAE1CC6E3C5F
:10526800D03CC1B5A2C6EE3F30120F3F8EFF933C33
:10527800DED3D7F02AC3EE3FB0AF7ABBCE90763CF0
:10528800272A36D5DABFEE3F77E054EBBD1D933CB5
:105298000DDDFD99B2BCEE3F8EA3710034948FBC36
:1052A800A72C9D76B2B9EE3F49A393DCCCDE87BC30
:1052B8004266CFA2DAB6EE3F5F380FBDC6DE78BCD5
:1052C800824F9D562BB4EE3FF65C7BEC461286BCB3
:1052D8000F925DCAA4B1EE3F8ED7FD180535933CF9
:1052E800DA27B53647AFEE3F059B8A2FB7987B3C48
:1052F800FDC797D412ADEE3F09541CE2E163903C20
:10530800295448DD07ABEE3FEAC6195085C7343C3F
:10531800B746598A26A9EE3F35C0642BE632943C3D
:105328004821AD156FA7EE3F9F7699614AE48CBC82
:1053380009DC76B9E1A5EE3FA84DEF3BC5338CBC3F
:1053480085553AB07EA4EE3FAEE92B89785384BCEC
:1053580020C3CC3446A3EE3F58585678DDCE93BCD4
:105368002522558238A2EE3F64197E80AA10573C48
:1053780073A94CD455A1EE3F28225EBFEFB393BC6E
:10538800CD3B7F669EA0EE3F82B93487AD126ABCE2
:10539800BFDA0B7512A0EE3FEEA96DB8EF6763BCDC
:1053A8002F1A653CB29FEE3F5188E0543DDC80BC2B
:1053B800849451F97D9FEE3FCF3E5A7E641F78BC9E
:1053C800745FECE8759FEE3FB07D8BC04AEE86BCFB
:1053D8007481A5489A9FEE3F8AE6551E321986BC0D
:1053E800C9674256EB9FEE3FD3D4095ECB9C903CF5
:1053F8003F5DDE4F69A0EE3F1DA54DB9DC327BBC99
:105408008701EB7314A1EE3F6BC06754FDEC943C2D
:1054180032C13001EDA1EE3F556CD6ABE1EB653CF6
:10542800624ECF36F3A2EE3F42CFB32FC5A188BC60
:10543800121A3E5427A4EE3F34373BF1B66993BCA9
:1054480013CE4C9989A5EE3F1EFF193A845E80BCA5
:10545800ADC723461AA7EE3F6E5772D850D494BCF6
:10546800ED92449BD9A8EE3F008A0E5B67AD903C55
:1054780099668AD9C7AAEE3FB4EAF0C12FB78D3C26
:10548800DBA02A42E5ACEE3FFFE7C59C60B665BCF1
:105498008C44B51632AFEE3F445FF35983F67B3C3C
:1054A80036771599AEB1EE3F833D1EA71F0993BC11
:1054B800C6FF910B5BB4EE3F291E6C8BB8A95DBC8F
:1054C800E5C5CDB037B7EE3F59B9907CF9236CBC30
:1054D8000F52C8CB44BAEE3FAAF9F422434392BC18
:1054E800504EDE9F82BDEE3F4B8E66D76CCA85BCA0
:1054F800BA07CA70F1C0EE3F27CE912BFCAF713CC2
:1055080090F0A38291C4EE3FBB730AE135D26D3CA3
:105518002323E31963C8EE3F6322622204C587BCD4
:1055280065E55D7B66CCEE3FD531E2E3861C8B3CBE
:10553800332D4AEC9BD0EE3F15BBBCD3D1BB91BCFD
:105548005D253EB203D5EE3FD231EE9C31CC903C86
:1055580058B330139ED9EE3FB35A736E8469843CB6
:10556800BFFD79556BDEEE3FB49D8E97CDDF82BCD3
:105578007AF3D3BF6BE3EE3F8733CB92771A8C3C39
:10558800ADD35A999FE8EE3FFAD9D14A8F7B90BCA8
:1055980066B68D2907EEEE3FBAAEDC56D9C355BCC8
:1055A800FB154FB8A2F3EE3F40F6A63D0EA490BC03
:1055B8003A59E58D72F9EE3F3493AD38F4D668BCAC
:1055C800475EFBF276FFEE3F358A586BE2EE91BC00
:1055D8004A06A130B005EF3FCDDD5F0AD7FF743C26
:1055E800D2C14B901E0CEF3FAC9892FAFBBD91BC18
:1055F800091ED75BC212EF3FB30CAF30AE6E733CDF
:105608009C5285DD9B19EF3F94FD9F5C32E38E3CF5
:105618007AD0FF5FAB20EF3FAC5909D18FE0843CD3
:105628004BD1572EF127EF3F671A4E38AFCD633C69
:10563800B5E706946D2FEF3F6819926C2C6B673CA9
:105648006990EFDC2037EF3FD2B5CC83188A80BC55
:10565800FAC35D550B3FEF3F6FFAFF3F5DAD8FBC5F
:105668007C89074A2D47EF3F49A97538AE0D90BC94
:10567800F2890D08874FEF3FA7073DA685A3743C25
:1056880087A4FBDC1858EF3F0F2240209E9182BC74
:105698009883C916E360EF3FAC92C1D5505A8E3C4F
:1056A8008532DB03E669EF3F4B6B01AC593A843C2A
:1056B80060B401F32173EF3F1F3EB40721D582BCCC
:1056C8005F9B7B33977CEF3FC90D473BB92A89BC69
:1056D80029A1F5144686EF3FD3883A6004B6743C96
:1056E800F63F8BE72E90EF3F71729D51ECC5833CDE
:1056F800834CC7FB519AEF3FF091D38F12F78FBCC1
:10570800DA90A4A2AFA4EF3F7D7423E298AE8DBCDB
:10571800F1678E2D48AFEF3F0820AA41BCC38E3CED
:10572800275A61EE1BBAEF3F32EBA9C3942B843C96
:1057380097BA6B372BC5EF3FEE85D131A9648A3C08
:1057480040456E5B76D0EF3FEDE33BE4BA378EBC65
:1057580014BE9CADFDDBEF3F9DCD914D3B89773C61
:10576800D8909E81C1E7EF3F89CC6041C105533C89
:10577800F1718F2BC2F3EF3F0080E03779C34143CB
:10578800176E05B5B5B89346F5F93FE9034F384D9F
:10579800321D30F94877825A3CBF737FDD4F15754B
:1057A800000000000000F03F00000000000024405E
:1057B80000000000000059400000000000408F4039
:1057C800000000000088C34000000000006AF840A4
:1057D8000000000080842E4100000000D0126341C8
:1057E8000000000084D797410000000065CDCD413E
:1057F800000000205FA00242000000E8764837421F
:10580800000000A2941A6D42000040E59C30A242BC
:105818000000901EC4BCD64200003426F56B0C4331
:105828000080E03779C3414300A0D88557347643D8
:1058380000C84E676DC1AB43003D9160E458E14339
:10584800408CB5781DAF154450EFE2D6E41A4B44AE
:1058580092D54D06CFF08044F64AE1C7022DB544F3
:10586800B49DD9794378EA440038FAFE422EE63FDF
:105878003067C79357F32E3D000000000000E0BFDB
:10588800605555555555E5BF060000000000E03F3E
:105898004E5559999999E93F7AA429555555E5BF27
:1058A800E945489B5B49F2BFC33F268B2B00F03F7D
:1058B8000000000000A0F63F00000000000000000B
:1058C80000C8B9F2822CD6BF8056372824B4FA3CD7
:1058D800000000000080F63F00000000000000000B
:1058E800000858BFBDD1D5BF20F7E0D808A51CBD1A
:1058F800000000000060F63F00000000000000000B
:10590800005845177776D5BF6D50B6D5A46223BD2C
:10591800000000000040F63F00000000000000000A
:1059280000F82D87AD1AD5BFD567B09EE484E6BCD4
:10593800000000000020F63F00000000000000000A
:10594800007877955FBED4BFE03E2993691B04BDFC
:10595800000000000000F63F00000000000000000A
:1059680000601CC28B61D4BFCC844C482FD8133D37
:105978000000000000E0F53F00000000000000000B
:1059880000A886863004D4BF3A0B82EDF342DC3C93
:105998000000000000C0F53F00000000000000000B
:1059A800004869554CA6D3BF60945186C6B1203DC6
:1059B8000000000000A0F53F00000000000000000B
:1059C8000080989ADD47D3BF9280C5D44D59253DB4
:1059D800000000000080F53F00000000000000000B
:1059E8000020E1BAE2E8D2BFD82BB7991E7B263D4A
:1059F800000000000060F53F00000000000000000B
:105A08000088DE135A89D2BF3FB0CFB614CA153DFD
:105A1800000000000060F53F0000000000000000EA
:105A28000088DE135A89D2BF3FB0CFB614CA153DDD
:105A3800000000000040F53F0000000000000000EA
:105A48000078CFFB4129D2BF76DA5328245A16BDF5
:105A5800000000000020F53F0000000000000000EA
:105A6800009869C198C8D1BF0454E768BCAF1FBD8E
:105A7800000000000000F53F0000000000000000EA
:105A880000A8ABAB5C67D1BFF0A88233C61F1F3D2F
:105A98000000000000E0F43F0000000000000000EB
:105AA8000048AEF98B05D1BF665A05FDC4A826BDCE
:105AB8000000000000C0F43F0000000000000000EB
:105AC800009073E224A3D0BF0E03F47EEE6B0CBDEE
:105AD8000000000000A0F43F0000000000000000EB
:105AE80000D0B4942540D0BF7F2DF49EB836F0BCCA
:105AF8000000000000A0F43F0000000000000000CB
:105B080000D0B4942540D0BF7F2DF49EB836F0BCA9
:105B1800000000000080F43F0000000000000000CA
:105B280000405E6D18B9CFBF873C99AB2A570D3D31
:105B3800000000000060F43F0000000000000000CA
:105B48000060DCCBADF0CEBF24AF869CB7262B3DE2
:105B5800000000000040F43F0000000000000000CA
:105B680000F02A6E0727CEBF10FF3F544F2F17BDF6
:105B7800000000000020F43F0000000000000000CA
:105B880000C04F6B215CCDBF1B68CABB91BA213DD9
:105B9800000000000000F43F0000000000000000CA
:105BA80000A09AC7F78FCCBF34849F684F79273DF0
:105BB800000000000000F43F0000000000000000AA
:105BC80000A09AC7F78FCCBF34849F684F79273DD0
:105BD8000000000000E0F33F0000000000000000AB
:105BE80000902D7486C2CBBF8FB78B31B04E193D54
:105BF8000000000000C0F33F0000000000000000AB
:105C080000C0804EC9F3CABF6690CD3F634EBA3C10
:105C18000000000000A0F33F0000000000000000AA
:105C280000B0E21FBC23CABFEAC146DC648C25BDB4
:105C38000000000000A0F33F00000000000000008A
:105C480000B0E21FBC23CABFEAC146DC648C25BD94
:105C5800000000000080F33F00000000000000008A
:105C68000050F49C5A52C9BFE3D4C104D9D12ABD0B
:105C7800000000000060F33F00000000000000008A
:105C880000D02065A07FC8BF09FADB7FBFBD2B3DD0
:105C9800000000000040F33F00000000000000008A
:105CA80000E0100289ABC7BF584A537290DB2B3D06
:105CB800000000000040F33F00000000000000006A
:105CC80000E0100289ABC7BF584A537290DB2B3DE6
:105CD800000000000020F33F00000000000000006A
:105CE80000D019E70FD6C6BF66E2B2A36AE410BDBA
:105CF800000000000000F33F00000000000000006A
:105D08000090A77030FFC5BF3950109F439E1EBD3D
:105D1800000000000000F33F000000000000000049
:105D28000090A77030FFC5BF3950109F439E1EBD1D
:105D38000000000000E0F23F00000000000000004A
:105D480000B0A1E3E526C5BF8F5B07908BDE20BDC1
:105D58000000000000C0F23F00000000000000004A
:105D68000080CB6C2B4DC4BF3C783561C10C173D0E
:105D78000000000000C0F23F00000000000000002A
:105D88000080CB6C2B4DC4BF3C783561C10C173DEE
:105D98000000000000A0F23F00000000000000002A
:105DA80000901E20FC71C3BF3A54274D8678F13C01
:105DB800000000000080F23F00000000000000002A
:105DC80000F01FF85295C2BF08C47117308D24BD6A
:105DD800000000000060F23F00000000000000002A
:105DE80000602FD52AB7C1BF96A31118A4802EBD75
:105DF800000000000060F23F00000000000000000A
:105E080000602FD52AB7C1BF96A31118A4802EBD54
:105E1800000000000040F23F000000000000000009
:105E28000090D07C7ED7C0BFF45BE88896690A3DB5
:105E3800000000000040F23F0000000000000000E9
:105E48000090D07C7ED7C0BFF45BE88896690A3D95
:105E5800000000000020F23F0000000000000000E9
:105E680000E0DB3191ECBFBFF233A35C547525BD74
:105E7800000000000000F23F0000000000000000E9
:105E880000002B6E0727BEBF3C00F02A2C342A3DA9
:105E9800000000000000F23F0000000000000000C9
:105EA80000002B6E0727BEBF3C00F02A2C342A3D89
:105EB8000000000000E0F13F0000000000000000CA
:105EC80000C05B8F545EBCBF06BE5F58570C1DBD3B
:105ED8000000000000C0F13F0000000000000000CA
:105EE80000E04A3A6D92BABFC8AA5BE83539253D49
:105EF8000000000000C0F13F0000000000000000AA
:105F080000E04A3A6D92BABFC8AA5BE83539253D28
:105F18000000000000A0F13F0000000000000000A9
:105F280000A031D645C3B8BF68562F4D297C133D14
:105F38000000000000A0F13F000000000000000089
:105F480000A031D645C3B8BF68562F4D297C133DF4
:105F5800000000000080F13F000000000000000089
:105F68000060E58AD2F0B6BFDA7333C9379726BD29
:105F7800000000000060F13F000000000000000089
:105F88000020063F071BB5BF575EC6615B021F3D79
:105F9800000000000060F13F000000000000000069
:105FA8000020063F071BB5BF575EC6615B021F3D59
:105FB800000000000040F13F000000000000000069
:105FC80000E01B96D741B3BFDF13F9CCDA5E2C3D56
:105FD800000000000040F13F000000000000000049
:105FE80000E01B96D741B3BFDF13F9CCDA5E2C3D36
:105FF800000000000020F13F000000000000000049
:106008000080A3EE3665B1BF09A38F765E7C143D90
:10601800000000000000F13F000000000000000048
:10602800008011C0300AAFBF918E36839E592D3D36
:10603800000000000000F13F000000000000000028
:10604800008011C0300AAFBF918E36839E592D3D16
:106058000000000000E0F03F000000000000000029
:1060680000801971DD42ABBF4C70D6E57A821C3DC9
:106078000000000000E0F03F000000000000000009
:1060880000801971DD42ABBF4C70D6E57A821C3DA9
:106098000000000000C0F03F000000000000000009
:1060A80000C032F65874A7BFEEA1F23446FC2CBDEE
:1060B8000000000000C0F03F0000000000000000E9
:1060C80000C032F65874A7BFEEA1F23446FC2CBDCE
:1060D8000000000000A0F03F0000000000000000E9
:1060E80000C0FEB9879EA3BFAAFE26F5B702F53CFD
:1060F8000000000000A0F03F0000000000000000C9
:1061080000C0FEB9879EA3BFAAFE26F5B702F53CDC
:10611800000000000080F03F0000000000000000C8
:106128000000780E9B829FBFE4097E7C268029BDF3
:10613800000000000080F03F0000000000000000A8
:106148000000780E9B829FBFE4097E7C268029BDD3
:10615800000000000060F03F0000000000000000A8
:106168000080D5071BB997BF39A6FA93548D28BD6F
:10617800000000000040F03F0000000000000000A8
:106188000000FCB0A8C08FBF9CA6D3F67C1EDFBC65
:10619800000000000040F03F000000000000000088
:1061A8000000FCB0A8C08FBF9CA6D3F67C1EDFBC45
:1061B800000000000020F03F000000000000000088
:1061C8000000106B2AE07FBFE440DA0D3FE219BD02
:1061D800000000000020F03F000000000000000068
:1061E8000000106B2AE07FBFE440DA0D3FE219BDE2
:1061F800000000000000F03F000000000000000068
:106208000000000000000000000000000000000086
:10621800000000000000F03F000000000000000047
:106228000000000000000000000000000000000066
:106238000000000000C0EF3F000000000000000068
:10624800000089751510803FE82B9D996BC710BD1C
:10625800000000000080EF3F000000000000000088
:10626800008093585620903FD2F7E2065BDC23BDAE
:10627800000000000040EF3F0000000000000000A8
:106288000000C9282549983F340C5A32BAA02ABDC3
:10629800000000000000EF3F0000000000000000C8
:1062A8000040E7895D41A03F53D7F15CC011013D33
:1062B8000000000000C0EE3F0000000000000000E9
:1062C80000002ED4AE66A43F28FDBD7573162CBD04
:1062D800000000000080EE3F000000000000000009
:1062E80000C09F14AA94A83F7D265AD0957919BD5D
:1062F800000000000040EE3F000000000000000029
:1063080000C0DDCD73CBAC3F0728D847F2681ABD73
:10631800000000000020EE3F000000000000000028
:1063280000C006C031EAAE3F7B3BC94F3E110EBDEF
:106338000000000000E0ED3F000000000000000049
:10634800006046D13B97B13F9B9E0D565D3225BDFF
:106358000000000000A0ED3F000000000000000069
:1063680000E0D1A7F5BDB33FD74EDBA55EC82C3DF5
:10637800000000000060ED3F000000000000000089
:1063880000A0974D5AE9B53F1E1D5D3C06692CBD1E
:10639800000000000040ED3F000000000000000089
:1063A80000C0EA0AD300B73F32ED9DA98D1EEC3C30
:1063B800000000000000ED3F0000000000000000A9
:1063C8000040595D5E33B93FDA47BD3A5C11233D61
:1063D8000000000000C0EC3F0000000000000000CA
:1063E8000060AD8DC86ABB3FE568F72B809013BD90
:1063F8000000000000A0EC3F0000000000000000CA
:106408000040BC015888BC3FD3AC5AC6D146263D93
:10641800000000000060EC3F0000000000000000E9
:1064280000200A8339C7BE3FE045E6AF68C02DBDEE
:10643800000000000040EC3F0000000000000000E9
:1064480000E0DB3991E8BF3FFD0AA14FD63425BDF6
:10645800000000000000EC3F000000000000000009
:1064680000E027828E17C13FF2072DCE78EF213D3D
:106478000000000000E0EB3F00000000000000000A
:1064880000F0237E2BAAC13F349938448EA72C3DB7
:106498000000000000A0EB3F00000000000000002A
:1064A8000080860C61D1C23FA1B481CB6C9D033DB5
:1064B800000000000080EB3F00000000000000002A
:1064C800009015B0FC65C33F89724B23A82FC63CCA
:1064D800000000000040EB3F00000000000000004A
:1064E80000B033833D91C43F78B6FD547983253D90
:1064F800000000000020EB3F00000000000000004A
:1065080000B0A1E4E527C53FC77D69E5E833263D2E
:106518000000000000E0EA3F00000000000000006A
:1065280000108CBE4E57C63F782E3C2C8BCF193DA1
:106538000000000000C0EA3F00000000000000006A
:106548000070758B12F0C63FE1219CE58D1125BDC9
:106558000000000000A0EA3F00000000000000006A
:10656800005044858D89C73F0543917010661CBD56
:10657800000000000060EA3F00000000000000008A
:10658800000039EBAFBEC83FD12CE9AA543D07BD86
:10659800000000000040EA3F00000000000000008A
:1065A8000000F7DC5A5AC93F6FFFA05828F2073D90
:1065B800000000000000EA3F0000000000000000AA
:1065C80000E08A3CED93CA3F69215650437228BDCA
:1065D8000000000000E0E93F0000000000000000AB
:1065E80000D05B57D831CB3FAAE1AC4E8D350CBDFE
:1065F8000000000000C0E93F0000000000000000AB
:1066080000E03B3887D0CB3FB6125459C44B2DBD60
:106618000000000000A0E93F0000000000000000AA
:106628000010F0C6FB6FCC3FD22B96C572ECF1BCC4
:10663800000000000060E93F0000000000000000CA
:106648000090D4B03DB1CD3F35B015F72AFF2ABD33
:10665800000000000040E93F0000000000000000CA
:106668000010E7FF0E53CE3F30F441602712C23CC2
:10667800000000000020E93F0000000000000000CA
:106688000000DDE4ADF5CE3F118EBB651521CABC17
:10669800000000000000E93F0000000000000000CA
:1066A80000B0B36C1C99CF3F30DF0CCAECCB1B3D5C
:1066B8000000000000C0E83F0000000000000000EB
:1066C80000584D603871D03F914EED16DB9CF83C78
:1066D8000000000000A0E83F0000000000000000EB
:1066E800006061672DC4D03FE9EA3C168B18273D4E
:1066F800000000000080E83F0000000000000000EB
:1067080000E827828E17D13F1CF0A5630E212CBD0F
:10671800000000000060E83F0000000000000000EA
:1067280000F8ACCB5C6BD13F8116A5F7CD9A2B3D19
:10673800000000000040E83F0000000000000000EA
:1067480000685A6399BFD13FB7BD4751EDA62C3DAC
:10675800000000000020E83F0000000000000000EA
:1067680000B80E6D4514D23FEABA46BADE870A3D34
:106778000000000000E0E73F00000000000000000B
:106788000090DC7CF0BED23FF404504AFA9C2A3DCB
:106798000000000000C0E73F00000000000000000B
:1067A8000060D3E1F114D33FB83C21D37AE228BD8D
:1067B8000000000000A0E73F00000000000000000B
:1067C8000010BE76676BD33FC877F1B0CD6E113D30
:1067D800000000000080E73F00000000000000000B
:1067E8000030337752C2D33F5CBD06B6543B183DE8
:1067F800000000000060E73F00000000000000000B
:1068080000E8D523B419D43F9DE090EC36E4083D68
:10681800000000000040E73F00000000000000000A
:1068280000C871C28D71D43F75D66709CE272FBDB8
:10683800000000000020E73F00000000000000000A
:106848000030179EE0C9D43FA4D80A1B89202EBD6A
:10685800000000000000E73F00000000000000000A
:1068680000A03807AE22D53F59C7648170BE2E3DBF
:106878000000000000E0E63F00000000000000000B
:1068880000D0C853F77BD53FEF405DEEEDAD1F3D1F
:106898000000000000C0E63F00000000000000000B
:1068A800006059DFBDD5D53FDC65A4082A0B0ABDB9
:1068B800BEF3F879EC61F63F1930965BC6FEDEBF91
:1068C8003D88AF4AED71F53FA4FCD432680BDBBFBD
:1068D800B010F0F03995F43F7BB71F0A8B41D7BF52
:1068E8008503B8B095C9F33F7BCF6D1AE99DD3BF37
:1068F800A564880C190DF33F31B6F2F39B1DD0BF88
:10690800A08E0B7B225EF23FF07A3B1B1D7CC9BF39
:106918003F341A4A4ABBF13F9F3CAF93E3F9C2BFE9
:10692800BAE58AF05823F13F5C8D78BFCB60B9BFD8
:10693800A70099413F95F03FCE5F47B69D6FAABF2C
:10694800000000000000F03F000000000000000010
:10695800AC479AFD8C60EE3F3DF5249FCA38B33FA3
:10696800A06A021FB3A4EC3FBA913854A976C43F79
:10697800E6FC6A573620EB3FD2E4C44A0B84CE3F8C
:106988002DAAA163D1C2E93F1C65C6F04506D43FD4
:10699800ED417803E686E83FF89F1B2C9C8ED83F94
:1069A800624853F5DC67E73FCC7BB14EA4E0DC3F9F
:1069B8000B6E49C91676D23F7AC675A06919D7BF3A
:1069C800DDBAA76C0AC7DE3FC8F6BE484715E7BF61
:1069D8002BB82A654715F73F000000000000F03F7C
:1069E800000000000000F0BF000000000000F0BF41
:1069F800000000000000F03F83C8C96D305F6441AB
:106A0800182D4454FB21F93F000000000000F03F1E
:106A18001C620CFDFFFFDFBF198F06E15355A53F30
:106A28009D359AE887C056BFC3F87B024393F93E69
:106A380003A695595455C5BFC40B23057610813F4D
:106A480024CF7437EB9429BF000000000000F03F0A
:106A5800000000000000F0BF000000000000F0BFD0
:106A6800000000000000F03F83C8C96D305F64413A
:106A7800182D4454FB21F93F000000000000F0BF2E
:106A88001C620CFDFFFFDF3F198F06E15355A5BFC0
:106A98009D359AE887C0563FC3F87B024393F9BEF9
:106AA80003A695595455C5BFC40B23057610813FDD
:106AB80024CF7437EB9429BF0001000502060000BB
:106AC80001000000030000000500000006000000AF
:106AD800080000000A0000000C0000000D00000083
:106AE80006000000080000000A0000000B0000007B
:106AF8000D0000000F00000001000000030000006E
:106B0800010000000300000005000000080000006C
:106B18000A0000000100000002000000030000005D
:106B28000400000005000000060000000700000047
:106B3800080000000A0000000C0000000D00000022
:106B48000F00000001000000030000000500000025
:106B5800060000000000000005000000030000001F
:106B68000400000000000000050000000300000011
:106B78000400000000000000040000000500000000
:106B880003000000000000000400000005000000F1
:106B980003000000050000000300000000000000E2
:106BA80004000000050000000300000000000000D1
:106BB80004000000000000000200000003000000C4
:106BC80004000000000000000200000003000000B4
:106BD80004000000000000000400000002000000A3
:106BE8000300000000000000040000000200000094
:106BF8000300000000000000010000000300000086
:106C08000400000000000000010000000300000074
:106C18000400000000000000030000000400000061
:106C28000500000000000000030000000400000050
:106C38000500000000000000040000000100000042
:106C48000300000000000000040000000100000034
:106C58000300000000000000010000000200000026
:106C68000100000000000000FFFFFFFFFEFFFFFF24
:106C7800FFFFFFFF0000000002000000040000000A
:106C88000200000000000000FEFFFFFFFCFFFFFF06
:106C9800FEFFFFFF000000000400000002000000EB
:106CA800060000000400000000000000FEFFFFFFD7
:106CB80002000000000000000100000003000000C6
:106CC80002000000040000000300000005000000AE
:106CD80004000000000000000200000001000000A5
:106CE8000300000002000000040000000300000090
:106CF8000500000000000000030000000100000083
:106D0800040000000200000005000000030000006D
:106D18000600000000000000FFFFFFFF0100000068
:106D2800FEFFFFFF02000000FDFFFFFF0300000061
:106D3800FCFFFFFF00000000010000000000000051
:106D48000200000001000000030000000200000033
:106D58000400000000000000000000000000000027
:106D6800000000000000000001000000000000001A
:106D7800FFFFFFFF0000000000000000010000000E
:106D8800000000000000000000000000FFFFFFFFFF
:106D980000000000000000000200000000000000E9
:106DA800FEFFFFFF000000000000000002000000DE
:106DB800000000000000000000000000FEFFFFFFD0
:106DC800000000000000000001000000FFFFFFFFBE
:106DD8000000000003FF0000CE410020000000007A
:106DE8000000000000000000FFFF0010100008086D
:106DF8000800006401FF1E1E1E00000001000000C4
:106E0800020000000300000004000000050000006C
:106E18000600000007000000080000000B0000004A
:106E28000D0000000E00000003081C1A1A1A00A02A
:106E380050FFFFFF494000204E40002053400020F3
:106E4800584000205C40002061400020646464FFDA
:106E58006400FF00FF00FF000064FFFFFF0000FF69
:106E6800FF00C8C864646400C8FFFFA500141428A4
:106E7800B4DCFF0A0A18969696C800FFFF64000063
:106E880096FF9600FFFF960000FFC800FF780404F5
:106E980004963200969600009696DCDCDC320032CE
:106EA80000BFFF9400D3FF00FFFF8C14FFB43C46E3
:106EB8004646FFDC7850461EB4B4B48C5A14FFC85A
:106EC8003C370A00FFC0CBC82828C86400C828C8B7
:106ED80000C8C8C86400C828C800FF0096640096A7
:106EE800C800C8C800050505787878FFFF320A0A87
:106EF8000A1E1E00E6E6E65450495401100000FF41
:106F0800DC00C8E6FF64FF64FFC800646400006436
:106F1800640000000D0000000E000000C9420020BF
:106F280045400020BB3C00203B4300201F4300207D
:106F3800CF870160C4870160B9870160AE870160AF
:106F4800A38701604B870160408701603587016036
:106F58002A8701601F870160148701600987016023
:106F6800FE860160F3860160E8860160988701600B
:106F78008D87016082870160778701606C87016077
:106F88006187016056870160DD860160D2860160F5
:106F9800C7860160BC860160B1860160A686016073
:106FA8009B86016090860160858601607A86016013
:106FB8006F86016064860160598601604E860160B3
:106FC800438601600000000000000080010000000E
:106FD800020000000300000004000000050000009B
:106FE8000600000007000000080000000B00000079
:106FF8000D0000000E000000C8000000C8000000DE
:10700800C8000000C8000000790802007B080200E0
:107018007D0802007F080200000000000000000058
:107028004B340000413400007512000001280000B4
:1070380025320000D5320000A9320000000000000F
:10704800000000002FE20100000000000000000026
:10705800871E0200000000000000000099E0010007
:107068000000000000000000FFE201000000000036
:10707800000000007DE401000000000000000000A6
:10708800F5280200000000000000000085EC010067
:107098000000000000000000871E0200871E02009A
:1070A8000000000000000000871E020087040000A6
:1070B800F1030000DD030000E1030000E503000028
:1070C800E9030000ED0300000000000000000000DC
:1070D80039CF0100B10A02007512000079120000D0
:1070E8007DCF01005DCE0100E5CE01004FCF01004C
:1070F800000000000000000039CF0100B10A0200C2
:1071080075120000791200007DCF01005DCE0100EC
:10711800E5CE01004FCF0100000000000000000094
:10712800C7CF01000000000000000000FFED0100D3
:107138000000000000000000756F01600000000002
:1071480000000000275502002F55020029550200B3
:10715800075602004F54020055580200A358020077
:107168003D5502003D5802002F5C02006F5402009A
:10717800C7540200A55A02003B5402003F540200C3
:10718800475402004B5402005D540200D7570200D6
:10719800CF5702005F5702003554020043540200E3
:1071A800B75B0200015902003B5B020000000000CF
:1071B80000000000992E0200912E02008D2E020080
:1071C800892E0200852E0200812E02007D2E0200EB
:1071D800792E0200000000000000000025DA0100FE
:1071E80000000000000000006DF301000000000036
:1071F80000000000C1D501000000000000000000F0
:10720800E9670100851300001F1800000000000056
:10721800000000002F5A01009D59010000000000E5
:1072280000000000871E020087040000F103000030
:10723800DD03000019180000E5030000E903000061
:10724800ED030000871E020000000000000000009F
:10725800CD040200B10A0200FD0102002903020068
:107268001D020200AB0202004302020029060200CE
:107278003D030200F90102000000000000000000C8
:1072880069D2010007D00100212D00000BD00100B8
:10729800412D00000000000000000000DDEE0100AC
:1072A80000000000000000000DD5010000000000F3
:1072B800000000002F5A01009D5901005D290000BF
:1072C800712900001D18000087040000F103000068
:1072D800DD03000019180000E5030000E9030000C1
:1072E800ED030000771A0000000000000000000015
:1072F8002F5A01009D590100352900004929000035
:107308001718000087040000F1030000DD030000E7
:1073180019180000E5030000E9030000ED03000070
:1073280099190000000000000000000015DF0100AE
:107338000000000000000000C10B00000000000079
:107348000000000041130000E31200007512000065
:107358000B130000EF12000017130000FB120000CF
:10736800AD340000C534000000000000000000003B
:107378004B34000041340000751200000128000061
:1073880025320000D5320000A932000000000000BC
:10739800000000005D18000081180000F3320000B2
:1073A800373400002F320000B3320000FB27000002
:1073B800B51800001F330000AD230000B72A0000F5
:1073C80033180000A52A0000092800005F320000D9
:1073D800F12900006932000045230000DD22000089
:1073E800ED330000B733000000000000000000008B
:1073F800871E0200B10A020075120000791200000F
:10740800871E0200871E0200871E0200000000007F
:107418000000000075C20100F5C201003D35000002
:10742800A7C30100E93500004BC301002136000065
:1074380005C3010099C40100F5C301009FC50100FF
:107448000DC6010071C2010000000000000000002C
:10745800AD440200DB44020075120000AB44020098
:107468008944020085F801009544020000000000EC
:1074780000000000B15E02005D640200DD5C0200F5
:10748800715F02009D6A0200616202006B5C02008B
:10749800E5650200A16B0200D96202007D6302006B
:1074A8009F5C0200B55F0200515E02005D5E020053
:1074B800D15C0200D55C0200D95C0200695E020062
:1074C800855E0200A15E0200B15F020071650200E4
:1074D800D5600200F56302004D660200000000005E
:1074E800000000000000000000000000871E0200ED
:1074F800871E0200871E0200871E0200000000008F
:1075080000000000B5ED0000C9ED00006D1300009B
:10751800651300005B13000067ED00000400000025
:107528000B000000130000001A000000000100001A
:107538008240002020000000000000002000000021
:10754800000200008740002020000000000000002A
:107558002000000000030000CD40002020000000B3
:1075680000000000200000000004000091400020FE
:1075780020000000000000002000000001010000C1
:1075880083400020200000000000000020000000D0
:1075980001020000964000202000000000000000CA
:1075A8002000000001030000D74000202000000058
:1075B800000000002000000003FF0000CE41002072
:1075C800000000000000000000000000000F0000A4
:1075D800263D002010010000008601600400000024
:1075E80001000000DB400020090100001086016056
:1075F8000A000000010400008C4000202000000068
:10760800000000002000000001050000E04000200C
:10761800200000000000000020000000020100001F
:10762800A44000202000000000000000200000000E
:1076380002030000A9400020200000000000000014
:107648002000000002040000AE40002020000000DE
:10765800000000002000000002050000B3400020E8
:1076680020000000000000002000000000010000D1
:1076780082400020200000000000000020000000E0
:1076880000020000874000202000000000000000E9
:107698002000000000030000CD4000202000000072
:1076A80000000000200000000004000091400020BD
:1076B800200000000000000020000000000700007B
:1076C800964000202000000000000000200000007C
:1076D800000500009A400020200000000000000083
:1076E80020000000000600009F400020200000004D
:1076F800000000002000000004000000D24000202C
:107708001600000000000000170000000201000041
:10771800A44000202000000000000000200000001D
:1077280002030000A9400020200000000000000023
:107738002000000002040000AE40002020000000ED
:10774800000000002000000002050000B3400020F7
:1077580020000000000000002000000000010000E0
:1077680082400020200000000000000020000000EF
:1077780000020000874000202000000000000000F8
:1077880020000000010400008C40002020000000C0
:1077980000000000200000000004000091400020CC
:1077A800200000000000000020000000000700008A
:1077B800964000202000000000000000200000008B
:1077C800000500009A400020200000000000000092
:1077D80020000000000600009F400020200000005C
:1077E8000000000020000000000F0000263D0020DF
:1077F8001001000000860160040000000201000082
:10780800A44000202000000000000000200000002C
:1078180002030000A9400020200000000000000032
:107828002000000002040000AE40002020000000FC
:10783800000000002000000002050000B340002006
:1078480020000000000000002000000001070000E8
:10785800B8400020200000000000000020000000C8
:1078680001080000BE4000202000000000000000C9
:107878002000000001090000C44000202000000092
:107888000000000020000000010A0000C94000209C
:10789800200000000000000020000000010000009F
:1078A80002000000030000000400000005000000C2
:1078B800060000000700000008000000C5240000C2
:1078C800091800000F18000015180000D8399D2766
:1078D8000054EA2A00A4781F007B9A17A20000002F
:1078E800F9A2000083F9A2006E83F9A24E6E83F913
:1078F800444E6E8315444E6E2915444EFC2915449A
:1079080027FC29155727FC29D15727FCF5D15727DC
:1079180034F5D157DD34F5D1C0DD34F5DBC0DD34C5
:1079280062DBC0DD9562DBC0999562DB3C999562AC
:10793800433C999590433C994190433C0000004258
:10794800C8801F40B8821F400800000000000042A5
:10795800C4801F40B4821F400400000000C00042E1
:1079680024801F4014821F401000000000C0004205
:1079780028801F4018821F402000000000C00042DD
:107988002C801F401C821F404000000000C00042A5
:1079980034801F4024821F40000100000040004244
:1079A80064811F4054831F400004000000400042CF
:1079B80080811F4070831F40000002000040004289
:1079C8007C811F406C831F40000001000040004282
:1079D80068811F4058831F40000800000040004293
:1079E8003C811F402C831F400100000000400042E2
:1079F80044811F4034831F400400000000400042BF
:107A080040811F4030831F400200000000400042B8
:107A180048811F4038831F400800000000000042D2
:107A280004811F40F4821F4000000400000000424F
:107A380008811F40F8821F40000008000000004233
:107A480018811F4008831F4000008000000000428A
:107A580014811F4004831F400000400000000042C2
:107A680000811F40F0821F40000002000000004219
:107A7800FC801F40EC821F40000001000000004213
:107A880024811F4014831F400000000400000042AE
:107A980028811F4018831F40000000080000004292
:107AA8001C811F400C831F400000000100000042A1
:107AB80020811F4010831F40000000020000004288
:107AC800EC801F40DC821F400010000000000042D4
:107AD800F0801F40E0821F400020000000000042AC
:107AE80034811F4024831F400000004000000042F2
:107AF80038811F4028831F4000000080008000421A
:107B080094801F4084821F400000040000C000428F
:107B180090801F4080821F4000000080008000424B
:107B2800A8801F4098821F4000008000008000420B
:107B3800A4801F4094821F40000040000040004283
:107B48006C811F405C831F400010000000C0004291
:107B580030801F4020821F4080000000004000420B
:107B6800B0811F40A0831F40000000200040004259
:107B7800AC811F409C831F40000000100040004261
:107B880084811F4074831F400000040000400042AD
:107B980088811F4078831F400000080000000042D1
:107BA8002C811F401C831F40000000100000004271
:107BB80030811F4020831F40000000200000004249
:107BC8000C811F40FC821F40000010000000004292
:107BD80010811F4000831F400000200000800042E9
:107BE800C8811F40B8831F40008000000080004209
:107BF800C4811F40B4831F40004000000080004241
:107C0800C0811F40B0831F40002000000080004258
:107C1800BC811F40AC831F40001000000080004260
:107C2800D0811F40C0831F40000002000080004236
:107C3800CC811F40BC831F400000010000C00042EF
:107C480074801F4064821F400000000100C0004291
:107C580080801F4070821F400000000800C0004262
:107C680084801F4074821F400000001000C0004242
:107C78006C801F405C821F400000400000C0004232
:107C88007C801F406C821F400000000400C000423E
:107C980078801F4068821F400000000200C0004238
:107CA80088801F4078821F400000002005000000E7
:107CB800190000007D00000000010000B6660020E9
:107CC8001200000000060000128E01600A00000089
:107CD80000020000BD8C0160550100000007000093
:107CE800688B01605501000000030000648B01608F
:107CF80000000000010309044C8B01600000000033
:107D080002030904288B0160000000000303090432
:107D18001C660020000000000000000000000000B9
:107D2800000000000000240348066A098C0CAB0F11
:107D3800C812E215F9180B1C1A1F23222825262819
:107D48001F2B112EFB30DF33BA368C39563C173FC8
:107D5800CE417A441C47B4493F4CBF4E33519B53E4
:107D6800F5554258825AB35CD75EEB60F162E8641D
:107D7800CF66A6686D6A236CC96D5E6FE270547237
:107D8800B573047541766B77847889797C7A5C7BE6
:107D9800297CE37C897D1D7E9C7E097F617FA67F8F
:107DA800D87FF57FFF7FF57FD87FA67F617F097F2A
:107DB8009C7E1D7E897DE37C297C5C7B7C7A89792D
:107DC80084786B7741760475B5735472E2705E6F90
:107DD800C96D236C6D6AA668CF66E864F162EB60D2
:107DE800D75EB35C825A4258F5559B533351BF4E08
:107DF8003F4CB4491C477A44CE41173F563C8C3916
:107E0800BA36DF33FB30112E1F2B262828252322D4
:107E18001A1F0B1CF918E215C812AB0F8C0C6A0953
:107E2800480624030000DCFCB8F996F674F355F014
:107E380038ED1EEA07E7F5E3E6E0DDDDD8DADAD764
:107E4800E1D4EFD105CF21CC46C974C6AAC3E9C095
:107E580032BE86BBE4B84CB6C1B341B1CDAE65AC59
:107E68000BAABEA77EA54DA329A1159F0F9D189B00
:107E780031995A979395DD933792A2901E8FAC8DC6
:107E88004B8CFC8ABF8995887C8777868485A484F7
:107E9800D7831D837782E3816481F7809F805A802E
:107EA80028800B8001800B8028805A809F80F78073
:107EB8006481E38177821D83D783A4848485778650
:107EC8007C879588BF89FC8A4B8CAC8D1E8FA290CD
:107ED8003792DD9393955A973199189B0F9D159F6B
:107EE80029A14DA37EA5BEA70BAA65ACCDAE41B115
:107EF800C1B34CB6E4B886BB32BEE9C0AAC374C6E7
:107F080046C921CC05CFEFD1E1D4DAD7D8DADDDD07
:107F1800E6E0F5E307E71EEA38ED55F074F396F668
:107F2800B8F9DCFC0000FF007801800143028801F9
:107F380087018C018B01920191019501F60199014C
:107F480098019A013D029E012002A801A701AD01F6
:107F5800AC01B001AF01B901B801BD01BC01BF015D
:107F6800F701C601C401C901C701CC01CA01DD017D
:107F78008E01F301F101F501F4013A02652C3C028E
:107F88003B023E02662C4202410253028101540226
:107F980086015602890157028A0159028F015B0244
:107FA80090016002930163029401680297016902DB
:107FB80096016B02622C6F029C0172029D01750290
:107FC8009F017D02642C8002A6018302A901880218
:107FD800AE01890244028A02B1018B02B2018C020D
:107FE80045029202B7017B03FD037C03FE037D0378
:107FF800FF03AC038603C203A303CC038C03CD03A6
:108008008E03CE038F03F203F903F803F703FB0390
:10801800FA03CF04C0047D1D632C511F591F531F41
:108028005B1F551F5D1F571F5F1F781FF81F791FA4
:10803800F91FB31FBC1FCC1FC31FE51FEC1FFC1F7C
:10804800F31F4E21322184218321612C602C762C50
:10805800752C6100E01AE000E017F800E007000165
:10806800013032010106390101104A01012E79015E
:10807800010682010104A0010106B3010104CD013A
:108088000110DE010112F801012822020112460244
:10809800010AAD03DB03B103E011C303E009D80310
:1080A80001183004E0205004B010600401228A0452
:1080B8000136C104010ED00401446105D026001E1A
:1080C8000196A01E015A001F0808101F0806201F4D
:1080D8000808301F0808401F0806601F0808701F9E
:1080E8004A02721F5604761F64027A1F70027C1FB0
:1080F8007E02801F0808901F0808A01F0808B01FEC
:108108000802D01F0802E01F08027021F010D024D6
:10811800E61A302CD02F672C0106802C0164002D24
:10812800002641FFE01A00000000000000000000E7
:108138000000000000000000000000000000000037
:108148000000000000000000000000000000000027
:108158000000000000000000000000000000000017
:108168000000000000000000000000000000000007
:1081780000000000000000000000000000000000F7
:1081880000000000000000000000000000000000E7
:1081980000000000000000000000000000000000D7
:1081A80000000000000000000000000000000000C7
:1081B80000000000000000000000000000000000B7
:1081C80000000000000000000000000000000000A7
:1081D8000000000000000000000000000000000097
:1081E8000000000000000000000000000000000087
:1081F8000000000000000000000000000000000077
:108208000000000000000000000000000000000066
:108218000000000000000000000000000000000056
:1082280000000000000000000000C2010802040174
:10823800A406EE0244020802CC01E001BC0200A040
:1082480019A01AA01BA01CA01EA020A022A024A038
:1082580026A027A027A027A025A021A01DA017A001
:1082680010A007A0FD9FF29FE69FDA9FCD9FC19FB8
:10827800B59FA99F9F9F969F8F9F8B9F899F8A9F3E
:108288008D9F949F9E9FAB9FBA9FCD9FE19FF79F25
:108298000FA028A041A05AA071A087A09BA0ADA0C4
:1082A800BAA0C4A0CAA0CBA0C7A0BEA0B0A09EA0E0
:1082B80087A06BA04DA02BA007A0E19FBB9F959F17
:1082C800709F4D9F2E9F129FFC9EEA9EDF9EDA9E16
:1082D800DD9EE69EF69E0D9F2B9F4F9F789FA69F43
:1082E800D79F0AA03FA074A0A8A0D9A006A12EA13C
:1082F80051A16CA17FA18AA18BA183A172A157A1D1
:1083080034A108A1D4A09AA05BA018A0D39F8D9FE8
:10831800489F069FC79E8F9E5E9E369E189E049E0F
:10832800FD9D019E129E2F9E589E8C9ECA9E119F57
:10833800609FB49F0CA067A0C1A018A16BA1B8A1B1
:10834800FCA135A263A282A294A296A288A26AA2E4
:108358003DA200A2B7A160A100A196A027A0B39F4B
:108368003F9FCC9E5E9EF79D9A9D499D079DD59CFB
:10837800B69CAA9CB29CCE9CFF9C449D9C9D049E4E
:108388007C9E009F8D9F22A0B9A050A1E4A16FA25E
:10839800F0A262A3C3A30FA444A460A462A44AA445
:1083A80015A4C6A35EA3DDA247A29EA1E5A022A0B4
:1083B800579F8A9EBF9DFC9C459C9F9B0F9B989AAC
:1083C800409A089AF399049A3A9A979A199BBF9BEC
:1083D800869C6A9D689E7A9F9AA0C3A1ECA211A46C
:1083E80028A52AA612A7D6A772A8E0A81AA91CA988
:1083F800E4A86FA8BEA7D1A6AAA54DA4C0A209A1AA
:108408002F9F3D9D3D9B399940975C959D93119277
:10841800C490C58F228FE78E208FD98F1A91ED9245
:1084280057955E98049C4BA032A5B4AACEB077B7F6
:10843800A7BE52C66DCEE7D6B3DFBFE8F9F150FB51
:10844800B00400010203040506070808050806062B
:108458000000000000000000000000000000000014
:108468000000000002000000000000000000000002
:1084780000000000000102010101010A02060501D5
:108488000D09050D01010201090602090202020295
:108498000201020202020202020201010101060FA8
:1084A8000E0E0D0F0F0F0D0D0D010204030D040329
:1084B8000E0101010101010101010101010101FE9A
:1084C8000501030103524E475903040214000078C2
:1084D80000780000000500001204000A0A000004E9
:1084E800000005050000040F0104160C1000000030
:1084F800000000060606000000000A04120404003A
:10850800000000000400020600060700060300063B
:108518000003060006050006030000000000000036
:10852800060606000000060101060004000000021D
:108538000006030006040005060004060002060003
:108548000006010006020000000000000006060602
:10855800000000070605040507020306070A0B0EBC
:108568000F0000141414143030305858583030307C
:1085780000303058585858583030003058585858EB
:1085880058585830003058585858585858300030B3
:108598005858585858585830003030585858585823
:1085A8003030003030305858583030300014140013
:1085B800009600969696010204080C101820545054
:1085C8004954011000002E2E006175746F73617696
:1085D80065642E747874007061747465726E2E749C
:1085E8006D700073616D706C65732F257300736116
:1085F8006D706C6573005B2E2E2F5D007265635F76
:10860800253032642E7761760073616D706C657306
:108618002F726563732F2573007265635F39392E76
:1086280077617600736368656D652E74787400737E
:10863800657474696E67732E746D7000544F45527B
:108648004E5F53455454494E47535F5631004C458D
:108658004E3D004352433D00444154413D003031BA
:10866800323334353637383941424344454600734E
:10867800657474696E67732E7478740073616D70B5
:108688006C65732F746F65726E5F776176732E7485
:10869800787400494E540025336400534F4E470008
:1086A8004E455854004F464600434C434B004E4FEE
:1086B800544500424F54480053454E4400474554E2
:1086C800002B434F4E002D434F4E0053454E530051
:1086D8004D494449004B4559530059504F53004D9B
:1086E800494300464958004F4E3100434C49430026
:1086F800324200314200454153590046554C4C0026
:1087080041534156005041474500424154004C4FA7
:10871800414400302F25642E77617600534E433153
:1087280000534E43320053544F5000434F4E5400B1
:108738004F4B005741495400414C4C0041004C2BD1
:108748005200564F4C00312D3400352D3800535906
:108758004E0043484E52004E4F524D005052535314
:108768000053594E43005741564500282D290049CA
:108778004E5054005452414E005243564500434C0B
:108788004D50005050514E002563257500504D4FF7
:10879800444500464C4F57005452494700434C52F9
:1087A800004155544F005253455400494E464F001E
:1087B8002020205468616E6B20796F7520666F7277
:1087C800207573696E6720544F45524E2E205368AA
:1087D8006F7574206F757420746F204D61747A659D
:1087E80073616D706C65722C2053616272696E6181
:1087F8002C20486169727920616E6420616C6C205C
:108808006F746865727320666F7220737570706F0D
:108818007274696E67206D652E204A616E00524140
:108828004D00522564004625640043256400412517
:1088380064004C47485400434F4C52004241545442
:1088480000256425250043484C4400494D47004510
:108858005945530046495245005345545400524522
:10886800430056494557004C4F4F5000564D4F4412
:10887800004C45445300504F4E4700455443004474
:10888800524157004D555445004354524C004D41F8
:10889800494E004C4F55540050524556004C2D49F6
:1088A8004E00322D4348004D2B500053504B520080
:1088B8004846430025752E257578004352535200CB
:1088C8004E4557003231003E253032640025752E62
:1088D8007478740025752F25752E776176003E3ED5
:1088E800003C3C003F3E003F3C0025642F25642EA1
:1088F8007761760025642E747874005379737465F3
:108908006D20566F6C756D6520496E666F726D616E
:1089180074696F6E005452415348002452454359BC
:10892800434C452E42494E00464F554E442E30305A
:10893800300053503000455252005343414E0057C7
:108948004950450072657365742E64617400524520
:10895800534554004552524F522E747874000A3DC4
:108968003D3D3D3D3D3D3D3D3D3D3D3D3D3D3D3D2F
:108978003D3D3D3D3D3D3D3D3D3D3D3D3D3D3D3D1F
:108988003D3D3D3D3D3D3D004F6374202038203244
:10899800303236002F776F726B73706163652F7397
:1089A8006372617463682F653965656263626239F1
:1089B8003063612F77736F6C612D6275696C642FFA
:1089C800746F65726E2E696E6F0043524153482072
:1089D8005245504F5254202D2025732025732025B1
:1089E800730031303A32323A3533002D2D2D205371
:1089F800797374656D20496E666F726D6174696F05
:108A08006E202D2D2D00557074696D653A20256CEA
:108A180075682C20256C756D696E2C20256C757316
:108A280065632028256C75206D732900467265657D
:108A38002052414D3A20256C752062797465730087
:108A4800417564696F204350553A20252E316625BB
:108A58002520286D61783A20252E316625252900A4
:108A6800417564696F204D656D6F72793A20256490
:108A78002F256420626C6F636B732028706F6F6C96
:108A8800202564290045465800424C4E4B00544569
:108A98004348004849504800444E4200484F555307
:108AA80000414D4254005041474553004741494E0B
:108AB80000464C5700504D44004441540052454331
:108AC800530048435554004C4355540043454E54B5
:108AD8000042495443005245530044544E45004F08
:108AE800435456004154544300444341590053559C
:108AF800535400524C5345004C464F2052004C46AC
:108B08004F2044005350414E00415250005256529B
:108B1800420054494D4500464C5400494E535400B8
:108B280053454D4900424153530054595045004460
:108B38004C41590053494E0053515200534157007C
:108B480054524900434850540050414400574F572D
:108B5800004F5247004C4541440042525353007362
:108B6800616D706C65732F002A25730073616D70D9
:108B78006C65732F25732F25730073616D706C6599
:108B8800732F72656373000B0D0E0076332E303130
:108B9800662D5432004F4B20544F45524E205344BB
:108BA800202573002D25752525002B2575252500E5
:108BB80053443F004B4954006E6F2E256400766580
:108BC80063746F723A3A5F4D5F7265616C6C6F6384
:108BD8005F617070656E6400455252204241445F87
:108BE8005041544800455252204E4F545F464F550D
:108BF8004E4400455252204E4F545F44495200465D
:108C080020256C7520256C642025730020090045FB
:108C180052522055534147450045525220544F4F18
:108C28005F4C41524745004552522049535F4449E1
:108C38005200455252204F50454E0052454144592A
:108C48000045525220494F0045525220435243207A
:108C5800676F743D2530386C582077616E743D25F8
:108C680030386C58004F4B20256C75004552522007
:108C780041434B00435243202530386C580045523D
:108C88005220455849535453004552522052454E9C
:108C9800414D4500455252204D4B444952004552E2
:108CA8005220524D444952004552522052454D4F90
:108CB8005645004552522053495A450045525220C4
:108CC8005041545445524E0050494E47004C495368
:108CD80054004D560052454E0050555400474554D7
:108CE800504154005055545041540045525220555B
:108CF8004E4B4E4F574E00455252204C494E450060
:108D0800455252204E4545445F53440025342E3188
:108D18006600524459005245434F52445F4D4F44F8
:108D2800450046494C5445524D4F444500564F4C1A
:108D3800554D455F42504D0056454C4F4349545997
:108D4800004C4F4144534156455F545241434B00F8
:108D58004D454E55005345545F53414D504C455079
:108D680041434B005345545F574156004E4F5445BD
:108D78005F5348494654004E45575F46494C4500A5
:108D88005355425041545445524E00534F4E474D4F
:108D98004F44450053494E474C45004558464154B9
:108DA8000043726173685265706F72743A002020D4
:108DB800412070726F626C656D206F6363757272AB
:108DC8006564206174202873797374656D207469F3
:108DD8006D652920002020436F646520776173202A
:108DE800657865637574696E672066726F6D20615A
:108DF80064647265737320307800202043465352B0
:108E08003A200009284941434356494F4C292049F3
:108E18006E737472756374696F6E204163636573F2
:108E2800732056696F6C6174696F6E00092844413C
:108E3800434356494F4C2920446174612041636380
:108E48006573732056696F6C6174696F6E000928C9
:108E58004D554E53544B45525229204D656D4D6129
:108E68006E6765204661756C74206F6E20556E7351
:108E78007461636B696E670009284D53544B455202
:108E88005229204D656D4D616E6765204661756C90
:108E980074206F6E20737461636B696E67000928B4
:108EA8004D4C535045525229204D656D4D616E67AA
:108EB80065204661756C74206F6E204650204C61A9
:108EC8007A792053746174650009284D4D415256D2
:108ED800414C4944292041636365737365642041AB
:108EE8006464726573733A2030780020286E756C5C
:108EF8006C707472290D0A092020436865636B2021
:108F0800636F646520617420307800202D207665B9
:108F18007279206C696B656C7920612062756721B4
:108F28000D0A09202052756E202261646472326C29
:108F3800696E65202D65206D79736B657463682E85
:108F4800696E6F2E656C66203078002220666F721D
:108F58002066696C656E616D652026206C696E659A
:108F6800206E756D6265722E002028537461636BE4
:108F78002070726F626C656D290D0A0920204368A4
:108F880065636B20666F7220737461636B206F7604
:108F98006572666C6F77732C2061727261792062DA
:108FA8006F756E64732C206574632E00092849421E
:108FB80055534552522920496E737472756374690A
:108FC8006F6E20427573204572726F7200092850C7
:108FD80052454349534552522920446174612062E5
:108FE8007573206572726F7220286164647265738C
:108FF8007320696E204246415229000928494D5084
:1090080052454349534552522920446174612062B4
:109018007573206572726F72206275742061646462
:1090280072657373206E6F742072656C6174656409
:1090380020746F20696E737472756374696F6E0043
:109048000928554E53544B455252292042757320D6
:109058004661756C74206F6E20756E737461636BF6
:10906800696E6720666F7220612072657475726E12
:109078002066726F6D20657863657074696F6E0025
:10908800092853544B455252292042757320466192
:10909800756C74206F6E20737461636B696E6720E2
:1090A800666F7220657863657074696F6E20656E8F
:1090B8007472790009284C53504552522920427540
:1090C80073204661756C74206F6E204650206C6169
:1090D8007A7920737461746520707265736572762D
:1090E8006174696F6E0009284246415256414C49E5
:1090F8004429204163636573736564204164647225
:109108006573733A203078000928554E444546491E
:109118004E5354522920556E646566696E65642005
:10912800696E737472756374696F6E000928494EAD
:109138005653544154452920496E737472756374AB
:10914800696F6E206D616B657320696C6C65676112
:109158006C20757365206F662045505352000928AE
:10916800494E5650432920557361676520666175DD
:109178006C743A20696E76616C6964204558435F67
:1091880052455455524E0009284E4F435029204EFF
:109198006F20436F70726F636573736F7200092875
:1091A800554E414C49474E45442920556E616C69DE
:1091B800676E6564206163636573732055736167C7
:1091C800654661756C7400092844495642595A45E8
:1091D800524F2920446976696465206279207A654E
:1091E800726F002020485453523A200009285645EF
:1091F800435454424C2920427573204661756C745F
:10920800206F6E20566563205461626C652052653C
:109218006164000928464F524345442920466F722D
:109228006365642048617264204661756C7400202F
:109238002054656D706572617475726520696E730E
:109248006964652074686520636869702077617354
:10925800200020C2B04300202053746172747570DE
:109268002043505520636C6F636B20737065656491
:1092780020697320004D487A004E6F204372617355
:1092880068204461746120546F205265706F727455
:10929800002020486F706566756C6C7920616C6C75
:1092A8002069732077656C6C2C2062757420636567
:1092B800727461696E207479706573206F662063BB
:1092C8007261736865732063616E2774206265201C
:1092D8007265706F727465643A0009737475636BB4
:1092E80020696E20616E20696E66696E69746520FA
:1092F8006C6F6F702028746563686E6963616C6C4D
:10930800792C206861726477617265207374696C66
:109318006C2072756E6E696E672070726F70657200
:109328006C7929000972656D61696E696E672069DB
:109338006E2061206C6F7720706F77657220736C78
:10934800656570206D6F646500096163636573739B
:1093580020746F206365727461696E20706572692C
:1093680070686572616C7320776974686F757420B2
:10937800746865697220636C6F636B20656E6162E7
:109388006C6564202865672C20466C6578494F29F0
:1093980000096368616E6765206F66204350552039
:1093A8006F722062757320636C6F636B20737065D6
:1093B800656420776974686F757420757365206FAC
:1093C8006620676C697463686C657373206D757863
:1093D8000020205265626F6F74207761732063618B
:1093E80075736564206279206175746F2072656297
:1093F8006F6F74206166746572206661756C742085
:109408006F722062616420696E746572727570741F
:109418002064657465637465640020205265626F1A
:109428006F74207761732063617573656420627956
:1094380020736F667477617265207772697465202E
:10944800746F205343425F4149524352206F722048
:10945800435055206C6F636B757000202052656215
:109468006F6F742077617320636175736564206220
:1094780079207365637572697479206D6F6E69748C
:109488006F720020205265626F6F742077617320BD
:1094980063617573656420627920706F77657220E7
:1094A8006F6E2F6F666620627574746F6E00202071
:1094B8005265626F6F74207761732063617573659D
:1094C80064206279207761746368646F6720312053
:1094D8006F7220320020205265626F6F74207761AE
:1094E8007320636175736564206279204A5441472B
:1094F80020626F756E64617279207363616E0020FB
:10950800205265626F6F7420776173206361757391
:109518006564206279204A54414720646562756712
:109528000020205265626F6F742077617320636139
:1095380075736564206279207761746368646F6706
:1095480020330020205265626F6F7420776173208A
:109558006361757365642062792074656D706572E6
:1095680061747572652073656E736F720050616EF9
:1095780069632054656D702045786365656465642A
:10958800205368757474696E6720446F776E004362
:10959800616E20626520636175736564206279205D
:1095A8004F766572636C6F636B696E6720772F6F98
:1095B800204865617473696E6B206F72206F7468E0
:1095C800657220756E6B6E6F776E20726561736F52
:1095D8006E00202042726561646372756D6220239B
:1095E8000020283078006E616E00696E66006F7624
:1095F800660044657669636520697320746F6F201F
:10960800736D616C6C0D0A0057726974696E67201E
:10961800464154200057726974696E6720757063FB
:10962800617365207461626C650D0A005772697414
:10963800696E6720726F6F740D0A00466F726D61F4
:109648007420646F6E650D0A00466F726D61742038
:109658006661696C65640D0A0042616420636C751B
:109668007374657220636F756E740D0A00436172BE
:109678006420697320746F6F20736D616C6C2E0D9C
:109688000A00466F726D617420446F6E650D0A00A2
:10969800466F726D6174204661696C65640D0A00DD
:1096A8005245454E54206D616C6C6F632073756331
:1096B800636565646564002F646174612F6A656E13
:1096C8006B696E732F776F726B73706163652F4769
:1096D8004E552D746F6F6C636861696E2F61726D82
:1096E8002D31352F7372632F6E65776C69622D6328
:1096F800796777696E2F6E65776C69622F6C69621E
:10970800632F737472696E672F737472746F6B2E24
:1097180063002C2066756E6374696F6E3A20006171
:109728007373657274696F6E2022257322206661D7
:10973800696C65643A2066696C6520222573222C61
:10974800206C696E65202564257325730A002F64D3
:109758006174612F6A656E6B696E732F776F726BB8
:1097680073706163652F474E552D746F6F6C636816
:1097780061696E2F61726D2D31352F7372632F6E93
:1097880065776C69622D63796777696E2F6E657787
:109798006C69622F6C6962632F7374646C69622FE1
:1097A8006D707265632E630042616C6C6F63207329
:1097B800756363656564656400232D302B2000683C
:1097C8006C4C0065666745464700303132333435A6
:1097D8003637383961626364656600496E66696E5A
:1097E800697479004E614E002F646174612F6A6557
:1097F8006E6B696E732F776F726B73706163652F11
:10980800474E552D746F6F6C636861696E2F617276
:109818006D2D31352F7372632F6E65776C69622DEC
:1098280063796777696E2F6E65776C69622F6C69EB
:1098380062632F7374646C69622F64746F612E6342
:10984800005450495401100000000000FF0000FFC0
:109858004500FFFF0000C80000FFFF0000FFFF00F9
:10986800FFDC6464000000000000787878000000E5
:1098780000FF46FF32320000000000B4003CDC006C
:10988800B4FF00C87800DC0078FF00FFDC00FF8C24
:1098980000000000000000FFFFFF000000FF282874
:1098A800FF00B40000000023D17800FFB400DCFF03
:1098B80066BFFF0050FF3636FF6A00FFD900000080
:1098C80000000000787878000000B80049870000A0
:1098D8007800000000780078780078007878782898
:1098E8002828783C007878001F1C1F1E1F1E1F1F89
:1098F8001E1F1E1F000102030405060B0D0E07089C
:10990800FDFFFEFEFFFD00FE01FF02000301040251
:10991800060E012020020005001C202020081A2025
:109928001C20201E0206021814030A05010A000260
:109938001C141A1C1F001F1A08140C1205181416E0
:109948001A090504020A1801160E060A0C08020371
:109958001402020E0412050E0E0E0E12120E120E34
:10996800080404000C000C040408000F010203049E
:10997800050607080B0D0E0002040507090B000277
:10998800030507080A05060C0D14151B1C00040521
:109998000300030400000503040503000400050296
:1099A800060003050400050304000205060002047E
:1099B8000507090B0002030507080A00020405074A
:1099C800090B0002030507080A0102050607080B30
:1099D800000804100C100C0804000020202020208F
:1099E8002020202028282828282020202020202047
:1099F8002020202020202020202020881010101037
:109A0800101010101010101010101004040404048A
:109A180004040404041010101010101041414141B6
:109A2800414101010101010101010101010101019E
:109A380001010101010110101010101042424242B0
:109A4800424202020202020202020202020202026E
:109A58000202020202021010101020000000000092
:109A680000000000000000000000000000000000EE
:109A780000000000000000000000000000000000DE
:109A880000000000000000000000000000000000CE
:109A980000000000000000000000000000000000BE
:109AA80000000000000000000000000000000000AE
:109AB800000000000000000000000000000000009E
:109AC800000000000000000000000000000000008E
:109AD8000000000000000000000000000303030372
:109AE800030303030000040004040007080C0B062A
:109AF800050F000D0E0102838407080C0B06050FE5
:109B0800000D0E01028384FFFFFFFFFFFFFFFFFF31
:109B1800FF8182090A00000000000000804F024116
:109B2800F82600200029DE07007B9A1700000000B5
:109B3800010000000A0000000A0000000100000007
:109B4800010000000000000000000000010000000B
:109B580002000000000000000000000000000000FB
:109B680000000000000000000000000000000000ED
:109B780000000000010000001000000001000000CB
:109B880000003A40FC8E0160000000000000000068
:109B980000000000000000000000000000000000BD
:109BA80000000000000000000000000000000000AD
:109BB800000000000000000000000000000000009D
:109BC800000000000000000000000000000000008D
:109BD80000C039408C8E01600000000000000000C9
:109BE800000000000000000000000000000000006D
:109BF800000000000000000000000000000000005D
:109C0800000000000000000000000000000000004C
:109C1800000000000000000000000000000000003C
:109C2800A8760020D0760020F876002064E3FE7045
:109C38002CE3FE70F4E2FE70BCE2FE7084E2FE707B
:109C48004CE2FE70207700205877002090770020A3
:109C58007427002000000000E80300000000000056
:109C68001028002000000000E803000000000000A9
:109C7800004019407C570020000000000E5C0320C3
:109C8800CE5B032000000000000000002800000058
:109C98004000000028000000400000000000000014
:109CA80000000000000000000000000000000000AC
:109CB800000000000000000000000000000000009C
:109CC800DC1BFF709C10FF705C05FF701CFAFE70B7
:109CD800DCEEFE709CE3FE703428FF70FC27FF70FA
:109CE800C427FF708C27FF705427FF701C27FF7054
:109CF800542FFF70C42DFF70342CFF70A42AFF70FE
:109D08001429FF709435FF700434FF707432FF70AB
:109D1800E430FF70102A002000000000E803000073
:109D28000000000000003F400C90016000000000AF
:109D3800000000000000000000000000000000001B
:109D4800000000000000000000000000000000000B
:109D580000000000000000000000000000000000FB
:109D680000000000000000000000000000000000EB
:109D780000000000000000000000000000000000DB
:109D880000000000000000000000000000000000CB
:109D980000000000000000000000000000000000BB
:109DA80000000000000000000000000000000000AB
:109DB800000000000000000000000000000000009B
:109DC800000000000000000000000000000000008B
:109DD800000000000000000000000000000000007B
:109DE800000000000000000000000000000000006B
:109DF800000000000000000000000000000000005B
:109E0800000000000000000000000000000000004A
:109E1800000000000000000000000000000000003A
:109E2800000000000000000000000000000000002A
:109E3800000000000000000000000000000000001A
:109E4800000000000000000000000000000000000A
:109E580000000000102A002000000000E8030000B5
:109E68000000000000803F40BC8F0160000000003F
:109E780000000000000000000000000000000000DA
:109E880000000000000000000000000000000000CA
:109E980000000000000000000000000000000000BA
:109EA80000000000000000000000000000000000AA
:109EB800000000000000000000000000000000009A
:109EC800000000000000000000000000000000008A
:109ED800000000000000000000000000000000007A
:109EE800000000000000000000000000000000006A
:109EF800000000000000000000000000000000005A
:109F08000000000000000000000000000000000049
:109F18000000000000000000000000000000000039
:109F28000000000000000000000000000000000029
:109F38000000000000000000000000000000000019
:109F48000000000000000000000000000000000009
:109F580000000000000000000000000000000000F9
:109F680000000000000000000000000000000000E9
:109F780000000000000000000000000000000000D9
:109F880000000000000000000000000000000000C9
:109F980000000000102A002000000000E803000074
:109FA8000000000000C03F406C8F0160000000000E
:109FB8000000000000000000000000000000000099
:109FC8000000000000000000000000000000000089
:109FD8000000000000000000000000000000000079
:109FE8000000000000000000000000000000000069
:109FF8000000000000000000000000000000000059
:10A008000000000000000000000000000000000048
:10A018000000000000000000000000000000000038
:10A028000000000000000000000000000000000028
:10A038000000000000000000000000000000000018
:10A048000000000000000000000000000000000008
:10A0580000000000000000000000000000000000F8
:10A0680000000000000000000000000000000000E8
:10A0780000000000000000000000000000000000D8
:10A0880000000000000000000000000000000000C8
:10A0980000000000000000000000000000000000B8
:10A0A80000000000000000000000000000000000A8
:10A0B8000000000000000000000000000000000098
:10A0C8000000000000000000000000000000000088
:10A0D800000000000429002000000000E803000040
:10A0E8000000000000000000000000000000000068
:10A0F8000000000000000000000000000000000058
:10A108000000000000000000000000000000000047
:10A118000000000000000000000000000000000037
:10A128000000000000000000000000000000000027
:10A138000000000000000000000000000000000017
:10A148000000000000000000000000000000000007
:10A1580000000000000000000000000000000000F7
:10A1680000000000000000000000000000000000E7
:10A1780000000000000000000000000000000000D7
:10A1880000000000000000000000000000000000C7
:10A1980000000000000000000000000000000000B7
:10A1A8000000000000000000FFFFFFFF01000000AA
:10A1B80001000000000000008000000007180000F7
:10A1C8006D0802000000000074C00F400C00000081
:10A1D800220000000100000048851F400100000027
:10A1E800300000000200000048851F400000000009
:10A1F80023000000010000004C851F400100000002
:10A20800FF000000FF000000000000000000000048
:10A2180032024000260018007B000000FFFFFFFF0D
:10A2280000010000FFFFFFFF19FCFFFF19FCFFFF03
:10A238000000803F3F000000FFFFFFFF010000001B
:10A248000100000000000000000000007F00000086
:10A258009B0E70B72DC2B03A1908843B3F7FFA3B7A
:10A268008030333C6B50443CC789113C33B4583A76
:10A27800335B34BC2C88BCBCC299F3BCCD1FD0BCAA
:10A288005E00C5BB655AEB3C1982983D5368FB3D9F
:10A29800980F273EDA9E3E3EDA9E3E3E980F273EB6
:10A2A8005368FB3D1982983D655AEB3C5E00C5BB7F
:10A2B800CD1FD0BCC299F3BC2C88BCBC335B34BC6A
:10A2C80033B4583AC789113C6B50443C8030333C16
:10A2D8003F7FFA3B1908843B2DC2B03A9B0E70B7FA
:10A2E800FFFFFFFFFFFFFFFFFFFFFFFFFFFFFFFF76
:10A2F800FFFFFFFFFFFFFFFFFFFFFFFFFFFFFFFF66
:10A30800FFFFFFFFFFFFFFFFFFFFFFFFFFFFFFFF55
:10A31800FFFFFFFFFFFFFFFFFFFFFFFFFFFFFFFF45
:10A32800FFFFFFFFFFFFFFFF000080BFFFFFFFFFF2
:10A338000000803F000080BFFFFFFFFFFFFFFFFF1F
:10A34800FFFFFFFFFFFFFFFFFEFFFFFFFFFFFFFF16
:10A35800FFFFFFFFFFFFFFFFFFFFFFFFFFFFFFFF05
:10A36800FFFFFFFFFFFFFFFFFFFFFFFFFFFFFFFFF5
:10A37800FFFFFFFFFFFFFFFFFFFFFFFFFFFFFFFFE5
:10A38800FFFFFFFFFFFFFFFFFFFFFFFFFFFFFFFFD5
:10A39800FFFFFFFFFFFFFFFFFFFFFFFFFFFFFFFFC5
:10A3A800FFFFFFFFFFFFFFFFFFFFFFFFFFFFFFFFB5
:10A3B800FFFFFFFFFEFFFFFFFFFFFFFFFFFFFFFFA6
:10A3C8000000803FFEFFFFFFFFFFFFFFFFFFFFFFD3
:10A3D800FFFFFFFFFFFFFFFFFFFFFFFFFFFFFFFF85
:10A3E800FFFFFFFF05000000FFFFFFFFFFFFFFFF6C
:10A3F800FFFFFFFFFFFFFFFFFFFFFFFFFFFFFFFF65
:10A40800FFFFFFFFFFFFFFFFFFFFFFFFFFFFFFFF54
:10A41800FFFFFFFFFFFFFFFFFFFFFFFFFFFFFFFF44
:10A42800FFFFFFFFFFFFFFFFFFFFFFFFFFFFFFFF34
:10A43800FFFFFFFFFFFFFFFFFFFFFFFFFFFFFFFF24
:10A44800FFFFFFFFFFFFFFFFFFFFFFFFFFFFFFFF14
:10A45800FFFFFFFFFFFFFFFFFFFFFFFFFFFFFFFF04
:10A46800FFFFFFFFFFFFFFFFFFFFFFFFFFFFFFFFF4
:10A47800FFFFFFFFFFFFFFFFFFFFFFFFFFFFFFFFE4
:10A48800FFFFFFFFFEFFFFFFFFFFFFFFFFFFFFFFD5
:10A49800FFFFFFFFFFFFFFFFFFFFFFFFFFFFFFFFC4
:10A4A800FFFFFFFFFFFFFFFFFFFFFFFFFFFFFFFFB4
:10A4B800FFFFFFFFFFFFFFFFFFFFFFFFFFFFFFFFA4
:10A4C800FF000000FFFFFFFFFFFFFFFFFFFFFFFF91
:10A4D80001000000FFFFFFFFFFFFFFFFFFFFFFFF7F
:10A4E800FFFFFFFFFFFFFFFFFFFFFFFFFFFFFFFF74
:10A4F800FFFFFFFFFFFFFFFFFFFFFFFFDC0500007F
:10A50800B80B0000E0DF2020000000000000000081
:10A5180003000000C887002000000000C887002052
:10A52800308800209888002000000000000000000B
:10A538000000000000000000000000000000000013
:10A548000000000000000000000000000000000003
:10A5580000000000000000000000000000000000F3
:10A5680000000000D85A002001000000010000008F
:10A5780006000000000000000489002084890020F3
:10A58800A4890020C4890020E4890020048A0020CE
:10A59800248A0020448A00200000000000000000F7
:10A5A80024890020000000004489002064890020DC
:10A5B8000100000001000000000000009C8A00204B
:10A5C8001C8B00203C8B00205C8B00207C8B0020A7
:10A5D8009C8B0020BC8B0020DC8B0020000000003E
:10A5E80000000000BC8A002000000000DC8A002077
:10A5F800FC8A002001000000C05B00200100000070
:10A608000000000000000000000000000100000041
:10A618000100000000000000010000001000000020
:10A6280010000000200000000001000001000000F0
:10A6380010000000200000000100000011001100BF
:10A648000000000000FF00001100110001000000E0
:10A65800348C00206C8C00204C8D0020848D0020D0
:10A66800BC8D0020F48D00202C8E0020648E0020EC
:10A678009C8E00200000000000000000A48C002038
:10A6880000000000DC8C0020148D00206B3D0020B1
:10A69800270000000000000000000000DE3D002050
:10A6A800340000000000000000000000C942002043
:10A6B800310000000000000000000000613D0020A3
:10A6C8000F0000000100000066400020F23D00205D
:10A6D800280000000000000000000000F73D0020F6
:10A6E800290000000000000000000000FC3D0020E0
:10A6F8002A00000000000000000000000F3E0020BB
:10A70800390000000000000000000000063E0020A4
:10A71800300000000000000000000000143E00208F
:10A728003700000000000000000000000B3E002081
:10A73800380000000000000000000000663D002016
:10A7480010000000010000004F430020000000003E
:10A7580080000000000000400000004000000040B1
:10A768000000004000000040000000400000000021
:10A7780000000000000000000000000000000000D1
:10A788000000000000000000200000002000000081
:10A79800200000002000000001000000010000006F
:10A7A8000100000001000000FFFF0000FF00FF00A3
:10A7B80000FFFF0000FF0000000000001CE0FE702A
:10A7C800E4DFFE70ACDFFE7074DFFE703CDFFE700D
:10A7D80004DFFE70CCDEFE7094DEFE700000000028
:10A7E8000000000014E2FE7000000000DCE1FE70D2
:10A7F800A4E1FE7000000000108F002000900020EF
:10A808003C90002078900020B4900020F090002028
:10A818002C9100206891002000000000000000003A
:10A828004C8F002000000000888F0020C48F00207B
:10A83800FFFFFFFF0429002000000000E8030000DC
:10A8480000000000000000000000000024DEFE7090
:10A85800ECDDFE700000000000000000B4DDFE70BA
:10A868007CDDFE7044DDFE700CDDFE700000000033
:10A8780000000000000000000000000000000000D0
:10A888000000000000000000049400204C59012042
:10A898000000000000000000F0BB0120941E022010
:10A8A80038810220DCE302200000000000000000E4
:10A8B800A8F60020000000000000000000000000D2
:10A8C8000800000001000000010000000100000075
:10A8D8000800000000000000000000000000000068
:10A8E800010000000100000000000000000000005E
:10A8F800010000000100000001000000E703000063
:10A90800010000000100000001000000010000003B
:10A9180000FF00000000FF0000000000FF00000032
:10A92800714000200A000000000000000000000044
:10A93800583E002021000000000000000000000038
:10A94800223E00201100000000000000000000006E
:10A958007540002009000000000000000000000011
:10A96800273E002012000000000000000000000048
:10A978002C3E00203600000000000000000000000F
:10A98800493E0020190000000000000000000000FF
:10A99800313E002017000000000000000000000009
:10A9A800363E0020180000000000000000000000F3
:10A9B8007B3E002020000000000000000000000096
:10A9C8003F3E0020260000000000000000000000BC
:10A9D800443E00202F00000000000000000000009E
:10A9E800100000000000000000000000000000004F
:10A9F800010000000100000000000000000000004D
:10AA08000100000001000000FF000000100000002D
:10AA180001000000010000000A0000000100000021
:10AA280000000000000000000000000000FF00001F
:10AA38007940002001000000000000000000000034
:10AA48007441002002000000000000000000000027
:10AA58002843002003000000000000000000000060
:10AA6800F442002005000000000000000000000083
:10AA7800023D00201A000000000000000000000055
:10AA8800193E002013000000000000000000000034
:10AA98007D400020140000000000000000000000BD
:10AAA800903C00201500000000000000000000009D
:10AAB8005B3C0020160000000000000000000000C1
:10AAC8003B3E0020220000000000000000000000C3
:10AAD8000000000080000000643E00200700000025
:10AAE8000000000000000000343D002008000000C5
:10AAF8000000000000000000783C00200D0000006D
:10AB08000000000000000000393D00202C0000007B
:10AB180000000000000000003E3D0020330000005F
:10AB28000000000000000000213D00202D00000072
:10AB38000000000000000000433D0020320000003B
:10AB4800000000000000000002000000FFFFFFFFFF
:10AB580000000000000000000000000000000000ED
:10AB680001000000000000000000000005000000D7
:10AB780010000000000000000000000000000000BD
:10AB8800080000000000000000000000FFFF0000B7
:10AB9800FF00FF00000000000000000000000000AF
:10ABA800000000000000000007000000070000008F
:10ABB8000000000007000000090000000900000074
:10ABC8002000000009000000080000000800000044
:10ABD800200000000800000000FFFF0000FFFF0049
:10ABE80000000000FFFFFF00C05B0020FFFFFFFF29
:10ABF8000000000080000000140000000000803FFA
:10AC08000000803E0000803E0000803E0000803E44
:10AC18000000803E0000803EA20C803F0100000042
:10AC2800FFFFFFFF00000000000000000000000020
:10AC38000000000001000000010000000100000009
:10AC4800640000000A0000000F270000E70300006E
:10AC580000000000000000000000000001000000EB
:10AC68000000FF0000FF0000FF00000000000000DF
:10AC78002F3D002004000000010000006C4000206F
:10AC88009F3C00201E0000000000000000000000A3
:10AC98005D3E00201F0000000000000000000000D2
:10ACA800583D00200B0000000000000000000000DC
:10ACB8005D3D00200C0000000000000000000000C6
:10ACC800000000400000004000000040000000407C
:10ACD8000000004000000040F049020000000000B1
:10ACE800000000000000000001000000010000005A
:10ACF8000100000000000000010000000100000049
:10AD080063000000E70300000100000001000000EC
:10AD1800010000000100000000FF00000000FF002B
:10AD280000000000FF00000000000000000000001C
:10AD38000000000001000000000000000100000009
:10AD4800010000000F270000E70300000F270000A4
:10AD5800E703000000000000000000000000000001
:10AD680001000000000000000000000000FF0000DB
:10AD7800FFFFFF00010000000000000000000000CD
:10AD880000000000010000000100000000000000B9
:10AD9800010000001000000010000000200000006A
:10ADA8000001000001000000020000002000000077
:10ADB80001000000000000000000000000FF00008B
:10ADC800000000000000000000000000000000007B
:10ADD8000100000001000000010000000100000067
:10ADE8000100000010000000010000004000000009
:10ADF8000100000001000000010000000100000047
:10AE080000000000FF00FF000000000000FFFF003E
:10AE18000000000000000000000000000100000029
:10AE28000000000000000000010000000100000018
:10AE380007000000200000000100000001000000E1
:10AE4800010000002000000001000000FF00FF00DA
:10AE5800FFFF000000000000FF00FF000000803F2F
:10AE68000000803F0000803F0000803F0000803FDE
:10AE78000000803F0000803F0000803F0000803FCE
:10AE88000000803F0000803F0000803F010000007C
:10AE980000000000000000000000000001000000A9
:10AEA8000100000001000000000000001000000088
:10AEB800050000000B00000010000000100000005A
:10AEC80005000000010000000A0000000044FF0027
:10AED80088FF000088888800FF4400000100000007
:10AEE800504E0320744E0320984E0320BC4E03207E
:10AEF800E04E0320044F0320284F03204C4F03202B
:10AF0800704F03204E3E00201B0000000000000090
:10AF1800000000006C400020350000000000000028
:10AF280000000000533E00201C000000000000004C
:10AF380000000000583E00201D0000000000000036
:10AF480000000000623E0020240000000000000015
:10AF5800000000006B3E00202B00000000000000F5
:10AF680000000000703E00202E00000000000000DD
:10AF780000000000000000000000000000000000C9
:10AF88000B00000000000000000000002800000086
:10AF98001E000000FC000000010000002C01000061
:10AFA8000B0000000000000000000000640000002A
:10AFB80000000000000000000044FF00FFFF000048
:10AFC800FFFFFFFFFFFFFFFFFFFFFFFFFFFFFFFF89
:10AFD800FFFFFFFFFFFFFFFFFFFFFFFFFFFFFFFF79
:10AFE8006400640064006400640064006400640039
:10AFF80064006400640064006E00E803E803E8038A
:10B00800E803E803E8036400640064006400640083
:10B018006400640064006400640064006400060066
:10B028000080008000800080008000800080008018
:10B038000080008000800080008000800080008008
:10B0480064006400640064006400640064006400D8
:10B058006400640064006400010001000C03000047
:10B0680000000000000000000000000000000000D8
:10B078000000010101010101290100000000000098
:10B0880000000000000000000000000000000000B8
:10B0980000000000000000000000000000000000A8
:10B0A80000000000000000000000FFFFFFFFFFFF9E
:10B0B800FFFFFFFFFFFF0301010C0B0B0B0B0B0B3B
:10B0C8000B0B0B01060101FFFFFFFF0101FFFF0151
:10B0D800010101FFFFFFFFFFFFFFFFFFFFFFFFFF72
:10B0E800FFFFFFFFFFFFFFFFFFFF0101010101015C
:10B0F800010101FFFF0112010002EF020140C01629
:10B108008A048002010203010101FFFFFFFF010819
:10B1180008010101FF531E0A0A0A0A01010111115F
:10B1280001646464646464010101010101010502B0
:10B1380003000105020300000000000000000000F9
:10B1480000000000000000000000000000000000F7
:10B1580000000000000000000000000000000000E7
:10B1680000000000000000000000000000000000D7
:10B1780000000000000000000000000000000000C7
:10B1880000000000000000000000000000000000B7
:10B1980000000000000000000000000000000000A7
:10B1A8000000000000000000000000000000000097
:10B1B8000000000000000000000000000000000087
:10B1C8000000000000000000000000000000000077
:10B1D8000000000000000000000000000000000067
:10B1E8000000000000000000000000000000000057
:10B1F8000000000000000000000000000000000047
:10B208000000000000000000000000000000000036
:10B218000000000000000000000000000000000026
:10B228000000000000000000000000000000000016
:10B238000000000000000000000000000000000006
:10B2480000000000000000000000000000000000F6
:10B2580000000000000000000000000000000000E6
:10B2680000000000000000000000000000000000D6
:10B2780000000000000000000000000000000000C6
:10B2880000000000000000000000000000000000B6
:10B2980000000000000000000000000000000000A6
:10B2A8000000000000000000000000000000000096
:10B2B8000000000000000000000000000000000086
:10B2C8000000000000000000000000000000000076
:10B2D8000000000000000000000000000000000066
:10B2E8000000000000000000000000000000000056
:10B2F8000000000000000000000000000000000046
:10B308000000000000000000000000000000000035
:10B318000000000000000000000000000000000025
:10B328000000000000000000000000000000000015
:10B338000000000000000000000000000000000005
:10B3480000000000000000000000000000000000F5
:10B3580000000000000000000000000000000000E5
:10B3680000000000000000000000000000000000D5
:10B3780000000000000000000000000000000000C5
:10B3880000000000000000000000000000000000B5
:10B3980000000000000000000000000000000000A5
:10B3A8000000000000000000000000000000000095
:10B3B8000000000000000000000000000000000085
:10B3C8000000000000000000000000000000000075
:10B3D8000000000000000000000000000000000065
:10B3E8000000000000000000000000000000000055
:10B3F8000000000000000000000000000000000045
:10B408000000000000000000000000000000000034
:10B418000000000000000000000000000000000024
:10B428000000000000000000000000000000000014
:10B438000000000000000000000000000000000004
:10B4480000000000000000000000000000000000F4
:10B4580000000000000000000000000000000000E4
:10B4680000000000000000000000000000000000D4
:10B4780000000000000000000000000000000000C4
:10B4880000000000000000000000000000000000B4
:10B4980000000000000000000000000000000000A4
:10B4A8000000000000000000000000000000000094
:10B4B8000000000000000000000000000000000084
:10B4C8000000000000000000000000000000000074
:10B4D8000000000000000000000000000000000064
:10B4E8000000000000000000000000000000000054
:10B4F8000000000000000000000000000000000044
:10B50800FFFFFFFFFFFFFFFFFFFFFFFFFFFFFFFF43
:10B51800FFFFFFFFFFFFFFFFFFFFFFFFFFFFFFFF33
:10B52800FFFFFFFFFFFFFFFFFFFFFFFFFFFFFFFF23
:10B53800FFFFFFFFFFFFFFFFFFFFFFFFFFFFFFFF13
:10B54800FFFFFFFFFFFFFFFFFFFFFFFFFFFFFFFF03
:10B55800FFFFFFFFFFFFFFFFFFFFFFFFFFFFFFFFF3
:10B56800FFFFFFFFFFFFFFFFFFFFFFFFFFFFFFFFE3
:10B57800FFFFFFFFFFFFFFFFFFFFFFFFFFFFFFFFD3
:10B58800FFFFFFFFFFFFFFFFFFFFFFFFFFFFFFFFC3
:10B59800FFFFFFFFFFFFFFFFFFFFFFFFFFFFFFFFB3
:10B5A800FFFFFFFFFFFFFFFFFFFFFFFFFFFFFFFFA3
:10B5B800FFFFFFFFFFFFFFFFFFFFFFFFFFFFFFFF93
:10B5C800FFFFFFFFFFFFFFFFFFFFFFFFFFFFFFFF83
:10B5D800FFFFFFFFFFFFFFFFFFFFFFFFFFFFFFFF73
:10B5E800FFFFFFFFFFFFFFFFFFFFFFFFFFFFFFFF63
:10B5F800FFFFFFFFFFFFFFFFFFFFFFFFFFFFFFFF53
:10B60800FFFFFFFFFFFFFFFFFFFFFFFFFFFFFFFF42
:10B61800FFFFFFFFFFFFFFFFFFFFFFFFFFFFFFFF32
:10B62800FFFFFFFFFFFFFFFFFFFFFFFFFFFFFFFF22
:10B63800FFFFFFFFFFFFFFFFFFFFFFFFFFFFFFFF12
:10B64800FFFFFFFFFFFFFFFFFFFFFFFFFFFFFFFF02
:10B65800FFFFFFFFFFFFFFFFFFFFFFFFFFFFFFFFF2
:10B66800FFFFFFFFFFFFFFFFFFFFFFFFFFFFFFFFE2
:10B67800FFFFFFFFFFFFFFFFFFFFFFFFFFFFFFFFD2
:10B68800FFFFFFFFFFFFFFFFFFFFFFFFFFFFFFFFC2
:10B69800FFFFFFFFFFFFFFFFFFFFFFFFFFFFFFFFB2
:10B6A800FFFFFFFFFFFFFFFFFFFFFFFFFFFFFFFFA2
:10B6B800FFFFFFFFFFFFFFFFFFFFFFFFFFFFFFFF92
:10B6C800FFFFFFFFFFFFFFFFFFFFFFFFFFFFFFFF82
:10B6D800FFFFFFFFFFFFFFFFFFFFFFFFFFFFFFFF72
:10B6E800FFFFFFFFFFFFFFFFFFFFFFFFFFFFFFFF62
:10B6F800FFFFFFFFFFFFFFFFFFFFFFFFFFFFFFFF52
:10B70800FFFFFFFFFFFFFFFFFFFFFFFFFFFFFFFF41
:10B71800FFFFFFFFFFFFFFFFFFFFFFFFFFFFFFFF31
:10B72800FFFFFFFFFFFFFFFFFFFFFFFFFFFFFFFF21
:10B73800FFFFFFFFFFFFFFFFFFFFFFFFFFFFFFFF11
:10B74800FFFFFFFFFFFFFFFFFFFFFFFFFFFFFFFF01
:10B75800FFFFFFFFFFFFFFFFFFFFFFFFFFFFFFFFF1
:10B76800FFFFFFFFFFFFFFFFFFFFFFFFFFFFFFFFE1
:10B77800FFFFFFFFFFFFFFFFFFFFFFFFFFFFFFFFD1
:10B78800FFFFFFFFFFFFFFFFFFFFFFFFFFFFFFFFC1
:10B79800FFFFFFFFFFFFFFFFFFFFFFFFFFFFFFFFB1
:10B7A800FFFFFFFFFFFFFFFFFFFFFFFFFFFFFFFFA1
:10B7B800FFFFFFFFFFFFFFFFFFFFFFFFFFFFFFFF91
:10B7C800FFFFFFFFFFFFFFFFFFFFFFFFFFFFFFFF81
:10B7D800FFFFFFFFFFFFFFFFFFFFFFFFFFFFFFFF71
:10B7E800FFFFFFFFFFFFFFFFFFFFFFFFFFFFFFFF61
:10B7F800FFFFFFFFFFFFFFFF000000000000000049
:10B808000000000000000000000000000000000030
:10B818000000000000000000000000000000000020
:10B828000000000000000000000000000000000010
:10B838000000000000000000000000000000000000
:10B8480000000000000000000000000000000000F0
:10B8580000000000000000000000000000000000E0
:10B8680000000000000000000000000000000000D0
:10B8780000000000000000000000000000000000C0
:10B8880000000000000000000000000000000000B0
:10B8980000000000000000000000000000000000A0
:10B8A8000000000000000000000000000000000090
:10B8B8000000000000000000000000000000000080
:10B8C8000000000000000000000000000000000070
:10B8D8000000000000000000000000000000000060
:10B8E8000000000000000000000000000000000050
:10B8F8000000000000000000000000000000000040
:10B90800000000000000000000000000000000002F
:10B91800000000000000000000000000000000001F
:10B92800000000000000000000000000000000000F
:10B9380000000000000000000000000000000000FF
:10B9480000000000000000000000000000000000EF
:10B9580000000000000000000000000000000000DF
:10B9680000000000000000000000000000000000CF
:10B9780000000000000000000000000000000000BF
:10B9880000000000000000000000000000000000AF
:10B99800000000000000000000000000000000009F
:10B9A800000000000000000000000000000000008F
:10B9B800000000000000000000000000000000007F
:10B9C800000000000000000000000000000000006F
:10B9D800000000000000000000000000000000005F
:10B9E800000000000000000000000000000000004F
:10B9F800000000000000000000000000000000003F
:10BA0800000000000000000000000000000000002E
:10BA1800000000000000000000000000000000001E
:10BA2800000000000000000000000000000000000E
:10BA380000000000000000000000000000000000FE
:10BA480000000000000000000000000000000000EE
:10BA580000000000000000000000000000000000DE
:10BA680000000000000000000000000000000000CE
:10BA780000000000000000000000000000000000BE
:10BA880000000000000000000000000000000000AE
:10BA9800000000000000000000000000000000009E
:10BAA800000000000000000000000000000000008E
:10BAB800000000000000000000000000000000007E
:10BAC800000000000000000000000000000000006E
:10BAD800000000000000000000000000000000005E
:10BAE800000000000000000000000000000000004E
:10BAF800000000000000000000000000000000003E
:10BB0800000000000000000000000000000000002D
:10BB1800000000000000000000000000000000001D
:10BB2800000000000000000000000000000000000D
:10BB380000000000000000000000000000000000FD
:10BB480000000000000000000000000000000000ED
:10BB580000000000000000000000000000000000DD
:10BB680000000000000000000000000000000000CD
:10BB780000000000000000000000000000000000BD
:10BB880000000000000000000000000000000000AD
:10BB9800000000000000000000000000000000009D
:10BBA800000000000000000000000000000000008D
:10BBB800000000000000000000000000000000007D
:10BBC800000000000000000000000000000000006D
:10BBD800000000000000000000000000000000005D
:10BBE800000000000000000000000000000000004D
:10BBF800000000000000000000000000000000003D
:10BC0800000000000000000000000000000000002C
:10BC1800000000000000000000000000000000001C
:10BC2800000000000000000000000000000000000C
:10BC380000000000000000000000000000000000FC
:10BC480000000000000000000000000000000000EC
:10BC580000000000000000000000000000000000DC
:10BC680000000000000000000000000000000000CC
:10BC780000000000000000000000000000000000BC
:10BC880000000000000000000000000000000000AC
:10BC9800000000000000000000000000000000009C
:10BCA800000000000000000000000000000000008C
:10BCB800000000000000000000000000000000007C
:10BCC800000000000000000000000000000000006C
:10BCD800000000000000000000000000000000005C
:10BCE800000000000000000000000000000000004C
:10BCF800000000000000000000000000000000003C
:10BD0800000000000000000000000000000000002B
:10BD1800000000000000000000000000000000001B
:10BD2800000000000000000000000000000000000B
:10BD380000000000000000000000000000000000FB
:10BD480000000000000000000000000000000000EB
:10BD580000000000000000000000000000000000DB
:10BD680000000000000000000000000000000000CB
:10BD780000000000000000000000000000000000BB
:10BD880000000000000000000000000000000000AB
:10BD9800000000000000000000000000000000009B
:10BDA800000000000000000000000000000000008B
:10BDB800000000000000000000000000000000007B
:10BDC800000000000000000000000000000000006B
:10BDD800000000000000000000000000000000005B
:10BDE800000000000000000000000000000000004B
:10BDF800000000000000000000000000000000003B
:10BE0800000000000000000000000000000000002A
:10BE1800000000000000000000000000000000001A
:10BE2800000000000000000000000000000000000A
:10BE380000000000000000000000000000000000FA
:10BE480000000000000000000000000000000000EA
:10BE580000000000000000000000000000000000DA
:10BE680000000000000000000000000000000000CA
:10BE780000000000000000000000000000000000BA
:10BE880000000000000000000000000000000000AA
:10BE9800000000000000000000000000000000009A
:10BEA800000000000000000000000000000000008A
:10BEB800000000000000000000000000000000007A
:10BEC800000000000000000000000000000000006A
:10BED800000000000000000000000000000000005A
:10BEE800000000000000000000000000000000004A
:10BEF800000000000000000000000000000000003A
:10BF08000000000000000000000000000000000029
:10BF18000000000000000000000000000000000019
:10BF28000000000000000000000000000000000009
:10BF380000000000000000000000000000000000F9
:10BF480000000000000000000000000000000000E9
:10BF580000000000000000000000000000000000D9
:10BF680000000000000000000000000000000000C9
:10BF780000000000000000000000000000000000B9
:10BF880000000000000000000000000000000000A9
:10BF98000000000000000000000000000000000099
:10BFA8000000000000000000000000000000000089
:10BFB8000000000000000000000000000000000079
:10BFC8000000000000000000000000000000000069
:10BFD8000000000000000000000000000000000059
:10BFE8000000000000000000000000000000000049
:10BFF8000000000000000000000000000000000039
:10C008000000000000000000000000000000000028
:10C018000000000000000000000000000000000018
:10C028000000000000000000000000000000000008
:10C0380000000000000000000000000000000000F8
:10C0480000000000000000000000000000000000E8
:10C0580000000000000000000000000000000000D8
:10C0680000000000000000000000000000000000C8
:10C0780000000000000000000000000000000000B8
:10C0880000000000000000000000000000000000A8
:10C098000000000000000000000000000000000098
:10C0A8000000000000000000000000000000000088
:10C0B8000000000000000000000000000000000078
:10C0C8000000000000000000000000000000000068
:10C0D8000000000000000000000000000000000058
:10C0E8000000000000000000000000000000000048
:10C0F8000000000000000000000000000000000038
:10C108000000000000000000000000000000000027
:10C118000000000000000000000000000000000017
:10C128000000000000000000000000000000000007
:10C1380000000000000000000000000000000000F7
:10C1480000000000000000000000000000000000E7
:10C1580000000000000000000000000000000000D7
:10C1680000000000000000000000000000000000C7
:10C1780000000000000000000000000000000000B7
:10C1880000000000000000000000000000000000A7
:10C198000000000000000000000000000000000097
:10C1A8000000000000000000000000000000000087
:10C1B8000000000000000000000000000000000077
:10C1C8000000000000000000000000000000000067
:10C1D8000000000000000000000000000000000057
:10C1E8000000000000000000000000000000000047
:10C1F8000000000000000000000000000000000037
:10C208000000000000000000000000000000000026
:10C218000000000000000000000000000000000016
:10C228000000000000000000000000000000000006
:10C2380000000000000000000000000000000000F6
:10C2480000000000000000000000000000000000E6
:10C2580000000000000000000000000000000000D6
:10C2680000000000000000000000000000000000C6
:10C2780000000000000000000000000000000000B6
:10C2880000000000000000000000000000000000A6
:10C298000000000000000000000000000000000096
:10C2A8000000000000000000000000000000000086
:10C2B8000000000000000000000000000000000076
:10C2C8000000000000000000000000000000000066
:10C2D8000000000000000000000000000000000056
:10C2E8000000000000000000000000000000000046
:10C2F8000000000000000000000000000000000036
:10C308000000000000000000000000000000000025
:10C318000000000000000000000000000000000015
:10C328000000000000000000000000000000000005
:10C3380000000000000000000000000000000000F5
:10C3480000000000000000000000000000000000E5
:10C3580000000000000000000000000000000000D5
:10C3680000000000000000000000000000000000C5
:10C3780000000000000000000000000000000000B5
:10C3880000000000000000000000000000000000A5
:10C398000000000000000000000000000000000095
:10C3A8000000000000000000000000000000000085
:10C3B8000000000000000000000000000000000075
:10C3C8000000000000000000000000000000000065
:10C3D8000000000000000000000000000000000055
:10C3E8000000000000000000000000000000000045
:08C3F80000000000000000003D
:040000056000100087
:00000001FF
